업종코드,업종,연도,자산총계,유형자산,유동자산,재고자산,자본총계,이자비용,부채총계,유동부채,비유동부채,단기차입,장기차입,단기사채,장기사채,자본비율,부채비율,유동부채비율,비유동부채비율,차입의존도
I3101,의약,1994,3626.0,961.0,2247.0,409.0,1194.0,143.0,2432.0,1476.0,956.0,650.0,288.0,0.0,428.0,32.9,203.8,123.6,80.1,114.5
I3101,의약,1995,4366.0,1238.0,2616.0,474.0,1464.0,180.0,2902.0,1794.0,1108.0,772.0,367.0,0.0,461.0,33.5,198.1,122.5,75.6,109.2
I3101,의약,1996,5023.0,1296.0,3092.0,548.0,1647.0,197.0,3376.0,2011.0,1365.0,818.0,459.0,0.0,562.0,32.8,205.0,122.1,82.9,111.6
I3101,의약,1997,5805.0,1480.0,3537.0,649.0,1918.0,316.0,3887.0,2298.0,1580.0,954.0,541.0,0.0,681.0,33.0,202.6,119.8,82.4,113.4
I3101,의약,1998,5987.0,1712.0,3513.0,666.0,2086.0,382.0,3901.0,2068.0,1829.0,962.0,683.0,0.0,684.0,34.8,187.0,99.1,87.7,111.6
I3101,의약,1999,6233.0,1839.0,3639.0,633.0,2545.0,347.0,3688.0,2083.0,1605.0,787.0,518.0,0.0,573.0,40.8,144.9,81.9,63.1,73.8
I3102,반도체,1994,4186.0,2502.0,1432.0,573.0,816.0,185.0,3370.0,1462.0,1908.0,457.0,924.0,0.0,333.0,19.5,413.1,179.2,233.8,210.1
I3102,반도체,1995,5267.0,2540.0,2258.0,770.0,1756.0,251.0,3511.0,1745.0,1766.0,263.0,840.0,0.0,146.0,33.3,200.0,99.4,100.6,71.1
I3102,반도체,1996,7948.0,4266.0,2430.0,1196.0,2053.0,292.0,5895.0,2728.0,3167.0,1056.0,1692.0,0.0,540.0,25.8,287.1,132.9,154.3,160.1
I3102,반도체,1997,13312.0,5993.0,3700.0,1776.0,2028.0,537.0,11284.0,4271.0,7013.0,2455.0,3938.0,0.0,1716.0,15.2,556.5,210.6,345.9,399.9
I3102,반도체,1998,14964.0,8260.0,3198.0,1373.0,3130.0,1180.0,11833.0,4068.0,7758.0,1549.0,3268.0,0.0,3335.0,20.9,378.0,130.0,247.9,260.4
I3102,반도체,1999,24247.0,12396.0,3800.0,1775.0,10042.0,1172.0,14206.0,5770.0,8430.0,762.0,2465.0,0.0,4334.0,41.4,141.5,57.5,84.0,75.3
I3103,디스플레이,1994,146.0,67.0,56.0,23.0,20.0,6.0,126.0,65.0,61.0,27.0,30.0,0.0,5.0,13.5,641.0,330.6,310.4,313.5
I3103,디스플레이,1995,189.0,62.0,62.0,21.0,24.0,8.0,166.0,111.0,55.0,63.0,21.0,0.0,10.0,12.4,703.3,470.3,233.0,397.1
I3103,디스플레이,1996,219.0,59.0,68.0,9.0,31.0,11.0,188.0,140.0,48.0,82.0,16.0,0.0,5.0,14.0,615.8,458.0,157.8,335.9
I3103,디스플레이,1997,309.0,67.0,117.0,10.0,48.0,15.0,261.0,190.0,71.0,106.0,22.0,0.0,22.0,15.5,544.1,396.0,148.1,311.9
I3103,디스플레이,1998,2651.0,1880.0,621.0,129.0,755.0,19.0,1896.0,748.0,1148.0,275.0,402.0,0.0,709.0,28.5,251.2,99.1,152.1,183.7
I3103,디스플레이,1999,3493.0,1961.0,1009.0,133.0,1979.0,147.0,1514.0,714.0,800.0,36.0,207.0,0.0,518.0,56.7,76.5,36.1,40.4,38.4
I3104,컴퓨터,1994,4.0,0.0,4.0,1.0,1.0,0.0,3.0,3.0,0.0,1.0,0.0,0.0,0.0,31.1,221.1,212.4,8.7,69.2
I3104,컴퓨터,1995,14.0,1.0,11.0,4.0,4.0,1.0,10.0,9.0,1.0,1.0,1.0,0.0,0.0,26.2,281.2,244.5,36.7,66.8
I3104,컴퓨터,1996,22.0,2.0,16.0,5.0,5.0,1.0,17.0,14.0,3.0,2.0,3.0,0.0,0.0,21.0,375.5,316.1,59.4,96.9
I3104,컴퓨터,1997,36.0,4.0,29.0,15.0,5.0,1.0,31.0,26.0,5.0,7.0,4.0,0.0,0.0,15.0,565.5,480.3,85.1,217.6
I3104,컴퓨터,1998,34.0,5.0,26.0,11.0,8.0,2.0,26.0,20.0,6.0,8.0,6.0,0.0,0.0,22.5,344.7,260.2,84.4,187.6
I3104,컴퓨터,1999,63.0,10.0,48.0,21.0,26.0,1.0,38.0,33.0,5.0,10.0,4.0,0.0,0.0,40.4,147.3,128.6,18.6,55.5
I3105,통신기기,1994,9509.0,3703.0,4198.0,1237.0,2956.0,330.0,6553.0,3627.0,2925.0,650.0,1540.0,0.0,904.0,31.1,221.7,122.7,99.0,104.7
I3105,통신기기,1995,14087.0,5055.0,6151.0,2235.0,5625.0,396.0,8462.0,3746.0,4716.0,327.0,1433.0,0.0,987.0,39.9,150.5,66.6,83.8,48.8
I3105,통신기기,1996,16567.0,6350.0,6135.0,2374.0,5256.0,432.0,11311.0,3799.0,7512.0,891.0,2744.0,0.0,2108.0,31.7,215.2,72.3,142.9,109.3
I3105,통신기기,1997,24142.0,7426.0,8365.0,2542.0,6169.0,801.0,17973.0,6356.0,11615.0,1495.0,4271.0,0.0,3705.0,25.6,291.3,103.0,188.3,153.5
I3105,통신기기,1998,21969.0,7834.0,6570.0,2074.0,7385.0,1181.0,14584.0,5939.0,8644.0,482.0,2085.0,0.0,4983.0,33.6,197.5,80.4,117.0,102.2
I3105,통신기기,1999,26416.0,10224.0,7171.0,2514.0,14121.0,771.0,12295.0,7363.0,4932.0,194.0,1161.0,0.0,3048.0,53.5,87.1,52.1,34.9,31.2
I3106,가전,1994,1548.0,434.0,932.0,278.0,434.0,53.0,1114.0,716.0,398.0,267.0,104.0,0.0,210.0,28.0,256.9,165.1,91.7,133.8
I3106,가전,1995,1800.0,487.0,1055.0,333.0,532.0,64.0,1267.0,893.0,374.0,355.0,115.0,0.0,147.0,29.6,238.1,167.8,70.3,116.0
I3106,가전,1996,2451.0,641.0,1399.0,516.0,645.0,80.0,1806.0,1259.0,547.0,571.0,157.0,0.0,247.0,26.3,279.9,195.0,84.8,151.0
I3106,가전,1997,2714.0,651.0,1603.0,522.0,492.0,203.0,2222.0,1640.0,581.0,933.0,173.0,0.0,258.0,18.1,451.8,333.5,118.2,277.3
I3106,가전,1998,2550.0,629.0,1511.0,419.0,-6.0,289.0,2556.0,2097.0,458.0,1159.0,214.0,0.0,123.0,-0.2,-43356.6,-35584.2,-7769.7,-25381.6
I3106,가전,1999,2966.0,885.0,1647.0,315.0,-97.0,270.0,3063.0,2496.0,567.0,1173.0,224.0,0.0,199.0,-3.3,-3144.8,-2563.0,-581.8,-1638.6
I3107,정밀기기,1994,580.0,151.0,339.0,82.0,184.0,24.0,396.0,274.0,122.0,103.0,60.0,0.0,18.0,31.7,215.9,149.4,66.5,98.9
I3107,정밀기기,1995,801.0,210.0,458.0,129.0,230.0,33.0,571.0,367.0,203.0,114.0,81.0,0.0,19.0,28.8,247.7,159.5,88.2,92.7
I3107,정밀기기,1996,1041.0,252.0,602.0,152.0,348.0,40.0,693.0,452.0,240.0,135.0,103.0,0.0,20.0,33.5,198.8,129.8,69.0,74.0
I3107,정밀기기,1997,1488.0,297.0,865.0,167.0,553.0,54.0,935.0,586.0,341.0,188.0,146.0,0.0,67.0,37.2,168.9,105.8,61.5,72.5
I3107,정밀기기,1998,1638.0,335.0,930.0,190.0,724.0,86.0,914.0,504.0,405.0,164.0,157.0,0.0,134.0,44.2,126.4,69.7,56.0,62.9
I3107,정밀기기,1999,2369.0,446.0,1075.0,220.0,1312.0,62.0,1057.0,681.0,376.0,158.0,164.0,0.0,93.0,55.4,80.5,51.9,28.6,31.7
I3108,전지,1994,1952.0,717.0,817.0,174.0,789.0,59.0,1163.0,741.0,421.0,246.0,214.0,0.0,45.0,40.4,147.3,93.9,53.4,64.1
I3108,전지,1995,2698.0,948.0,1176.0,245.0,1218.0,83.0,1480.0,747.0,733.0,271.0,321.0,0.0,217.0,45.1,121.5,61.3,60.2,66.4
I3108,전지,1996,3293.0,1278.0,1308.0,298.0,1430.0,105.0,1863.0,970.0,893.0,425.0,351.0,0.0,317.0,43.4,130.3,67.8,62.4,76.4
I3108,전지,1997,4493.0,1838.0,1690.0,324.0,1544.0,128.0,2949.0,1584.0,1362.0,593.0,593.0,0.0,501.0,34.4,191.0,102.6,88.2,109.3
I3108,전지,1998,5051.0,1783.0,2003.0,245.0,2228.0,279.0,2823.0,1201.0,1621.0,399.0,275.0,0.0,1067.0,44.1,126.7,53.9,72.7,78.2
I3108,전지,1999,4738.0,1738.0,1829.0,235.0,2465.0,199.0,2273.0,1420.0,853.0,124.0,200.0,0.0,441.0,52.0,92.2,57.6,34.6,31.0
I3109,항공,1994,1274.0,523.0,500.0,252.0,300.0,53.0,974.0,620.0,354.0,264.0,111.0,0.0,127.0,23.6,324.4,206.4,117.9,167.2
I3109,항공,1995,1721.0,616.0,779.0,410.0,414.0,75.0,1307.0,801.0,506.0,340.0,124.0,0.0,233.0,24.0,316.0,193.8,122.3,168.6
I3109,항공,1996,2071.0,733.0,943.0,501.0,439.0,98.0,1632.0,844.0,788.0,449.0,144.0,0.0,443.0,21.2,371.9,192.4,179.5,236.1
I3109,항공,1997,2382.0,828.0,1020.0,429.0,456.0,149.0,1926.0,1015.0,911.0,604.0,199.0,0.0,443.0,19.1,422.4,222.6,199.8,273.4
I3109,항공,1998,2515.0,1041.0,912.0,280.0,550.0,240.0,1965.0,963.0,1002.0,384.0,151.0,0.0,633.0,21.9,357.6,175.3,182.3,212.6
I3109,항공,1999,3306.0,1384.0,1224.0,331.0,913.0,197.0,2393.0,1756.0,637.0,715.0,280.0,0.0,211.0,27.6,262.0,192.2,69.8,132.0
I3201,석유화학,1994,12212.0,6431.0,4510.0,1188.0,3093.0,550.0,9119.0,4349.0,4771.0,1812.0,2269.0,0.0,1907.0,25.3,294.9,140.6,154.3,193.6
I3201,석유화학,1995,14186.0,7045.0,5509.0,1329.0,3988.0,580.0,10198.0,5712.0,4487.0,2160.0,1970.0,0.0,1704.0,28.1,255.7,143.2,112.5,146.3
I3201,석유화학,1996,16004.0,7900.0,5959.0,1496.0,4388.0,580.0,11616.0,6522.0,5094.0,2543.0,2172.0,0.0,1961.0,27.4,264.7,148.6,116.1,152.1
I3201,석유화학,1997,19323.0,9526.0,7105.0,1708.0,4948.0,861.0,14375.0,7854.0,6518.0,3545.0,3242.0,0.0,2199.0,25.6,290.5,158.7,131.7,181.6
I3201,석유화학,1998,20880.0,11199.0,6882.0,1700.0,6712.0,1309.0,14169.0,7821.0,6336.0,2802.0,2880.0,0.0,2374.0,32.1,211.1,116.5,94.4,120.0
I3201,석유화학,1999,23729.0,12243.0,7685.0,1893.0,9989.0,1113.0,13740.0,8639.0,5100.0,2878.0,2102.0,0.0,1978.0,42.1,137.5,86.5,51.1,69.7
I3202,정밀화학,1994,5697.0,2390.0,2418.0,770.0,1933.0,198.0,3764.0,2389.0,1376.0,1026.0,378.0,0.0,614.0,33.9,194.8,123.6,71.2,104.4
I3202,정밀화학,1995,6875.0,2870.0,2887.0,948.0,2249.0,264.0,4626.0,2985.0,1641.0,1361.0,513.0,0.0,666.0,32.7,205.7,132.7,73.0,113.0
I3202,정밀화학,1996,8257.0,3370.0,3455.0,1131.0,2632.0,310.0,5625.0,3426.0,2199.0,1542.0,705.0,0.0,950.0,31.9,213.7,130.2,83.6,121.5
I3202,정밀화학,1997,9881.0,3741.0,4385.0,1239.0,2808.0,501.0,7073.0,4454.0,2619.0,2079.0,1003.0,0.0,1037.0,28.4,251.9,158.6,93.3,146.7
I3202,정밀화학,1998,11775.0,4982.0,4323.0,1280.0,4062.0,768.0,7713.0,5094.0,2618.0,2405.0,976.0,0.0,1105.0,34.5,189.9,125.4,64.4,110.4
I3202,정밀화학,1999,13266.0,5522.0,4374.0,1529.0,5329.0,639.0,7938.0,4617.0,3321.0,1552.0,1244.0,0.0,1489.0,40.2,149.0,86.6,62.3,80.4
I3203,기타 전자부품,1994,2257.0,795.0,957.0,335.0,767.0,84.0,1489.0,891.0,598.0,361.0,231.0,0.0,186.0,34.0,194.2,116.2,78.0,101.4
I3203,기타 전자부품,1995,3034.0,1085.0,1275.0,454.0,1071.0,101.0,1964.0,1112.0,851.0,408.0,377.0,0.0,234.0,35.3,183.4,103.9,79.5,95.1
I3203,기타 전자부품,1996,3969.0,1642.0,1532.0,519.0,1296.0,130.0,2673.0,1418.0,1255.0,548.0,661.0,0.0,338.0,32.6,206.3,109.5,96.9,119.4
I3203,기타 전자부품,1997,5380.0,2080.0,2180.0,567.0,1502.0,176.0,3879.0,2125.0,1750.0,872.0,891.0,0.0,418.0,27.9,258.3,141.5,116.5,145.3
I3203,기타 전자부품,1998,5781.0,2454.0,2182.0,592.0,2133.0,314.0,3647.0,1883.0,1763.0,563.0,640.0,0.0,793.0,36.9,171.0,88.3,82.6,93.6
I3203,기타 전자부품,1999,7192.0,2784.0,3010.0,672.0,3254.0,255.0,3938.0,2378.0,1559.0,458.0,537.0,0.0,724.0,45.2,121.0,73.1,47.9,52.8
I3204,전기기기,1994,2491.0,658.0,1492.0,289.0,813.0,76.0,1678.0,1210.0,467.0,402.0,150.0,0.0,152.0,32.7,206.2,148.8,57.4,86.5
I3204,전기기기,1995,4254.0,1339.0,2296.0,541.0,1034.0,121.0,3221.0,2301.0,919.0,1011.0,386.0,0.0,281.0,24.3,311.5,222.6,88.9,162.4
I3204,전기기기,1996,4714.0,1451.0,2471.0,552.0,1161.0,204.0,3554.0,2322.0,1231.0,1000.0,399.0,0.0,531.0,24.6,306.2,200.1,106.1,166.2
I3204,전기기기,1997,6030.0,1886.0,3013.0,554.0,1699.0,324.0,4330.0,2797.0,1511.0,1168.0,459.0,0.0,731.0,28.2,254.8,164.6,88.9,138.8
I3204,전기기기,1998,5888.0,2242.0,2696.0,490.0,2018.0,436.0,3870.0,2646.0,1223.0,1009.0,355.0,0.0,561.0,34.3,191.8,131.1,60.6,95.4
I3204,전기기기,1999,6637.0,2042.0,3006.0,459.0,2196.0,501.0,4441.0,2825.0,1616.0,975.0,322.0,0.0,1028.0,33.1,202.2,128.6,73.6,105.9
I3205,일반목적기계,1994,4278.0,1050.0,2708.0,631.0,1333.0,116.0,2945.0,2082.0,863.0,545.0,426.0,0.0,86.0,31.2,220.9,156.1,64.8,79.3
I3205,일반목적기계,1995,5581.0,1337.0,3539.0,916.0,1657.0,158.0,3924.0,2892.0,1032.0,899.0,479.0,0.0,116.0,29.7,236.7,174.5,62.2,90.1
I3205,일반목적기계,1996,6333.0,1548.0,4037.0,867.0,2137.0,184.0,4197.0,2926.0,1270.0,905.0,605.0,0.0,127.0,33.7,196.4,137.0,59.5,76.6
I3205,일반목적기계,1997,7356.0,1792.0,4378.0,873.0,2339.0,236.0,5017.0,3349.0,1665.0,1186.0,887.0,0.0,70.0,31.8,214.6,143.2,71.2,91.7
I3205,일반목적기계,1998,7809.0,2751.0,3962.0,870.0,3249.0,327.0,4560.0,2832.0,1726.0,911.0,740.0,0.0,317.0,41.6,140.3,87.2,53.1,60.6
I3205,일반목적기계,1999,9729.0,3154.0,4820.0,877.0,4197.0,256.0,5532.0,3778.0,1753.0,1379.0,641.0,0.0,401.0,43.1,131.8,90.0,41.8,57.7
I3206,특수목적기계,1994,1677.0,464.0,1039.0,374.0,402.0,72.0,1274.0,868.0,406.0,284.0,232.0,0.0,79.0,24.0,316.9,215.9,101.1,148.1
I3206,특수목적기계,1995,2133.0,571.0,1305.0,458.0,498.0,93.0,1636.0,1102.0,533.0,369.0,330.0,0.0,87.0,23.3,328.7,221.5,107.2,157.8
I3206,특수목적기계,1996,2553.0,667.0,1552.0,550.0,595.0,108.0,1958.0,1302.0,657.0,416.0,357.0,0.0,142.0,23.3,329.4,218.9,110.4,153.8
I3206,특수목적기계,1997,3015.0,787.0,1790.0,557.0,605.0,156.0,2410.0,1646.0,763.0,623.0,421.0,0.0,166.0,20.1,398.4,272.1,126.1,200.0
I3206,특수목적기계,1998,3574.0,1245.0,1881.0,542.0,958.0,212.0,2616.0,1702.0,913.0,739.0,670.0,0.0,71.0,26.8,273.0,177.6,95.3,154.4
I3206,특수목적기계,1999,4236.0,1402.0,2418.0,624.0,1619.0,153.0,2617.0,1551.0,1065.0,366.0,654.0,0.0,81.0,38.2,161.6,95.8,65.8,68.0
I3207,자동차,1994,23440.0,9395.0,10768.0,2376.0,4857.0,865.0,18583.0,11559.0,7024.0,3270.0,2723.0,0.0,2601.0,20.7,382.6,238.0,144.6,176.9
I3207,자동차,1995,27688.0,11202.0,12103.0,2840.0,5701.0,1066.0,21986.0,14554.0,7433.0,4414.0,2820.0,0.0,2713.0,20.6,385.6,255.3,130.4,174.5
I3207,자동차,1996,31243.0,13330.0,12843.0,3049.0,5771.0,1314.0,25472.0,16066.0,9406.0,5365.0,3612.0,0.0,3526.0,18.5,441.4,278.4,163.0,216.6
I3207,자동차,1997,38038.0,15068.0,16523.0,3382.0,5350.0,2033.0,32688.0,17884.0,14797.0,6041.0,7784.0,0.0,4793.0,14.1,610.9,334.2,276.6,348.0
I3207,자동차,1998,35122.0,17910.0,12006.0,2698.0,4688.0,2982.0,30434.0,17925.0,12499.0,3804.0,6442.0,0.0,3886.0,13.3,649.2,382.3,266.6,301.5
I3207,자동차,1999,42566.0,21526.0,13226.0,3112.0,14089.0,2009.0,28477.0,16850.0,11622.0,3371.0,6030.0,0.0,2940.0,33.1,202.1,119.6,82.5,87.6
I3208,철도,1994,16.0,6.0,8.0,3.0,4.0,1.0,12.0,9.0,3.0,2.0,3.0,0.0,0.0,25.9,286.2,216.2,70.0,121.2
I3208,철도,1995,21.0,7.0,11.0,5.0,5.0,1.0,17.0,12.0,5.0,3.0,4.0,0.0,0.0,22.1,351.5,243.9,107.6,158.3
I3208,철도,1996,31.0,9.0,19.0,3.0,7.0,1.0,25.0,17.0,8.0,3.0,6.0,0.0,0.0,21.2,371.9,252.0,119.9,145.6
I3208,철도,1997,38.0,11.0,23.0,7.0,7.0,1.0,31.0,23.0,8.0,4.0,6.0,0.0,0.0,18.9,427.9,313.3,114.6,140.6
I3208,철도,1998,48.0,14.0,30.0,9.0,12.0,1.0,35.0,28.0,7.0,3.0,6.0,0.0,0.0,25.7,289.1,227.9,60.9,70.8
I3208,철도,1999,937.0,487.0,361.0,48.0,198.0,12.0,739.0,528.0,211.0,39.0,10.0,0.0,0.0,21.2,372.6,266.4,106.2,24.6
I3209,기타 수송장비,1994,83.0,13.0,55.0,13.0,31.0,2.0,52.0,27.0,25.0,10.0,2.0,0.0,18.0,37.1,169.9,88.1,81.8,100.8
I3209,기타 수송장비,1995,98.0,43.0,39.0,8.0,52.0,2.0,46.0,32.0,13.0,16.0,4.0,0.0,7.0,53.5,87.0,61.7,25.2,51.5
I3209,기타 수송장비,1996,256.0,123.0,101.0,30.0,81.0,8.0,175.0,100.0,75.0,63.0,0.0,0.0,68.0,31.5,217.5,124.4,93.1,162.3
I3209,기타 수송장비,1997,279.0,124.0,115.0,29.0,61.0,21.0,218.0,166.0,51.0,99.0,16.0,0.0,29.0,22.0,354.9,271.1,83.8,234.6
I3209,기타 수송장비,1998,251.0,115.0,94.0,23.0,34.0,25.0,217.0,38.0,179.0,2.0,173.0,0.0,0.0,13.5,642.0,112.5,529.5,516.7
I3209,기타 수송장비,1999,209.0,76.0,66.0,23.0,-5.0,20.0,214.0,82.0,132.0,4.0,125.0,0.0,0.0,-2.2,-4624.4,-1766.3,-2858.1,-2793.0
I3301,석유정제,1994,7283.0,2537.0,3826.0,852.0,2012.0,236.0,5271.0,4059.0,1212.0,2119.0,467.0,0.0,563.0,27.6,262.0,201.8,60.3,156.5
I3301,석유정제,1995,9280.0,3557.0,4655.0,932.0,2276.0,312.0,7005.0,5053.0,1952.0,2781.0,873.0,0.0,861.0,24.5,307.8,222.1,85.8,198.4
I3301,석유정제,1996,12070.0,4818.0,6157.0,1363.0,2528.0,440.0,9542.0,6902.0,2640.0,3906.0,754.0,0.0,1299.0,20.9,377.4,273.0,104.4,235.7
I3301,석유정제,1997,15906.0,5617.0,8897.0,1827.0,2639.0,628.0,13267.0,9449.0,3818.0,5812.0,1207.0,0.0,2012.0,16.6,502.8,358.1,144.7,342.2
I3301,석유정제,1998,14062.0,7038.0,5763.0,1192.0,4201.0,896.0,9861.0,6592.0,3269.0,3136.0,859.0,0.0,1940.0,29.9,234.7,156.9,77.8,141.3
I3301,석유정제,1999,16301.0,8137.0,6506.0,1301.0,6109.0,692.0,10192.0,7950.0,2242.0,2591.0,678.0,0.0,1291.0,37.5,166.8,130.1,36.7,74.7
I3302,고무,1994,984.0,383.0,383.0,99.0,216.0,52.0,768.0,431.0,337.0,257.0,159.0,0.0,107.0,22.0,355.0,199.1,155.8,241.9
I3302,고무,1995,1030.0,411.0,431.0,136.0,188.0,62.0,842.0,537.0,305.0,270.0,136.0,0.0,90.0,18.3,447.7,285.4,162.2,263.7
I3302,고무,1996,1052.0,412.0,466.0,152.0,134.0,74.0,918.0,662.0,257.0,295.0,130.0,0.0,33.0,12.7,685.9,494.3,191.6,341.2
I3302,고무,1997,1167.0,422.0,547.0,153.0,133.0,96.0,1034.0,748.0,284.0,309.0,155.0,0.0,28.0,11.4,776.9,561.7,213.1,369.9
I3302,고무,1998,1210.0,495.0,518.0,142.0,349.0,56.0,861.0,392.0,468.0,133.0,359.0,0.0,25.0,28.9,246.4,112.3,134.0,148.1
I3302,고무,1999,1322.0,579.0,537.0,113.0,679.0,35.0,643.0,435.0,208.0,139.0,105.0,0.0,8.0,51.3,94.8,64.1,30.7,37.1
I3303,플라스틱,1994,1368.0,653.0,594.0,142.0,396.0,47.0,973.0,603.0,369.0,191.0,178.0,0.0,64.0,28.9,245.8,152.5,93.4,109.5
I3303,플라스틱,1995,1683.0,793.0,736.0,188.0,521.0,65.0,1162.0,726.0,436.0,231.0,220.0,0.0,66.0,31.0,223.1,139.4,83.7,99.2
I3303,플라스틱,1996,1878.0,877.0,777.0,218.0,585.0,69.0,1294.0,800.0,494.0,228.0,274.0,0.0,64.0,31.1,221.3,136.8,84.5,96.8
I3303,플라스틱,1997,2450.0,982.0,1072.0,297.0,822.0,98.0,1628.0,1003.0,624.0,304.0,389.0,0.0,57.0,33.6,198.1,122.1,75.9,91.3
I3303,플라스틱,1998,2596.0,1059.0,1129.0,274.0,1054.0,130.0,1542.0,947.0,594.0,309.0,360.0,0.0,69.0,40.6,146.3,89.8,56.3,70.1
I3303,플라스틱,1999,3928.0,1741.0,1613.0,352.0,1796.0,91.0,2132.0,1241.0,890.0,347.0,649.0,0.0,62.0,45.7,118.7,69.1,49.6,58.9
I3304,유리,1994,583.0,296.0,220.0,68.0,153.0,24.0,430.0,237.0,192.0,75.0,119.0,0.0,28.0,26.3,280.5,154.9,125.6,144.2
I3304,유리,1995,756.0,413.0,253.0,81.0,218.0,30.0,538.0,277.0,262.0,106.0,156.0,0.0,50.0,28.8,246.9,126.9,120.0,142.7
I3304,유리,1996,1005.0,544.0,334.0,136.0,238.0,37.0,768.0,381.0,387.0,137.0,255.0,0.0,53.0,23.6,323.1,160.3,162.7,187.6
I3304,유리,1997,1307.0,659.0,396.0,162.0,215.0,69.0,1092.0,569.0,524.0,214.0,354.0,0.0,84.0,16.4,508.9,265.0,244.0,303.8
I3304,유리,1998,1283.0,765.0,373.0,137.0,438.0,113.0,846.0,471.0,375.0,136.0,177.0,0.0,108.0,34.1,193.3,107.6,85.7,96.3
I3304,유리,1999,1340.0,708.0,497.0,120.0,608.0,62.0,732.0,471.0,261.0,123.0,116.0,0.0,58.0,45.4,120.5,77.5,43.0,48.9
I3305,세라믹,1994,567.0,281.0,205.0,80.0,190.0,21.0,376.0,236.0,140.0,112.0,73.0,0.0,13.0,33.6,197.7,124.1,73.6,103.9
I3305,세라믹,1995,641.0,307.0,246.0,110.0,202.0,26.0,439.0,278.0,160.0,147.0,83.0,0.0,19.0,31.5,217.4,137.9,79.5,123.3
I3305,세라믹,1996,733.0,340.0,284.0,115.0,217.0,31.0,516.0,335.0,181.0,197.0,106.0,0.0,11.0,29.6,237.9,154.6,83.4,144.5
I3305,세라믹,1997,809.0,357.0,328.0,136.0,209.0,43.0,600.0,370.0,229.0,203.0,143.0,0.0,15.0,25.8,287.4,177.4,109.9,172.9
I3305,세라믹,1998,726.0,351.0,258.0,116.0,283.0,54.0,444.0,274.0,169.0,132.0,107.0,0.0,6.0,38.9,157.0,97.0,59.8,86.8
I3305,세라믹,1999,812.0,412.0,259.0,106.0,393.0,27.0,419.0,296.0,123.0,153.0,68.0,0.0,0.0,48.4,106.5,75.2,31.4,56.2
I3306,시멘트,1994,6346.0,3458.0,1767.0,285.0,1845.0,204.0,4501.0,2377.0,2124.0,830.0,681.0,0.0,976.0,29.1,244.0,128.9,115.1,134.8
I3306,시멘트,1995,7685.0,4491.0,1938.0,319.0,2585.0,228.0,5100.0,2729.0,2371.0,1014.0,676.0,0.0,1217.0,33.6,197.3,105.6,91.7,112.4
I3306,시멘트,1996,8449.0,4940.0,2106.0,344.0,2674.0,291.0,5775.0,3201.0,2574.0,1421.0,790.0,0.0,1285.0,31.6,216.0,119.7,96.2,130.7
I3306,시멘트,1997,10140.0,5594.0,2862.0,488.0,2702.0,475.0,7438.0,3911.0,3527.0,1756.0,1209.0,0.0,1809.0,26.6,275.3,144.7,130.5,176.7
I3306,시멘트,1998,12057.0,7389.0,2729.0,454.0,3101.0,822.0,8956.0,4775.0,4180.0,2477.0,1271.0,0.0,2530.0,25.7,288.8,154.0,134.8,202.4
I3306,시멘트,1999,13254.0,8030.0,2998.0,440.0,3830.0,1171.0,9424.0,5259.0,4166.0,2612.0,1209.0,0.0,2308.0,28.9,246.0,137.3,108.8,160.0
I3307,기타비금속,1994,433.0,124.0,242.0,51.0,128.0,19.0,305.0,227.0,79.0,102.0,30.0,0.0,24.0,29.5,239.1,177.6,61.5,122.0
I3307,기타비금속,1995,500.0,151.0,273.0,47.0,143.0,20.0,357.0,259.0,98.0,116.0,36.0,0.0,37.0,28.6,250.2,181.4,68.8,132.1
I3307,기타비금속,1996,600.0,209.0,298.0,58.0,165.0,23.0,435.0,317.0,118.0,166.0,53.0,0.0,38.0,27.4,264.4,192.5,71.9,156.6
I3307,기타비금속,1997,650.0,214.0,330.0,59.0,186.0,39.0,464.0,313.0,151.0,142.0,71.0,0.0,55.0,28.6,249.1,168.2,81.0,143.9
I3307,기타비금속,1998,593.0,232.0,273.0,49.0,200.0,48.0,392.0,214.0,178.0,90.0,86.0,0.0,69.0,33.8,195.5,106.9,88.6,122.1
I3307,기타비금속,1999,582.0,231.0,275.0,56.0,221.0,28.0,361.0,221.0,140.0,83.0,76.0,0.0,41.0,38.0,163.1,99.9,63.2,90.3
I3308,철강,1994,21646.0,10222.0,7741.0,2255.0,7550.0,549.0,14095.0,7433.0,6662.0,2855.0,1676.0,0.0,2856.0,34.9,186.7,98.4,88.2,97.8
I3308,철강,1995,23854.0,11361.0,8893.0,2628.0,8655.0,643.0,15199.0,8278.0,6921.0,2799.0,1516.0,0.0,2991.0,36.3,175.6,95.6,80.0,84.4
I3308,철강,1996,26843.0,13429.0,9664.0,2799.0,9602.0,681.0,17241.0,9562.0,7679.0,3823.0,1585.0,0.0,3336.0,35.8,179.5,99.6,80.0,91.1
I3308,철강,1997,32426.0,16191.0,10152.0,2904.0,10097.0,1278.0,22329.0,11634.0,10638.0,4321.0,2442.0,0.0,4998.0,31.1,221.2,115.2,105.4,116.5
I3308,철강,1998,33936.0,18449.0,10367.0,2553.0,11514.0,1493.0,22422.0,10409.0,11983.0,2745.0,2407.0,0.0,5549.0,33.9,194.7,90.4,104.1,92.9
I3308,철강,1999,34086.0,18702.0,9447.0,2976.0,15223.0,1178.0,18862.0,8556.0,10306.0,1679.0,1747.0,0.0,4696.0,44.7,123.9,56.2,67.7,53.4
I3309,비철금속,1994,1800.0,719.0,891.0,239.0,608.0,64.0,1192.0,699.0,493.0,280.0,204.0,0.0,108.0,33.8,196.2,115.1,81.1,97.2
I3309,비철금속,1995,2084.0,813.0,1016.0,328.0,727.0,83.0,1357.0,814.0,543.0,363.0,227.0,0.0,113.0,34.9,186.7,112.0,74.7,96.8
I3309,비철금속,1996,2565.0,964.0,1286.0,391.0,791.0,97.0,1774.0,1088.0,686.0,562.0,326.0,0.0,134.0,30.8,224.2,137.5,86.7,129.2
I3309,비철금속,1997,3000.0,1145.0,1372.0,449.0,801.0,144.0,2199.0,1305.0,894.0,673.0,532.0,0.0,126.0,26.7,274.5,162.9,111.7,166.2
I3309,비철금속,1998,3490.0,1675.0,1369.0,415.0,1318.0,203.0,2172.0,1223.0,948.0,479.0,618.0,0.0,130.0,37.8,164.8,92.8,71.9,93.1
I3309,비철금속,1999,5521.0,2575.0,1866.0,698.0,2415.0,154.0,3105.0,1779.0,1326.0,890.0,1008.0,0.0,84.0,43.8,128.6,73.7,54.9,82.1
I3310,주조,1994,314.0,111.0,166.0,41.0,90.0,11.0,224.0,120.0,103.0,47.0,44.0,0.0,36.0,28.6,249.8,134.4,115.4,141.8
I3310,주조,1995,418.0,154.0,214.0,66.0,84.0,17.0,334.0,191.0,143.0,58.0,63.0,0.0,22.0,20.1,397.6,227.7,169.9,169.5
I3310,주조,1996,461.0,174.0,236.0,63.0,96.0,20.0,365.0,200.0,165.0,68.0,78.0,0.0,27.0,20.8,381.0,208.7,172.3,181.3
I3310,주조,1997,564.0,206.0,288.0,84.0,113.0,33.0,452.0,243.0,209.0,86.0,111.0,0.0,37.0,19.9,401.3,215.7,185.5,207.8
I3310,주조,1998,628.0,273.0,294.0,72.0,184.0,42.0,444.0,275.0,169.0,99.0,97.0,0.0,25.0,29.3,241.7,149.5,92.2,119.9
I3310,주조,1999,746.0,274.0,347.0,87.0,256.0,30.0,489.0,282.0,208.0,109.0,102.0,0.0,54.0,34.4,191.1,109.9,81.1,103.1
I3311,조립금속,1994,2090.0,791.0,1055.0,327.0,507.0,106.0,1583.0,1109.0,475.0,424.0,218.0,0.0,86.0,24.3,312.2,218.6,93.6,143.6
I3311,조립금속,1995,2572.0,950.0,1333.0,405.0,635.0,132.0,1937.0,1378.0,559.0,471.0,273.0,0.0,87.0,24.7,305.2,217.2,88.0,131.0
I3311,조립금속,1996,3040.0,1110.0,1507.0,456.0,717.0,167.0,2323.0,1631.0,692.0,522.0,346.0,0.0,102.0,23.6,323.9,227.4,96.5,135.2
I3311,조립금속,1997,3462.0,1234.0,1735.0,489.0,702.0,217.0,2760.0,1857.0,903.0,836.0,467.0,0.0,125.0,20.3,393.1,264.4,128.6,203.4
I3311,조립금속,1998,3680.0,1436.0,1745.0,428.0,1325.0,214.0,2354.0,1524.0,829.0,552.0,465.0,0.0,153.0,36.0,177.6,115.0,62.5,88.3
I3311,조립금속,1999,4277.0,1662.0,2040.0,504.0,1432.0,161.0,2845.0,1678.0,1166.0,524.0,526.0,0.0,126.0,33.5,198.6,117.2,81.4,82.1
I3312,조선,1994,4892.0,2460.0,1854.0,363.0,597.0,187.0,4295.0,3132.0,1163.0,1511.0,700.0,0.0,215.0,12.2,719.4,524.7,194.7,406.3
I3312,조선,1995,5409.0,2520.0,2243.0,442.0,1167.0,247.0,4242.0,2788.0,1454.0,1418.0,362.0,0.0,660.0,21.6,363.6,239.0,124.6,209.2
I3312,조선,1996,8464.0,3972.0,3409.0,510.0,518.0,554.0,7946.0,5946.0,2000.0,3728.0,645.0,0.0,836.0,6.1,1532.8,1147.1,385.7,1005.0
I3312,조선,1997,10107.0,4453.0,4468.0,705.0,-144.0,790.0,10251.0,8034.0,2216.0,4893.0,1020.0,0.0,759.0,-1.4,-7118.5,-5579.4,-1539.0,-4633.6
I3312,조선,1998,9869.0,4742.0,4104.0,465.0,1624.0,702.0,8245.0,5373.0,2871.0,2923.0,702.0,0.0,1729.0,16.5,507.7,330.9,176.8,329.6
I3312,조선,1999,9025.0,3978.0,3851.0,538.0,2579.0,499.0,6446.0,3858.0,2588.0,804.0,1303.0,0.0,948.0,28.6,249.9,149.6,100.3,118.5
I3401,음식료,1994,7827.0,2805.0,3888.0,940.0,1566.0,342.0,6260.0,4386.0,1875.0,1916.0,491.0,0.0,646.0,20.0,399.7,280.0,119.7,194.9
I3401,음식료,1995,8873.0,3145.0,4425.0,1070.0,1665.0,442.0,7207.0,5137.0,2070.0,2628.0,532.0,0.0,757.0,18.8,432.8,308.5,124.3,235.2
I3401,음식료,1996,10039.0,3549.0,5010.0,1234.0,1886.0,491.0,8153.0,5928.0,2225.0,2938.0,570.0,0.0,826.0,18.8,432.4,314.3,118.0,229.9
I3401,음식료,1997,12790.0,4669.0,5442.0,1385.0,2510.0,674.0,10280.0,7404.0,2875.0,3943.0,910.0,0.0,968.0,19.6,409.6,295.0,114.6,231.9
I3401,음식료,1998,16419.0,6427.0,6383.0,1611.0,4741.0,1071.0,11679.0,7233.0,4441.0,3252.0,2102.0,0.0,990.0,28.9,246.3,152.6,93.7,133.8
I3401,음식료,1999,17838.0,7052.0,6586.0,1928.0,6697.0,802.0,11140.0,6170.0,4970.0,2092.0,2469.0,0.0,1230.0,37.5,166.3,92.1,74.2,86.5
I3402,담배,1994,3073.0,656.0,2014.0,1368.0,2472.0,0.0,601.0,386.0,215.0,1.0,0.0,0.0,0.0,80.4,24.3,15.6,8.7,0.1
I3402,담배,1995,3505.0,704.0,2407.0,1562.0,2680.0,1.0,824.0,574.0,250.0,1.0,1.0,0.0,0.0,76.5,30.8,21.4,9.3,0.1
I3402,담배,1996,3514.0,753.0,2304.0,1554.0,2685.0,1.0,829.0,417.0,412.0,1.0,1.0,0.0,0.0,76.4,30.9,15.5,15.3,0.1
I3402,담배,1997,3293.0,791.0,2050.0,1570.0,2458.0,1.0,835.0,505.0,329.0,43.0,1.0,0.0,0.0,74.7,33.9,20.6,13.4,1.8
I3402,담배,1998,3449.0,935.0,2012.0,1421.0,2744.0,7.0,705.0,417.0,288.0,16.0,0.0,0.0,0.0,79.6,25.7,15.2,10.5,0.6
I3402,담배,1999,3755.0,932.0,2403.0,1404.0,2892.0,1.0,863.0,835.0,28.0,7.0,0.0,0.0,0.0,77.0,29.9,28.9,1.0,0.3
I3403,섬유,1994,3678.0,1584.0,1734.0,843.0,1505.0,112.0,2173.0,1468.0,705.0,725.0,210.0,0.0,183.0,40.9,144.4,97.5,46.9,74.3
I3403,섬유,1995,4250.0,1746.0,2068.0,1063.0,1580.0,145.0,2669.0,1729.0,941.0,937.0,354.0,0.0,250.0,37.2,168.9,109.4,59.5,97.5
I3403,섬유,1996,4679.0,2235.0,1978.0,817.0,1440.0,165.0,3240.0,2238.0,1002.0,1273.0,351.0,0.0,312.0,30.8,225.0,155.4,69.6,134.5
I3403,섬유,1997,5031.0,2218.0,2291.0,901.0,1228.0,264.0,3804.0,2521.0,1282.0,1393.0,555.0,0.0,411.0,24.4,309.8,205.4,104.4,192.2
I3403,섬유,1998,5277.0,2320.0,2398.0,854.0,1565.0,248.0,3713.0,2037.0,1671.0,790.0,1191.0,0.0,117.0,29.6,237.3,130.2,106.8,134.1
I3403,섬유,1999,5881.0,2538.0,2760.0,912.0,2259.0,221.0,3622.0,2217.0,1404.0,792.0,878.0,0.0,135.0,38.4,160.3,98.1,62.1,79.9
I3404,의류,1994,1652.0,359.0,1084.0,340.0,583.0,43.0,1069.0,759.0,310.0,184.0,69.0,0.0,168.0,35.3,183.4,130.1,53.2,72.1
I3404,의류,1995,2253.0,466.0,1525.0,467.0,718.0,62.0,1534.0,1142.0,392.0,339.0,74.0,0.0,216.0,31.9,213.6,159.0,54.6,87.5
I3404,의류,1996,2797.0,600.0,1787.0,586.0,879.0,79.0,1918.0,1322.0,596.0,380.0,140.0,0.0,297.0,31.4,218.3,150.5,67.8,93.1
I3404,의류,1997,3399.0,692.0,2263.0,748.0,932.0,160.0,2467.0,1853.0,611.0,634.0,163.0,0.0,256.0,27.4,264.5,198.8,65.5,112.9
I3404,의류,1998,3052.0,781.0,1712.0,495.0,120.0,234.0,2932.0,1576.0,1355.0,611.0,509.0,0.0,110.0,3.9,2439.6,1311.2,1126.9,1023.2
I3404,의류,1999,3722.0,1022.0,2062.0,557.0,1050.0,145.0,2672.0,1516.0,1157.0,414.0,254.0,0.0,172.0,28.2,254.6,144.4,110.2,80.1
I3405,가죽신발,1994,783.0,260.0,399.0,175.0,195.0,23.0,587.0,463.0,124.0,163.0,38.0,0.0,30.0,25.0,300.5,236.8,63.7,118.1
I3405,가죽신발,1995,933.0,305.0,481.0,224.0,227.0,28.0,706.0,534.0,172.0,189.0,76.0,0.0,36.0,24.3,311.6,235.7,75.9,132.7
I3405,가죽신발,1996,1202.0,363.0,650.0,234.0,268.0,39.0,934.0,723.0,211.0,242.0,84.0,0.0,58.0,22.3,348.9,270.2,78.8,143.4
I3405,가죽신발,1997,1361.0,379.0,738.0,325.0,268.0,64.0,1093.0,850.0,243.0,358.0,125.0,0.0,53.0,19.7,408.1,317.3,90.7,200.1
I3405,가죽신발,1998,1541.0,575.0,712.0,325.0,434.0,88.0,1107.0,882.0,224.0,345.0,106.0,0.0,60.0,28.2,254.8,203.2,51.6,117.9
I3405,가죽신발,1999,1792.0,653.0,820.0,320.0,492.0,84.0,1299.0,975.0,325.0,283.0,141.0,0.0,108.0,27.5,263.9,197.9,66.0,108.2
I3406,목재,1994,640.0,216.0,341.0,101.0,183.0,28.0,456.0,263.0,194.0,154.0,84.0,0.0,32.0,28.7,248.9,143.3,105.5,147.6
I3406,목재,1995,964.0,420.0,423.0,146.0,254.0,47.0,710.0,378.0,332.0,223.0,190.0,0.0,53.0,26.3,279.8,148.9,130.9,183.6
I3406,목재,1996,1141.0,473.0,521.0,156.0,260.0,68.0,881.0,457.0,424.0,261.0,213.0,0.0,125.0,22.8,338.1,175.3,162.9,229.9
I3406,목재,1997,1242.0,512.0,542.0,181.0,274.0,87.0,968.0,490.0,478.0,279.0,168.0,0.0,165.0,22.1,353.4,178.8,174.5,223.1
I3406,목재,1998,1331.0,735.0,441.0,144.0,487.0,107.0,844.0,482.0,360.0,219.0,161.0,0.0,76.0,36.6,173.2,99.0,73.9,93.5
I3406,목재,1999,1432.0,833.0,465.0,178.0,692.0,73.0,741.0,411.0,330.0,184.0,143.0,0.0,106.0,48.3,107.1,59.4,47.7,62.5
I3407,제지,1994,3131.0,1446.0,1368.0,355.0,683.0,169.0,2448.0,1420.0,1028.0,609.0,431.0,0.0,338.0,21.8,358.6,208.0,150.6,201.8
I3407,제지,1995,3978.0,1770.0,1809.0,539.0,1022.0,198.0,2956.0,1716.0,1239.0,731.0,545.0,0.0,428.0,25.7,289.1,167.9,121.2,166.8
I3407,제지,1996,4406.0,1982.0,1919.0,555.0,1179.0,216.0,3227.0,1762.0,1465.0,718.0,596.0,0.0,601.0,26.8,273.7,149.4,124.2,162.4
I3407,제지,1997,5184.0,2307.0,2166.0,567.0,1136.0,319.0,4048.0,2280.0,1767.0,973.0,819.0,0.0,668.0,21.9,356.5,200.8,155.6,216.6
I3407,제지,1998,5216.0,2895.0,1798.0,472.0,1135.0,447.0,4081.0,2487.0,1593.0,1018.0,819.0,0.0,428.0,21.8,359.5,219.1,140.3,199.5
I3407,제지,1999,5925.0,3285.0,2108.0,506.0,1554.0,305.0,4371.0,2395.0,1977.0,953.0,884.0,0.0,409.0,26.2,281.3,154.1,127.2,144.5
I3408,인쇄,1994,137.0,57.0,66.0,7.0,32.0,5.0,105.0,71.0,35.0,21.0,15.0,0.0,6.0,23.2,330.6,222.3,108.3,133.6
I3408,인쇄,1995,180.0,75.0,83.0,11.0,39.0,7.0,141.0,102.0,39.0,29.0,21.0,0.0,1.0,21.6,363.8,263.0,100.9,132.2
I3408,인쇄,1996,246.0,132.0,92.0,13.0,84.0,8.0,162.0,99.0,64.0,28.0,27.0,0.0,16.0,34.1,193.6,117.9,75.7,84.4
I3408,인쇄,1997,310.0,149.0,119.0,15.0,102.0,11.0,208.0,128.0,80.0,35.0,41.0,0.0,15.0,33.0,203.1,124.6,78.5,88.7
I3408,인쇄,1998,324.0,157.0,127.0,15.0,108.0,16.0,216.0,141.0,73.0,37.0,46.0,0.0,0.0,33.4,199.8,130.8,67.9,76.8
I3408,인쇄,1999,444.0,223.0,187.0,16.0,175.0,13.0,270.0,169.0,100.0,38.0,49.0,0.0,14.0,39.4,154.1,96.6,57.3,57.7
I3409,가구,1994,573.0,170.0,332.0,101.0,38.0,22.0,534.0,261.0,274.0,44.0,81.0,0.0,87.0,6.6,1406.2,686.3,719.9,557.6
I3409,가구,1995,680.0,201.0,389.0,109.0,62.0,27.0,618.0,362.0,256.0,56.0,86.0,0.0,57.0,9.1,996.2,583.0,413.3,319.6
I3409,가구,1996,772.0,235.0,413.0,120.0,113.0,32.0,659.0,375.0,284.0,65.0,89.0,0.0,68.0,14.6,584.8,333.0,251.8,196.9
I3409,가구,1997,844.0,260.0,459.0,119.0,121.0,38.0,723.0,428.0,295.0,105.0,89.0,0.0,60.0,14.4,595.5,352.6,242.9,209.9
I3409,가구,1998,911.0,298.0,493.0,134.0,196.0,48.0,715.0,484.0,231.0,113.0,63.0,0.0,38.0,21.5,364.8,246.9,117.9,109.3
I3409,가구,1999,1215.0,399.0,665.0,157.0,396.0,44.0,819.0,549.0,270.0,111.0,69.0,0.0,94.0,32.6,207.0,138.8,68.2,69.4
I3410,기타 제조업,1994,876.0,278.0,432.0,167.0,221.0,38.0,655.0,425.0,230.0,256.0,98.0,0.0,51.0,25.2,296.3,192.1,104.2,183.4
I3410,기타 제조업,1995,955.0,308.0,490.0,195.0,238.0,48.0,716.0,499.0,218.0,304.0,59.0,0.0,43.0,25.0,300.4,209.1,91.3,170.2
I3410,기타 제조업,1996,872.0,331.0,405.0,179.0,104.0,58.0,768.0,488.0,280.0,314.0,134.0,0.0,50.0,11.9,737.3,468.5,268.7,477.2
I3410,기타 제조업,1997,1022.0,340.0,502.0,190.0,131.0,57.0,891.0,506.0,381.0,301.0,226.0,0.0,57.0,12.8,679.0,386.0,290.4,445.5
I3410,기타 제조업,1998,1070.0,446.0,487.0,167.0,173.0,62.0,897.0,348.0,546.0,168.0,170.0,0.0,13.0,16.2,518.0,200.7,315.4,202.4
I3410,기타 제조업,1999,1262.0,549.0,536.0,185.0,432.0,53.0,829.0,272.0,557.0,94.0,260.0,0.0,32.0,34.3,191.8,62.9,128.9,89.3
I3101,의약,2000,6692.0,1986.0,3862.0,687.0,3250.0,257.0,3442.0,1990.0,1452.0,742.0,410.0,0.0,560.0,48.6,105.9,61.2,44.7,52.7
I3101,의약,2001,7001.0,2108.0,4063.0,760.0,3744.0,224.0,3257.0,2182.0,1074.0,733.0,308.0,0.0,417.0,53.5,87.0,58.3,28.7,38.9
I3101,의약,2002,7046.0,2108.0,4045.0,838.0,3964.0,153.0,3082.0,2104.0,978.0,832.0,322.0,0.0,330.0,56.3,77.7,53.1,24.7,37.4
I3101,의약,2003,7386.0,2178.0,4161.0,899.0,4338.0,130.0,3048.0,2145.0,903.0,882.0,295.0,0.0,257.0,58.7,70.3,49.5,20.8,33.1
I3101,의약,2004,8089.0,2403.0,4482.0,1017.0,4848.0,115.0,3240.0,2354.0,886.0,955.0,299.0,0.0,204.0,59.9,66.8,48.6,18.3,30.1
I3101,의약,2005,9377.0,2736.0,5225.0,1084.0,5690.0,104.0,3686.0,2503.0,1183.0,914.0,411.0,0.0,336.0,60.7,64.8,44.0,20.8,29.2
I3101,의약,2006,10765.0,3257.0,5753.0,1190.0,6618.0,118.0,4147.0,2694.0,1453.0,971.0,519.0,0.0,390.0,61.5,62.7,40.7,22.0,28.4
I3101,의약,2007,12182.0,3599.0,6304.0,1328.0,7629.0,135.0,4553.0,3099.0,1453.0,984.0,579.0,10.0,289.0,62.6,59.7,40.6,19.1,24.4
I3101,의약,2008,13653.0,4355.0,7159.0,1795.0,8309.0,173.0,5344.0,3816.0,1528.0,1458.0,767.0,3.0,219.0,60.9,64.3,45.9,18.4,29.4
I3101,의약,2009,16150.0,5032.0,8396.0,2130.0,9980.0,191.0,6170.0,4246.0,1924.0,1561.0,853.0,10.0,444.0,61.8,61.8,42.5,19.3,28.7
I3102,반도체,2000,23414.0,13035.0,3686.0,1492.0,8398.0,1340.0,15015.0,10222.0,4793.0,1004.0,2329.0,0.0,1703.0,35.9,178.8,121.7,57.1,60.0
I3102,반도체,2001,17317.0,9421.0,2623.0,733.0,7233.0,1136.0,10084.0,3435.0,6648.0,718.0,1995.0,0.0,3772.0,41.8,139.4,47.5,91.9,89.7
I3102,반도체,2002,14305.0,7474.0,2855.0,861.0,6447.0,589.0,7858.0,2805.0,5054.0,760.0,1942.0,0.0,2348.0,45.1,121.9,43.5,78.4,78.3
I3102,반도체,2003,12295.0,6585.0,3244.0,889.0,4716.0,382.0,7580.0,2932.0,4647.0,857.0,1661.0,0.0,2228.0,38.4,160.7,62.2,98.6,100.6
I3102,반도체,2004,14019.0,7114.0,4421.0,1019.0,6755.0,330.0,7263.0,3398.0,3865.0,716.0,1079.0,0.0,2055.0,48.2,107.5,50.3,57.2,57.0
I3102,반도체,2005,16636.0,8821.0,5325.0,1128.0,8786.0,304.0,7849.0,3769.0,4080.0,821.0,1460.0,0.0,1454.0,52.8,89.3,42.9,46.4,42.5
I3102,반도체,2006,20757.0,10653.0,7090.0,1291.0,11842.0,317.0,8915.0,4631.0,4285.0,601.0,1435.0,0.0,1644.0,57.0,75.3,39.1,36.2,31.1
I3102,반도체,2007,25164.0,14130.0,6835.0,1542.0,13369.0,390.0,11795.0,5611.0,6184.0,957.0,3159.0,40.0,1952.0,53.1,88.2,42.0,46.3,45.7
I3102,반도체,2008,24588.0,13764.0,5529.0,1785.0,9556.0,598.0,15032.0,7736.0,7296.0,2093.0,3419.0,15.0,2830.0,38.9,157.3,81.0,76.4,87.5
I3102,반도체,2009,25295.0,12007.0,8304.0,1815.0,10873.0,650.0,14422.0,7883.0,6539.0,1675.0,2909.0,116.0,2618.0,43.0,132.6,72.5,60.1,67.3
I3103,디스플레이,2000,3858.0,2724.0,669.0,326.0,2149.0,36.0,1710.0,1334.0,376.0,18.0,303.0,0.0,39.0,55.7,79.6,62.1,17.5,16.7
I3103,디스플레이,2001,4421.0,3237.0,650.0,242.0,1931.0,80.0,2489.0,1053.0,1436.0,45.0,139.0,0.0,1253.0,43.7,128.9,54.5,74.4,74.4
I3103,디스플레이,2002,5240.0,3591.0,1118.0,421.0,2303.0,67.0,2937.0,1334.0,1603.0,111.0,91.0,0.0,1466.0,44.0,127.5,57.9,69.6,72.4
I3103,디스플레이,2003,7908.0,4741.0,2578.0,423.0,3664.0,107.0,4244.0,2542.0,1702.0,152.0,417.0,0.0,1188.0,46.3,115.8,69.4,46.4,47.9
I3103,디스플레이,2004,11326.0,7216.0,3397.0,606.0,6542.0,68.0,4785.0,2464.0,2321.0,142.0,491.0,0.0,1722.0,57.8,73.1,37.7,35.5,36.0
I3103,디스플레이,2005,15140.0,9964.0,4082.0,633.0,8502.0,141.0,6638.0,3378.0,3260.0,201.0,534.0,0.0,2593.0,56.2,78.1,39.7,38.3,39.1
I3103,디스플레이,2006,15072.0,9963.0,3573.0,887.0,7703.0,221.0,7369.0,3676.0,3693.0,173.0,993.0,0.0,2510.0,51.1,95.7,47.7,47.9,47.7
I3103,디스플레이,2007,15669.0,7767.0,6565.0,820.0,9450.0,242.0,6220.0,2938.0,3282.0,181.0,934.0,0.0,2012.0,60.3,65.8,31.1,34.7,33.1
I3103,디스플레이,2008,19031.0,9389.0,7284.0,1009.0,10770.0,147.0,8261.0,4923.0,3338.0,165.0,1185.0,0.0,1599.0,56.6,76.7,45.7,31.0,27.4
I3103,디스플레이,2009,21710.0,9648.0,9131.0,1446.0,11664.0,150.0,10046.0,6701.0,3344.0,751.0,1383.0,0.0,815.0,53.7,86.1,57.4,28.7,25.3
I3104,컴퓨터,2000,94.0,15.0,70.0,24.0,41.0,1.0,53.0,46.0,7.0,13.0,2.0,0.0,2.0,44.0,127.3,111.4,15.9,42.0
I3104,컴퓨터,2001,146.0,20.0,112.0,34.0,70.0,1.0,75.0,66.0,9.0,20.0,5.0,0.0,1.0,48.3,106.8,93.9,12.9,36.5
I3104,컴퓨터,2002,204.0,39.0,150.0,39.0,101.0,2.0,102.0,84.0,18.0,22.0,9.0,0.0,1.0,49.8,101.0,83.0,17.9,31.9
I3104,컴퓨터,2003,275.0,61.0,181.0,49.0,120.0,5.0,154.0,113.0,41.0,30.0,11.0,0.0,9.0,43.7,128.6,94.1,34.6,41.6
I3104,컴퓨터,2004,305.0,73.0,203.0,55.0,146.0,5.0,159.0,117.0,42.0,34.0,11.0,0.0,11.0,47.7,109.6,80.5,29.0,38.5
I3104,컴퓨터,2005,352.0,84.0,237.0,74.0,172.0,5.0,180.0,147.0,33.0,43.0,12.0,0.0,3.0,48.9,104.3,85.1,19.2,33.5
I3104,컴퓨터,2006,444.0,101.0,313.0,86.0,251.0,6.0,193.0,158.0,35.0,55.0,19.0,0.0,2.0,56.6,76.8,63.0,13.8,30.2
I3104,컴퓨터,2007,518.0,130.0,326.0,90.0,294.0,6.0,224.0,167.0,57.0,56.0,41.0,0.0,2.0,56.8,76.0,56.7,19.4,33.7
I3104,컴퓨터,2008,581.0,147.0,360.0,109.0,292.0,8.0,289.0,213.0,76.0,91.0,57.0,0.0,2.0,50.3,99.0,72.9,26.0,51.3
I3104,컴퓨터,2009,645.0,163.0,387.0,109.0,350.0,10.0,294.0,212.0,82.0,106.0,58.0,0.0,4.0,54.4,84.0,60.6,23.4,48.0
I3105,통신기기,2000,29727.0,13001.0,9420.0,3255.0,17443.0,400.0,12285.0,9576.0,2708.0,291.0,904.0,0.0,1332.0,58.7,70.4,54.9,15.5,14.5
I3105,통신기기,2001,30777.0,13973.0,8288.0,2368.0,20732.0,300.0,10045.0,7410.0,2635.0,436.0,392.0,0.0,1763.0,67.4,48.5,35.7,12.7,12.5
I3105,통신기기,2002,47472.0,17866.0,16670.0,3862.0,28758.0,342.0,18714.0,14206.0,4508.0,428.0,232.0,0.0,3406.0,60.6,65.1,49.4,15.7,14.1
I3105,통신기기,2003,53500.0,21061.0,19049.0,4409.0,34376.0,359.0,19124.0,15483.0,3641.0,766.0,237.0,0.0,2550.0,64.3,55.6,45.0,10.6,10.3
I3105,통신기기,2004,60496.0,24230.0,20081.0,5315.0,41268.0,312.0,19228.0,14938.0,4290.0,607.0,540.0,0.0,2708.0,68.2,46.6,36.2,10.4,9.3
I3105,통신기기,2005,68620.0,29855.0,20498.0,4867.0,47941.0,293.0,20679.0,14973.0,5706.0,494.0,935.0,0.0,1709.0,69.9,43.1,31.2,11.9,6.5
I3105,통신기기,2006,75700.0,34305.0,20410.0,4956.0,53758.0,270.0,21942.0,16185.0,5758.0,567.0,1211.0,0.0,976.0,71.0,40.8,30.1,10.7,5.1
I3105,통신기기,2007,84742.0,35153.0,22283.0,4966.0,61525.0,246.0,23217.0,17301.0,5916.0,653.0,574.0,5.0,1522.0,72.6,37.7,28.1,9.6,4.5
I3105,통신기기,2008,95906.0,36559.0,25510.0,5399.0,69355.0,248.0,26551.0,20093.0,6458.0,1226.0,803.0,4.0,1791.0,72.3,38.3,29.0,9.3,5.5
I3105,통신기기,2009,114380.0,34018.0,38169.0,5176.0,80280.0,340.0,34100.0,27161.0,6939.0,1170.0,1105.0,7.0,1576.0,70.2,42.5,33.8,8.6,4.8
I3106,가전,2000,3270.0,967.0,1869.0,413.0,1169.0,104.0,2101.0,1173.0,929.0,202.0,594.0,0.0,148.0,35.8,179.7,100.3,79.4,80.8
I3106,가전,2001,3543.0,1032.0,2054.0,426.0,1316.0,98.0,2226.0,1256.0,970.0,229.0,733.0,0.0,77.0,37.2,169.1,95.4,73.7,78.9
I3106,가전,2002,3666.0,1066.0,2099.0,450.0,1568.0,91.0,2098.0,1372.0,726.0,270.0,527.0,0.0,41.0,42.8,133.8,87.5,46.3,53.4
I3106,가전,2003,4019.0,1118.0,2337.0,467.0,1826.0,83.0,2194.0,1385.0,809.0,267.0,521.0,0.0,132.0,45.4,120.2,75.9,44.3,50.4
I3106,가전,2004,4098.0,1148.0,2366.0,505.0,1926.0,79.0,2172.0,1500.0,672.0,348.0,505.0,0.0,20.0,47.0,112.7,77.9,34.9,45.3
I3106,가전,2005,4781.0,1229.0,2622.0,488.0,2555.0,73.0,2226.0,1451.0,775.0,340.0,589.0,0.0,50.0,53.4,87.1,56.8,30.3,38.3
I3106,가전,2006,5383.0,1457.0,2959.0,515.0,3053.0,79.0,2330.0,1566.0,765.0,438.0,426.0,0.0,182.0,56.7,76.3,51.3,25.1,34.3
I3106,가전,2007,5454.0,1593.0,2904.0,571.0,3213.0,65.0,2241.0,1599.0,641.0,449.0,397.0,1.0,68.0,58.9,69.7,49.8,20.0,28.5
I3106,가전,2008,5929.0,1812.0,2975.0,688.0,3382.0,77.0,2547.0,1821.0,726.0,640.0,426.0,0.0,54.0,57.0,75.3,53.9,21.5,33.1
I3106,가전,2009,7274.0,2063.0,3839.0,725.0,4167.0,77.0,3107.0,2440.0,667.0,852.0,387.0,1.0,16.0,57.3,74.6,58.5,16.0,30.1
I3107,정밀기기,2000,2484.0,596.0,1358.0,333.0,1273.0,63.0,1211.0,798.0,413.0,202.0,173.0,0.0,128.0,51.3,95.1,62.7,32.4,39.5
I3107,정밀기기,2001,2440.0,653.0,1356.0,340.0,1114.0,62.0,1326.0,931.0,395.0,263.0,184.0,0.0,98.0,45.6,119.1,83.6,35.5,48.9
I3107,정밀기기,2002,2419.0,638.0,1355.0,342.0,1227.0,39.0,1191.0,764.0,427.0,250.0,183.0,0.0,40.0,50.7,97.1,62.3,34.8,38.5
I3107,정밀기기,2003,2809.0,723.0,1583.0,382.0,1451.0,43.0,1359.0,956.0,402.0,298.0,205.0,0.0,32.0,51.6,93.7,65.9,27.7,36.9
I3107,정밀기기,2004,3291.0,847.0,1892.0,492.0,1761.0,48.0,1530.0,1099.0,431.0,358.0,221.0,0.0,43.0,53.5,86.9,62.4,24.5,35.3
I3107,정밀기기,2005,3836.0,963.0,2217.0,505.0,2118.0,44.0,1718.0,1258.0,460.0,384.0,239.0,0.0,43.0,55.2,81.1,59.4,21.7,31.5
I3107,정밀기기,2006,4537.0,1193.0,2489.0,576.0,2479.0,50.0,2058.0,1445.0,613.0,508.0,363.0,0.0,88.0,54.6,83.0,58.3,24.7,38.7
I3107,정밀기기,2007,5512.0,1435.0,2967.0,713.0,3036.0,69.0,2476.0,1751.0,725.0,631.0,443.0,1.0,106.0,55.1,81.6,57.7,23.9,38.9
I3107,정밀기기,2008,6639.0,1912.0,3427.0,812.0,3456.0,98.0,3183.0,2332.0,851.0,960.0,525.0,1.0,93.0,52.1,92.1,67.5,24.6,45.7
I3107,정밀기기,2009,7081.0,2015.0,3594.0,793.0,3918.0,109.0,3164.0,2321.0,842.0,989.0,532.0,30.0,79.0,55.3,80.8,59.2,21.5,41.6
I3108,전지,2000,4921.0,1959.0,1830.0,291.0,2860.0,82.0,2061.0,1742.0,319.0,113.0,171.0,0.0,15.0,58.1,72.0,60.9,11.1,10.5
I3108,전지,2001,5088.0,2139.0,1540.0,300.0,3461.0,45.0,1627.0,1053.0,574.0,122.0,60.0,0.0,366.0,68.0,47.0,30.4,16.6,15.8
I3108,전지,2002,5486.0,1784.0,2100.0,354.0,3833.0,31.0,1653.0,1025.0,628.0,103.0,42.0,0.0,377.0,69.9,43.1,26.7,16.4,13.6
I3108,전지,2003,6371.0,2101.0,2315.0,489.0,4522.0,24.0,1850.0,1434.0,416.0,102.0,144.0,0.0,32.0,71.0,40.9,31.7,9.2,6.1
I3108,전지,2004,6781.0,2630.0,1923.0,616.0,5024.0,12.0,1757.0,1212.0,546.0,99.0,125.0,0.0,233.0,74.1,35.0,24.1,10.9,9.1
I3108,전지,2005,7102.0,2548.0,2390.0,598.0,5440.0,20.0,1662.0,1182.0,481.0,165.0,35.0,0.0,218.0,76.6,30.6,21.7,8.8,7.7
I3108,전지,2006,7727.0,3151.0,2274.0,576.0,5559.0,12.0,2168.0,1623.0,545.0,136.0,118.0,0.0,211.0,71.9,39.0,29.2,9.8,8.4
I3108,전지,2007,7998.0,2994.0,2243.0,557.0,5519.0,18.0,2479.0,1302.0,1177.0,175.0,381.0,0.0,410.0,69.0,44.9,23.6,21.3,17.5
I3108,전지,2008,7689.0,2165.0,2531.0,495.0,5691.0,33.0,1998.0,1171.0,826.0,96.0,333.0,0.0,273.0,74.0,35.1,20.6,14.5,12.3
I3108,전지,2009,8650.0,1935.0,3192.0,504.0,6373.0,36.0,2277.0,1645.0,632.0,177.0,153.0,10.0,202.0,73.7,35.7,25.8,9.9,8.5
I3109,항공,2000,3281.0,1330.0,1157.0,386.0,776.0,238.0,2505.0,1492.0,1013.0,626.0,271.0,0.0,616.0,23.6,323.0,192.4,130.6,195.1
I3109,항공,2001,3207.0,1200.0,1285.0,533.0,827.0,167.0,2379.0,1103.0,1277.0,175.0,605.0,0.0,554.0,25.8,287.6,133.3,154.3,161.4
I3109,항공,2002,3240.0,1131.0,1405.0,467.0,880.0,135.0,2361.0,1129.0,1232.0,113.0,713.0,0.0,349.0,27.1,268.3,128.3,140.0,133.5
I3109,항공,2003,3101.0,1077.0,1435.0,305.0,937.0,104.0,2165.0,1032.0,1133.0,63.0,581.0,0.0,372.0,30.2,231.1,110.2,120.9,108.5
I3109,항공,2004,3118.0,1037.0,1485.0,314.0,994.0,71.0,2124.0,1245.0,880.0,145.0,545.0,0.0,159.0,31.9,213.8,125.3,88.5,85.5
I3109,항공,2005,3244.0,1037.0,1659.0,349.0,1067.0,64.0,2177.0,1259.0,918.0,154.0,505.0,0.0,239.0,32.9,204.0,118.0,86.0,84.1
I3109,항공,2006,3204.0,1075.0,1419.0,475.0,1326.0,107.0,1878.0,1200.0,678.0,116.0,272.0,0.0,169.0,41.4,141.6,90.5,51.1,42.1
I3109,항공,2007,3229.0,1040.0,1427.0,518.0,1525.0,33.0,1704.0,1152.0,552.0,30.0,271.0,0.0,0.0,47.2,111.7,75.5,36.2,19.7
I3109,항공,2008,3791.0,1181.0,1822.0,674.0,1660.0,26.0,2131.0,1573.0,558.0,270.0,275.0,0.0,3.0,43.8,128.3,94.7,33.6,33.0
I3109,항공,2009,4109.0,1234.0,2031.0,677.0,1783.0,41.0,2327.0,1443.0,883.0,83.0,266.0,0.0,306.0,43.4,130.5,81.0,49.6,36.8
I3201,석유화학,2000,23387.0,11724.0,7346.0,1887.0,10447.0,963.0,12940.0,7775.0,5165.0,2657.0,2264.0,0.0,2087.0,44.7,123.9,74.4,49.4,67.1
I3201,석유화학,2001,28212.0,15069.0,8091.0,2240.0,12376.0,929.0,15837.0,9169.0,6668.0,2536.0,2277.0,0.0,3573.0,43.9,128.0,74.1,53.9,67.8
I3201,석유화학,2002,28316.0,14754.0,8351.0,2284.0,12972.0,734.0,15345.0,9454.0,5891.0,2438.0,2286.0,0.0,2520.0,45.8,118.3,72.9,45.4,55.8
I3201,석유화학,2003,31617.0,14934.0,9814.0,2506.0,15430.0,603.0,16187.0,10126.0,6061.0,2569.0,2335.0,0.0,2609.0,48.8,104.9,65.6,39.3,48.7
I3201,석유화학,2004,35156.0,14683.0,12078.0,3481.0,18418.0,526.0,16737.0,10628.0,6110.0,2546.0,1861.0,0.0,2844.0,52.4,90.9,57.7,33.2,39.4
I3201,석유화학,2005,36754.0,14743.0,13043.0,4214.0,20675.0,457.0,16079.0,11023.0,5057.0,2514.0,1505.0,0.0,2116.0,56.3,77.8,53.3,24.5,29.7
I3201,석유화학,2006,39104.0,16020.0,14420.0,4562.0,22499.0,451.0,16604.0,11162.0,5442.0,2408.0,1516.0,0.0,2296.0,57.5,73.8,49.6,24.2,27.6
I3201,석유화학,2007,45644.0,18203.0,17869.0,5789.0,26399.0,496.0,19245.0,12150.0,7095.0,2500.0,2336.0,63.0,2898.0,57.8,72.9,46.0,26.9,29.5
I3201,석유화학,2008,52754.0,20495.0,21881.0,7106.0,28443.0,663.0,24311.0,15495.0,8816.0,4744.0,3156.0,215.0,3102.0,53.9,85.5,54.5,31.0,39.4
I3201,석유화학,2009,59405.0,23448.0,24993.0,6638.0,33915.0,701.0,25490.0,16705.0,8785.0,3009.0,2875.0,332.0,3043.0,57.1,75.2,49.3,25.9,27.3
I3202,정밀화학,2000,14951.0,6506.0,5158.0,1831.0,6140.0,564.0,8811.0,5914.0,2897.0,2090.0,865.0,0.0,1390.0,41.1,143.5,96.3,47.2,70.8
I3202,정밀화학,2001,16126.0,7244.0,5643.0,2040.0,6422.0,567.0,9704.0,6367.0,3338.0,1692.0,963.0,0.0,1692.0,39.8,151.1,99.1,52.0,67.7
I3202,정밀화학,2002,15665.0,6768.0,5511.0,1802.0,6743.0,474.0,8922.0,5884.0,3038.0,1954.0,818.0,0.0,1459.0,43.0,132.3,87.3,45.1,62.7
I3202,정밀화학,2003,17170.0,6985.0,6066.0,1916.0,8136.0,391.0,9034.0,6152.0,2882.0,2325.0,662.0,0.0,1394.0,47.4,111.0,75.6,35.4,53.8
I3202,정밀화학,2004,19111.0,7113.0,7001.0,2307.0,9363.0,366.0,9747.0,6530.0,3217.0,2439.0,749.0,0.0,1763.0,49.0,104.1,69.7,34.4,52.9
I3202,정밀화학,2005,21677.0,7980.0,8273.0,2463.0,10775.0,338.0,10902.0,6804.0,4098.0,2399.0,952.0,0.0,1953.0,49.7,101.2,63.1,38.0,49.2
I3202,정밀화학,2006,25946.0,8554.0,9354.0,2877.0,12927.0,369.0,13019.0,8355.0,4664.0,3267.0,1162.0,0.0,1910.0,49.8,100.7,64.6,36.1,49.0
I3202,정밀화학,2007,30661.0,8843.0,10470.0,3059.0,15780.0,412.0,14882.0,8415.0,6467.0,2832.0,1647.0,39.0,2638.0,51.5,94.3,53.3,41.0,45.3
I3202,정밀화학,2008,33827.0,10349.0,11563.0,3896.0,16926.0,563.0,16900.0,10477.0,6423.0,4426.0,2154.0,8.0,2502.0,50.0,99.8,61.9,37.9,53.7
I3202,정밀화학,2009,36561.0,11896.0,12485.0,3806.0,19290.0,587.0,17271.0,11298.0,5973.0,3698.0,1782.0,221.0,2248.0,52.8,89.5,58.6,31.0,41.2
I3203,기타 전자부품,2000,8835.0,3411.0,3580.0,897.0,4311.0,235.0,4523.0,3098.0,1426.0,651.0,610.0,0.0,545.0,48.8,104.9,71.8,33.1,41.9
I3203,기타 전자부품,2001,9317.0,3573.0,3601.0,857.0,4867.0,223.0,4450.0,2886.0,1564.0,660.0,598.0,0.0,714.0,52.2,91.4,59.3,32.1,40.5
I3203,기타 전자부품,2002,9765.0,3602.0,4011.0,841.0,5317.0,171.0,4448.0,3114.0,1334.0,809.0,532.0,0.0,500.0,54.4,83.7,58.6,25.1,34.6
I3203,기타 전자부품,2003,10380.0,3829.0,4489.0,945.0,5630.0,143.0,4750.0,3579.0,1171.0,861.0,578.0,0.0,253.0,54.2,84.4,63.6,20.8,30.1
I3203,기타 전자부품,2004,10932.0,4242.0,4556.0,1121.0,6150.0,131.0,4782.0,3133.0,1649.0,968.0,809.0,0.0,469.0,56.3,77.8,50.9,26.8,36.5
I3203,기타 전자부품,2005,12062.0,4461.0,5106.0,1223.0,6824.0,140.0,5238.0,3570.0,1668.0,1025.0,996.0,0.0,261.0,56.6,76.8,52.3,24.4,33.4
I3203,기타 전자부품,2006,13726.0,4977.0,5797.0,1303.0,7554.0,162.0,6172.0,4443.0,1730.0,1355.0,1121.0,0.0,131.0,55.0,81.7,58.8,22.9,34.5
I3203,기타 전자부품,2007,15235.0,5072.0,6663.0,1476.0,8380.0,192.0,6855.0,4662.0,2193.0,1525.0,1559.0,4.0,100.0,55.0,81.8,55.6,26.2,38.0
I3203,기타 전자부품,2008,17356.0,5566.0,7644.0,1689.0,9628.0,239.0,7728.0,5407.0,2321.0,1961.0,1586.0,12.0,95.0,55.5,80.3,56.2,24.1,37.9
I3203,기타 전자부품,2009,21713.0,6658.0,9867.0,1803.0,11749.0,260.0,9964.0,7443.0,2521.0,2523.0,1135.0,19.0,710.0,54.1,84.8,63.4,21.5,37.3
I3204,전기기기,2000,5964.0,2142.0,2787.0,587.0,2193.0,370.0,3772.0,2482.0,1289.0,986.0,335.0,0.0,768.0,36.8,172.0,113.2,58.8,95.3
I3204,전기기기,2001,6342.0,2300.0,3145.0,629.0,2666.0,221.0,3676.0,2516.0,1159.0,816.0,394.0,0.0,609.0,42.0,137.9,94.4,43.5,68.2
I3204,전기기기,2002,6489.0,2335.0,3167.0,704.0,2937.0,174.0,3553.0,2409.0,1144.0,996.0,390.0,0.0,587.0,45.3,121.0,82.0,38.9,67.2
I3204,전기기기,2003,7057.0,2502.0,3422.0,809.0,3268.0,165.0,3789.0,2581.0,1208.0,1037.0,429.0,0.0,594.0,46.3,115.9,79.0,37.0,63.0
I3204,전기기기,2004,7501.0,2507.0,3835.0,943.0,3660.0,160.0,3841.0,2746.0,1095.0,1050.0,364.0,0.0,541.0,48.8,104.9,75.0,29.9,53.4
I3204,전기기기,2005,8364.0,2492.0,4582.0,1112.0,4359.0,138.0,4005.0,2790.0,1215.0,918.0,400.0,0.0,571.0,52.1,91.9,64.0,27.9,43.3
I3204,전기기기,2006,9435.0,2613.0,5458.0,1168.0,4882.0,143.0,4553.0,3342.0,1212.0,1062.0,580.0,0.0,372.0,51.7,93.3,68.5,24.8,41.3
I3204,전기기기,2007,11673.0,2792.0,6468.0,1318.0,5581.0,166.0,6092.0,4421.0,1671.0,1942.0,642.0,0.0,782.0,47.8,109.1,79.2,29.9,60.3
I3204,전기기기,2008,17236.0,4313.0,8809.0,1714.0,6653.0,334.0,10583.0,7703.0,2879.0,3238.0,1149.0,0.0,1329.0,38.6,159.1,115.8,43.3,85.9
I3204,전기기기,2009,18603.0,5191.0,9356.0,1863.0,7647.0,441.0,10956.0,7961.0,2995.0,2651.0,1182.0,1.0,1397.0,41.1,143.3,104.1,39.2,68.4
I3205,일반목적기계,2000,9969.0,3357.0,4778.0,957.0,4395.0,250.0,5574.0,3704.0,1870.0,789.0,879.0,0.0,330.0,44.1,126.8,84.3,42.6,45.5
I3205,일반목적기계,2001,10041.0,3447.0,4776.0,1089.0,4701.0,209.0,5340.0,4084.0,1256.0,838.0,628.0,0.0,109.0,46.8,113.6,86.9,26.7,33.5
I3205,일반목적기계,2002,10790.0,3561.0,5414.0,1069.0,5382.0,159.0,5408.0,3899.0,1509.0,965.0,900.0,0.0,75.0,49.9,100.5,72.5,28.0,36.0
I3205,일반목적기계,2003,11861.0,3681.0,5981.0,1194.0,6021.0,127.0,5839.0,4333.0,1506.0,1066.0,893.0,0.0,58.0,50.8,97.0,72.0,25.0,33.5
I3205,일반목적기계,2004,14055.0,3938.0,7651.0,1401.0,6882.0,144.0,7173.0,5542.0,1631.0,1300.0,722.0,0.0,118.0,49.0,104.2,80.5,23.7,31.1
I3205,일반목적기계,2005,16374.0,4223.0,7940.0,1490.0,7345.0,206.0,9029.0,6282.0,2747.0,1739.0,1800.0,0.0,131.0,44.9,122.9,85.5,37.4,50.0
I3205,일반목적기계,2006,19051.0,4837.0,9263.0,1708.0,8253.0,250.0,10798.0,8233.0,2565.0,2173.0,844.0,0.0,788.0,43.3,130.8,99.8,31.1,46.1
I3205,일반목적기계,2007,22705.0,5587.0,10456.0,2032.0,9983.0,285.0,12723.0,8891.0,3832.0,2182.0,1562.0,4.0,1192.0,44.0,127.5,89.1,38.4,49.5
I3205,일반목적기계,2008,33322.0,8339.0,15804.0,2891.0,12356.0,395.0,20966.0,15382.0,5584.0,3767.0,1884.0,2.0,905.0,37.1,169.7,124.5,45.2,53.1
I3205,일반목적기계,2009,32821.0,9065.0,15360.0,2649.0,13515.0,521.0,19306.0,14363.0,4942.0,3769.0,1945.0,232.0,1154.0,41.2,142.8,106.3,36.6,52.5
I3206,특수목적기계,2000,7406.0,2618.0,3982.0,1016.0,2698.0,174.0,4708.0,2648.0,2060.0,557.0,1308.0,0.0,309.0,36.4,174.5,98.1,76.4,80.6
I3206,특수목적기계,2001,7490.0,2716.0,4028.0,917.0,3094.0,231.0,4396.0,2549.0,1847.0,618.0,1442.0,0.0,141.0,41.3,142.1,82.4,59.7,71.2
I3206,특수목적기계,2002,7967.0,2832.0,4422.0,1042.0,3281.0,190.0,4686.0,2931.0,1755.0,773.0,1213.0,0.0,257.0,41.2,142.8,89.3,53.5,68.4
I3206,특수목적기계,2003,9066.0,2984.0,5210.0,1286.0,3860.0,167.0,5207.0,3581.0,1625.0,856.0,1188.0,0.0,154.0,42.6,134.9,92.8,42.1,56.9
I3206,특수목적기계,2004,10806.0,3354.0,6397.0,1820.0,4786.0,155.0,6020.0,4503.0,1517.0,1054.0,1138.0,0.0,77.0,44.3,125.8,94.1,31.7,47.4
I3206,특수목적기계,2005,12183.0,3852.0,6969.0,1841.0,5728.0,155.0,6455.0,4881.0,1574.0,1139.0,1123.0,0.0,76.0,47.0,112.7,85.2,27.5,40.8
I3206,특수목적기계,2006,14117.0,4439.0,7991.0,2128.0,6635.0,166.0,7482.0,5598.0,1883.0,1371.0,1176.0,0.0,276.0,47.0,112.8,84.4,28.4,42.5
I3206,특수목적기계,2007,16645.0,5175.0,8769.0,2320.0,7520.0,214.0,9125.0,6234.0,2891.0,1539.0,2058.0,20.0,317.0,45.2,121.4,82.9,38.4,52.3
I3206,특수목적기계,2008,22368.0,7016.0,11439.0,3190.0,9321.0,328.0,13047.0,9208.0,3839.0,2505.0,2595.0,8.0,258.0,41.7,140.0,98.8,41.2,57.6
I3206,특수목적기계,2009,23137.0,7296.0,11297.0,2741.0,9790.0,440.0,13347.0,9268.0,4079.0,3236.0,2342.0,50.0,853.0,42.3,136.3,94.7,41.7,66.2
I3207,자동차,2000,46566.0,22552.0,15123.0,3728.0,15290.0,1699.0,31277.0,19164.0,12113.0,3440.0,5507.0,0.0,2838.0,32.8,204.6,125.3,79.2,77.1
I3207,자동차,2001,49040.0,22891.0,15631.0,3190.0,19272.0,1542.0,29768.0,17520.0,12247.0,2968.0,4081.0,0.0,4691.0,39.3,154.5,90.9,63.5,60.9
I3207,자동차,2002,57540.0,24831.0,21459.0,3619.0,25267.0,1111.0,32274.0,20188.0,12086.0,3009.0,3005.0,0.0,3449.0,43.9,127.7,79.9,47.8,37.5
I3207,자동차,2003,66338.0,26522.0,25905.0,5116.0,29652.0,841.0,36686.0,23975.0,12711.0,4166.0,3227.0,0.0,2428.0,44.7,123.7,80.9,42.9,33.1
I3207,자동차,2004,72689.0,28794.0,29434.0,5708.0,32940.0,839.0,39750.0,25872.0,13878.0,4260.0,3906.0,0.0,2499.0,45.3,120.7,78.5,42.1,32.4
I3207,자동차,2005,81243.0,32213.0,32501.0,6149.0,37648.0,832.0,43595.0,29493.0,14102.0,4939.0,4299.0,0.0,2747.0,46.3,115.8,78.3,37.5,31.8
I3207,자동차,2006,87065.0,34117.0,34670.0,6849.0,41167.0,943.0,45898.0,31338.0,14560.0,5075.0,3414.0,0.0,3975.0,47.3,111.5,76.1,35.4,30.3
I3207,자동차,2007,95191.0,35432.0,37343.0,7801.0,45718.0,1057.0,49472.0,33472.0,16001.0,5845.0,3851.0,59.0,4108.0,48.0,108.2,73.2,35.0,30.3
I3207,자동차,2008,106720.0,39480.0,40369.0,9160.0,49679.0,1287.0,57041.0,38692.0,18349.0,9864.0,5246.0,55.0,3683.0,46.6,114.8,77.9,36.9,37.9
I3207,자동차,2009,118556.0,40375.0,45223.0,8008.0,58595.0,1509.0,59962.0,42064.0,17898.0,8462.0,4615.0,130.0,4198.0,49.4,102.3,71.8,30.5,29.7
I3208,철도,2000,855.0,514.0,263.0,90.0,212.0,22.0,643.0,444.0,200.0,51.0,30.0,0.0,0.0,24.8,303.8,209.5,94.2,38.3
I3208,철도,2001,1010.0,522.0,409.0,107.0,229.0,21.0,781.0,576.0,205.0,92.0,130.0,0.0,48.0,22.7,341.2,251.5,89.7,117.7
I3208,철도,2002,1237.0,707.0,430.0,85.0,299.0,36.0,938.0,419.0,518.0,81.0,281.0,0.0,190.0,24.2,313.5,140.3,173.3,184.7
I3208,철도,2003,1382.0,717.0,577.0,74.0,376.0,39.0,1006.0,696.0,310.0,228.0,54.0,0.0,183.0,27.2,267.2,184.8,82.4,123.5
I3208,철도,2004,1446.0,727.0,642.0,72.0,324.0,45.0,1123.0,744.0,378.0,259.0,92.0,0.0,230.0,22.4,346.8,229.9,116.9,179.6
I3208,철도,2005,1616.0,698.0,808.0,116.0,361.0,40.0,1255.0,933.0,322.0,138.0,60.0,0.0,199.0,22.3,347.9,258.7,89.2,110.2
I3208,철도,2006,1677.0,641.0,871.0,89.0,521.0,33.0,1157.0,949.0,208.0,90.0,76.0,0.0,50.0,31.0,222.2,182.3,39.9,41.4
I3208,철도,2007,1975.0,650.0,1130.0,131.0,560.0,30.0,1414.0,1146.0,268.0,360.0,88.0,0.0,100.0,28.4,252.3,204.4,47.9,97.7
I3208,철도,2008,3362.0,1291.0,1800.0,281.0,977.0,58.0,2385.0,1732.0,653.0,553.0,165.0,0.0,199.0,29.1,244.2,177.4,66.8,93.9
I3208,철도,2009,3697.0,1369.0,2029.0,251.0,1103.0,68.0,2594.0,1857.0,737.0,373.0,179.0,0.0,357.0,29.8,235.1,168.3,66.8,82.4
I3209,기타 수송장비,2000,148.0,77.0,52.0,17.0,-60.0,20.0,209.0,83.0,126.0,5.0,117.0,0.0,0.0,-40.8,-345.0,-137.2,-207.8,-200.6
I3209,기타 수송장비,2001,172.0,67.0,79.0,21.0,-50.0,21.0,222.0,113.0,109.0,10.0,98.0,0.0,0.0,-29.1,-444.1,-226.6,-217.5,-215.5
I3209,기타 수송장비,2002,207.0,72.0,99.0,21.0,57.0,10.0,150.0,88.0,62.0,15.0,50.0,0.0,0.0,27.7,260.8,153.0,107.8,113.3
I3209,기타 수송장비,2003,202.0,72.0,102.0,22.0,102.0,10.0,100.0,79.0,21.0,20.0,8.0,0.0,0.0,50.4,98.4,77.8,20.5,28.0
I3209,기타 수송장비,2004,209.0,74.0,105.0,26.0,105.0,4.0,104.0,66.0,37.0,28.0,24.0,0.0,0.0,50.4,98.4,62.8,35.6,49.0
I3209,기타 수송장비,2005,241.0,76.0,124.0,30.0,126.0,4.0,115.0,83.0,32.0,44.0,13.0,0.0,6.0,52.2,91.7,66.3,25.4,49.6
I3209,기타 수송장비,2006,265.0,101.0,121.0,36.0,126.0,5.0,140.0,101.0,39.0,58.0,7.0,0.0,15.0,47.3,111.3,80.6,30.8,64.3
I3209,기타 수송장비,2007,285.0,104.0,127.0,38.0,148.0,6.0,138.0,107.0,31.0,55.0,16.0,0.0,0.0,51.7,93.3,72.3,21.0,48.1
I3209,기타 수송장비,2008,371.0,145.0,156.0,44.0,183.0,6.0,188.0,158.0,30.0,81.0,8.0,0.0,0.0,49.4,102.5,86.2,16.3,48.5
I3209,기타 수송장비,2009,392.0,153.0,176.0,47.0,184.0,8.0,207.0,173.0,34.0,77.0,16.0,20.0,0.0,47.0,112.5,94.0,18.6,61.5
I3301,석유정제,2000,16402.0,8327.0,6343.0,1377.0,6011.0,620.0,10391.0,8703.0,1688.0,3606.0,571.0,0.0,915.0,36.6,172.9,144.8,28.1,84.7
I3301,석유정제,2001,15952.0,8205.0,5613.0,1659.0,5877.0,461.0,10075.0,7683.0,2392.0,3815.0,423.0,0.0,1780.0,36.8,171.4,130.7,40.7,102.4
I3301,석유정제,2002,16135.0,8129.0,5905.0,1827.0,6281.0,305.0,9853.0,7130.0,2723.0,2696.0,209.0,0.0,2073.0,38.9,156.9,113.5,43.4,79.3
I3301,석유정제,2003,16911.0,7776.0,7046.0,2810.0,6592.0,279.0,10318.0,7991.0,2327.0,2311.0,151.0,0.0,1938.0,39.0,156.5,121.2,35.3,66.7
I3301,석유정제,2004,17778.0,7589.0,8157.0,2929.0,8549.0,266.0,9229.0,7148.0,2081.0,1928.0,155.0,0.0,1767.0,48.1,108.0,83.6,24.3,45.0
I3301,석유정제,2005,20592.0,7852.0,10601.0,4040.0,9459.0,275.0,11133.0,8763.0,2370.0,2031.0,163.0,0.0,1952.0,45.9,117.7,92.6,25.1,43.8
I3301,석유정제,2006,23037.0,8416.0,12365.0,4199.0,9504.0,353.0,13533.0,10442.0,3091.0,2432.0,792.0,0.0,2024.0,41.3,142.4,109.9,32.5,55.2
I3301,석유정제,2007,46396.0,14415.0,25718.0,8779.0,17946.0,528.0,28451.0,22535.0,5916.0,6720.0,1127.0,0.0,4353.0,38.7,158.5,125.6,33.0,68.0
I3301,석유정제,2008,54373.0,20281.0,28112.0,8098.0,19360.0,1072.0,35013.0,23260.0,11753.0,10364.0,2594.0,0.0,8264.0,35.6,180.9,120.1,60.7,109.6
I3301,석유정제,2009,58782.0,23371.0,28816.0,11771.0,21760.0,1017.0,37022.0,23559.0,13462.0,6830.0,2811.0,0.0,9697.0,37.0,170.1,108.3,61.9,88.9
I3302,고무,2000,1417.0,661.0,573.0,132.0,755.0,29.0,662.0,488.0,174.0,218.0,80.0,0.0,8.0,53.3,87.7,64.6,23.0,40.5
I3302,고무,2001,1523.0,704.0,625.0,148.0,825.0,26.0,698.0,504.0,194.0,237.0,111.0,0.0,1.0,54.2,84.6,61.1,23.5,42.3
I3302,고무,2002,1736.0,752.0,664.0,165.0,915.0,27.0,822.0,594.0,227.0,276.0,135.0,0.0,1.0,52.7,89.8,65.0,24.9,45.0
I3302,고무,2003,3488.0,1866.0,1042.0,283.0,1552.0,49.0,1936.0,1075.0,860.0,435.0,613.0,0.0,1.0,44.5,124.7,69.3,55.4,67.5
I3302,고무,2004,3801.0,1976.0,1145.0,327.0,1714.0,74.0,2087.0,1324.0,763.0,488.0,487.0,0.0,15.0,45.1,121.8,77.3,44.5,57.7
I3302,고무,2005,4565.0,1991.0,1759.0,388.0,2144.0,71.0,2421.0,1366.0,1055.0,580.0,398.0,0.0,413.0,47.0,113.0,63.7,49.2,64.9
I3302,고무,2006,4887.0,1995.0,1587.0,450.0,2129.0,82.0,2757.0,1661.0,1096.0,537.0,440.0,0.0,402.0,43.6,129.5,78.0,51.5,64.8
I3302,고무,2007,5111.0,2008.0,1728.0,458.0,2202.0,104.0,2909.0,1674.0,1235.0,541.0,749.0,0.0,209.0,43.1,132.1,76.0,56.1,68.0
I3302,고무,2008,6143.0,2258.0,2291.0,686.0,2308.0,127.0,3835.0,2698.0,1137.0,899.0,717.0,57.0,125.0,37.6,166.1,116.9,49.2,77.9
I3302,고무,2009,5907.0,2284.0,2266.0,510.0,1829.0,168.0,4078.0,3469.0,609.0,1263.0,290.0,50.0,6.0,31.0,223.0,189.7,33.3,87.9
I3303,플라스틱,2000,4288.0,1958.0,1884.0,459.0,1911.0,111.0,2377.0,1625.0,752.0,567.0,601.0,0.0,10.0,44.6,124.4,85.0,39.4,61.6
I3303,플라스틱,2001,4542.0,2054.0,1951.0,432.0,2137.0,104.0,2405.0,1497.0,908.0,545.0,603.0,0.0,110.0,47.0,112.6,70.1,42.5,58.9
I3303,플라스틱,2002,5116.0,2258.0,2394.0,455.0,2392.0,89.0,2725.0,1853.0,872.0,661.0,551.0,0.0,121.0,46.7,113.9,77.5,36.5,55.7
I3303,플라스틱,2003,5695.0,2506.0,2548.0,523.0,2753.0,85.0,2942.0,2089.0,853.0,748.0,631.0,0.0,32.0,48.3,106.9,75.9,31.0,51.3
I3303,플라스틱,2004,6352.0,2747.0,2892.0,639.0,3124.0,91.0,3228.0,2287.0,941.0,862.0,681.0,0.0,65.0,49.2,103.3,73.2,30.1,51.5
I3303,플라스틱,2005,7451.0,3242.0,3368.0,758.0,3592.0,105.0,3859.0,2843.0,1016.0,1058.0,750.0,0.0,53.0,48.2,107.4,79.1,28.3,51.8
I3303,플라스틱,2006,8281.0,3602.0,3727.0,839.0,3942.0,129.0,4339.0,3140.0,1198.0,1259.0,927.0,0.0,26.0,47.6,110.1,79.7,30.4,56.1
I3303,플라스틱,2007,9600.0,3920.0,4520.0,1073.0,4657.0,158.0,4942.0,3567.0,1375.0,1400.0,1055.0,4.0,46.0,48.5,106.1,76.6,29.5,53.8
I3303,플라스틱,2008,11504.0,4626.0,5205.0,1290.0,5398.0,209.0,6105.0,4457.0,1648.0,1834.0,1232.0,1.0,87.0,46.9,113.1,82.6,30.5,58.4
I3303,플라스틱,2009,13946.0,5371.0,6461.0,1370.0,6956.0,226.0,6990.0,5093.0,1898.0,1975.0,1153.0,0.0,387.0,49.9,100.5,73.2,27.3,50.5
I3304,유리,2000,1818.0,932.0,803.0,154.0,1019.0,41.0,799.0,573.0,226.0,141.0,126.0,0.0,34.0,56.1,78.4,56.2,22.2,29.5
I3304,유리,2001,2099.0,1144.0,857.0,218.0,1319.0,21.0,780.0,579.0,201.0,122.0,112.0,0.0,3.0,62.8,59.1,43.9,15.3,18.0
I3304,유리,2002,2523.0,1284.0,1096.0,210.0,1501.0,17.0,1022.0,742.0,281.0,120.0,155.0,0.0,52.0,59.5,68.1,49.4,18.7,21.8
I3304,유리,2003,3125.0,1649.0,1278.0,283.0,1966.0,20.0,1159.0,902.0,257.0,143.0,134.0,0.0,72.0,62.9,58.9,45.9,13.1,17.7
I3304,유리,2004,4042.0,2353.0,1456.0,289.0,2576.0,20.0,1466.0,1145.0,321.0,181.0,111.0,0.0,154.0,63.7,56.9,44.4,12.5,17.3
I3304,유리,2005,4622.0,2740.0,1594.0,323.0,3093.0,21.0,1529.0,1300.0,229.0,227.0,124.0,0.0,40.0,66.9,49.4,42.0,7.4,12.7
I3304,유리,2006,5546.0,3444.0,1809.0,282.0,3906.0,22.0,1640.0,1239.0,401.0,254.0,320.0,0.0,16.0,70.4,42.0,31.7,10.3,15.1
I3304,유리,2007,7427.0,4417.0,2569.0,333.0,4769.0,31.0,2658.0,1902.0,756.0,349.0,632.0,5.0,6.0,64.2,55.7,39.9,15.9,20.8
I3304,유리,2008,9122.0,5233.0,3433.0,573.0,5993.0,37.0,3129.0,2098.0,1031.0,377.0,894.0,0.0,0.0,65.7,52.2,35.0,17.2,21.2
I3304,유리,2009,11323.0,5434.0,5171.0,430.0,7753.0,44.0,3569.0,2237.0,1332.0,243.0,1175.0,0.0,0.0,68.5,46.0,28.9,17.2,18.3
I3305,세라믹,2000,948.0,534.0,302.0,122.0,468.0,25.0,480.0,377.0,103.0,204.0,58.0,0.0,0.0,49.4,102.5,80.4,22.1,55.8
I3305,세라믹,2001,925.0,502.0,306.0,122.0,463.0,23.0,462.0,339.0,123.0,177.0,81.0,0.0,0.0,50.0,99.8,73.2,26.7,55.6
I3305,세라믹,2002,964.0,486.0,359.0,142.0,515.0,16.0,448.0,342.0,106.0,154.0,64.0,0.0,0.0,53.5,87.0,66.4,20.6,42.3
I3305,세라믹,2003,1029.0,491.0,389.0,157.0,601.0,14.0,428.0,297.0,131.0,131.0,86.0,0.0,0.0,58.4,71.3,49.4,21.8,36.2
I3305,세라믹,2004,1144.0,483.0,483.0,195.0,692.0,15.0,451.0,316.0,136.0,141.0,89.0,0.0,5.0,60.5,65.2,45.6,19.6,34.1
I3305,세라믹,2005,1237.0,501.0,507.0,207.0,750.0,15.0,486.0,360.0,126.0,182.0,65.0,0.0,4.0,60.7,64.8,48.0,16.8,33.5
I3305,세라믹,2006,1375.0,487.0,545.0,214.0,846.0,16.0,529.0,359.0,170.0,176.0,86.0,0.0,4.0,61.5,62.6,42.5,20.1,31.5
I3305,세라믹,2007,1620.0,491.0,568.0,218.0,994.0,18.0,626.0,444.0,182.0,230.0,68.0,0.0,0.0,61.4,63.0,44.7,18.3,30.0
I3305,세라믹,2008,1718.0,559.0,693.0,290.0,965.0,25.0,753.0,525.0,229.0,288.0,134.0,0.0,12.0,56.2,78.0,54.4,23.7,44.9
I3305,세라믹,2009,2098.0,770.0,682.0,259.0,1240.0,28.0,858.0,565.0,292.0,295.0,116.0,0.0,30.0,59.1,69.2,45.6,23.6,35.7
I3306,시멘트,2000,12826.0,6919.0,2892.0,431.0,3205.0,1079.0,9621.0,6010.0,3611.0,2663.0,1110.0,0.0,1695.0,25.0,300.1,187.5,112.7,170.6
I3306,시멘트,2001,11264.0,6589.0,2552.0,469.0,2729.0,924.0,8535.0,5066.0,3469.0,2130.0,1407.0,0.0,1144.0,24.2,312.7,185.6,127.1,171.5
I3306,시멘트,2002,10262.0,5862.0,2537.0,374.0,3328.0,539.0,6934.0,4453.0,2481.0,1777.0,1035.0,0.0,598.0,32.4,208.4,133.8,74.6,102.5
I3306,시멘트,2003,10337.0,5775.0,2543.0,349.0,4471.0,338.0,5866.0,3493.0,2373.0,1409.0,997.0,0.0,607.0,43.2,131.2,78.1,53.1,67.4
I3306,시멘트,2004,10507.0,5828.0,2840.0,424.0,4889.0,263.0,5618.0,4270.0,1348.0,1359.0,596.0,0.0,338.0,46.5,114.9,87.3,27.6,46.9
I3306,시멘트,2005,10359.0,5687.0,2555.0,460.0,5036.0,237.0,5323.0,3238.0,2085.0,1155.0,665.0,0.0,961.0,48.6,105.7,64.3,41.4,55.2
I3306,시멘트,2006,10813.0,5647.0,3124.0,521.0,5169.0,234.0,5644.0,3665.0,1979.0,1114.0,529.0,0.0,930.0,47.8,109.2,70.9,38.3,49.8
I3306,시멘트,2007,11826.0,5693.0,3369.0,566.0,5802.0,235.0,6025.0,4214.0,1811.0,1333.0,382.0,198.0,750.0,49.1,103.8,72.6,31.2,45.9
I3306,시멘트,2008,13520.0,6427.0,3935.0,715.0,5695.0,331.0,7825.0,6022.0,1803.0,2566.0,607.0,414.0,438.0,42.1,137.4,105.8,31.7,70.7
I3306,시멘트,2009,14345.0,6634.0,4424.0,989.0,6013.0,420.0,8332.0,6131.0,2201.0,1940.0,915.0,1123.0,308.0,41.9,138.6,102.0,36.6,71.3
I3307,기타비금속,2000,637.0,269.0,302.0,62.0,272.0,21.0,365.0,235.0,130.0,97.0,83.0,0.0,23.0,42.7,134.2,86.4,47.7,74.5
I3307,기타비금속,2001,679.0,282.0,333.0,68.0,312.0,19.0,367.0,289.0,78.0,103.0,55.0,0.0,1.0,46.0,117.6,92.5,25.1,50.7
I3307,기타비금속,2002,796.0,341.0,387.0,73.0,374.0,17.0,422.0,316.0,105.0,135.0,66.0,0.0,11.0,47.0,112.7,84.6,28.2,56.7
I3307,기타비금속,2003,871.0,345.0,439.0,88.0,454.0,14.0,418.0,319.0,98.0,127.0,57.0,0.0,13.0,52.1,92.1,70.4,21.7,43.2
I3307,기타비금속,2004,974.0,403.0,476.0,115.0,502.0,13.0,472.0,377.0,95.0,126.0,58.0,0.0,6.0,51.5,94.0,75.1,19.0,37.9
I3307,기타비금속,2005,1045.0,446.0,496.0,104.0,563.0,15.0,482.0,339.0,144.0,132.0,77.0,0.0,26.0,53.8,85.7,60.2,25.5,41.9
I3307,기타비금속,2006,1171.0,475.0,569.0,105.0,635.0,19.0,536.0,401.0,135.0,157.0,83.0,0.0,9.0,54.2,84.4,63.2,21.3,39.2
I3307,기타비금속,2007,1242.0,486.0,614.0,114.0,699.0,18.0,544.0,420.0,124.0,186.0,77.0,0.0,1.0,56.2,77.8,60.1,17.7,37.7
I3307,기타비금속,2008,2906.0,1435.0,990.0,213.0,1424.0,72.0,1482.0,801.0,681.0,309.0,565.0,0.0,22.0,49.0,104.1,56.2,47.8,62.9
I3307,기타비금속,2009,3057.0,1480.0,1023.0,185.0,1622.0,71.0,1435.0,1146.0,289.0,254.0,154.0,60.0,24.0,53.0,88.5,70.7,17.8,30.3
I3308,철강,2000,36881.0,19748.0,10665.0,3662.0,16170.0,1243.0,20711.0,10735.0,9976.0,3006.0,2486.0,0.0,4786.0,43.8,128.1,66.4,61.7,63.6
I3308,철강,2001,36951.0,19850.0,9610.0,3518.0,18212.0,1201.0,18739.0,8841.0,9897.0,2615.0,2404.0,0.0,5078.0,49.3,102.9,48.5,54.3,55.4
I3308,철강,2002,36945.0,19716.0,10310.0,3565.0,20021.0,934.0,16923.0,9781.0,7143.0,2729.0,1686.0,0.0,4295.0,54.2,84.5,48.9,35.7,43.5
I3308,철강,2003,40266.0,18708.0,13515.0,4236.0,23617.0,730.0,16649.0,10523.0,6125.0,3586.0,1224.0,0.0,3933.0,58.7,70.5,44.6,25.9,37.0
I3308,철강,2004,47008.0,19926.0,18584.0,6304.0,28905.0,567.0,18103.0,13119.0,4984.0,4243.0,1087.0,0.0,2704.0,61.5,62.6,45.4,17.2,27.8
I3308,철강,2005,52112.0,22116.0,20547.0,7521.0,33622.0,536.0,18491.0,13582.0,4908.0,4199.0,1110.0,0.0,2434.0,64.5,55.0,40.4,14.6,23.0
I3308,철강,2006,56692.0,24820.0,20670.0,7474.0,37404.0,588.0,19288.0,11921.0,7367.0,4082.0,1215.0,0.0,4460.0,66.0,51.6,31.9,19.7,26.1
I3308,철강,2007,66749.0,27094.0,24852.0,9433.0,42288.0,722.0,24462.0,15362.0,9100.0,5629.0,1893.0,5.0,5086.0,63.4,57.8,36.3,21.5,29.8
I3308,철강,2008,84729.0,34224.0,34731.0,15626.0,48959.0,938.0,35770.0,22481.0,13288.0,8626.0,3881.0,42.0,7788.0,57.8,73.1,45.9,27.1,41.5
I3308,철강,2009,93859.0,43019.0,33270.0,10395.0,55976.0,1108.0,37883.0,21159.0,16724.0,6967.0,5686.0,369.0,9094.0,59.6,67.7,37.8,29.9,39.5
I3309,비철금속,2000,5893.0,2703.0,1932.0,720.0,2732.0,183.0,3161.0,1867.0,1294.0,964.0,995.0,0.0,72.0,46.4,115.7,68.3,47.4,74.3
I3309,비철금속,2001,6067.0,2714.0,2140.0,801.0,2913.0,165.0,3155.0,1812.0,1343.0,914.0,986.0,0.0,141.0,48.0,108.3,62.2,46.1,70.1
I3309,비철금속,2002,6723.0,3156.0,2619.0,948.0,3287.0,126.0,3435.0,2226.0,1209.0,1138.0,828.0,0.0,156.0,48.9,104.5,67.7,36.8,64.5
I3309,비철금속,2003,7343.0,3255.0,2982.0,1131.0,3611.0,111.0,3732.0,2628.0,1104.0,1248.0,806.0,0.0,83.0,49.2,103.4,72.8,30.6,59.2
I3309,비철금속,2004,7913.0,3304.0,3534.0,1427.0,3911.0,121.0,4003.0,2808.0,1195.0,1401.0,797.0,0.0,132.0,49.4,102.4,71.8,30.6,59.6
I3309,비철금속,2005,9078.0,3348.0,4345.0,1767.0,4294.0,136.0,4784.0,3353.0,1431.0,1699.0,920.0,0.0,128.0,47.3,111.4,78.1,33.3,64.0
I3309,비철금속,2006,11006.0,3475.0,5509.0,2491.0,5355.0,204.0,5651.0,4263.0,1388.0,2321.0,700.0,0.0,184.0,48.7,105.5,79.6,25.9,59.8
I3309,비철금속,2007,12280.0,3662.0,6392.0,2662.0,6186.0,234.0,6095.0,4646.0,1449.0,2671.0,628.0,0.0,240.0,50.4,98.5,75.1,23.4,57.2
I3309,비철금속,2008,15203.0,5039.0,7692.0,2900.0,7791.0,269.0,7412.0,5773.0,1639.0,3114.0,761.0,0.0,302.0,51.2,95.1,74.1,21.0,53.6
I3309,비철금속,2009,17488.0,5450.0,9111.0,4191.0,8996.0,262.0,8492.0,6889.0,1604.0,4070.0,799.0,8.0,200.0,51.4,94.4,76.6,17.8,56.4
I3310,주조,2000,776.0,341.0,368.0,98.0,259.0,31.0,517.0,312.0,205.0,128.0,102.0,0.0,50.0,33.3,200.0,120.6,79.4,108.2
I3310,주조,2001,832.0,370.0,386.0,123.0,274.0,30.0,559.0,384.0,175.0,159.0,88.0,0.0,25.0,32.9,204.0,140.2,63.8,99.2
I3310,주조,2002,866.0,390.0,395.0,123.0,229.0,31.0,637.0,437.0,200.0,209.0,95.0,0.0,40.0,26.5,277.9,190.7,87.1,150.0
I3310,주조,2003,855.0,403.0,377.0,107.0,268.0,24.0,587.0,384.0,203.0,173.0,116.0,0.0,0.0,31.3,219.4,143.5,75.9,108.0
I3310,주조,2004,900.0,408.0,412.0,130.0,341.0,18.0,559.0,365.0,194.0,174.0,148.0,0.0,0.0,37.8,164.2,107.1,57.1,94.6
I3310,주조,2005,1038.0,436.0,506.0,134.0,413.0,20.0,625.0,417.0,207.0,187.0,159.0,0.0,0.0,39.8,151.1,101.0,50.2,83.6
I3310,주조,2006,1255.0,541.0,601.0,164.0,465.0,26.0,791.0,563.0,227.0,260.0,182.0,0.0,0.0,37.0,170.1,121.2,48.9,95.2
I3310,주조,2007,1399.0,585.0,661.0,178.0,530.0,32.0,869.0,593.0,275.0,297.0,228.0,0.0,3.0,37.9,163.9,111.9,51.9,99.5
I3310,주조,2008,1877.0,816.0,876.0,269.0,716.0,46.0,1161.0,832.0,330.0,430.0,265.0,0.0,4.0,38.1,162.1,116.1,46.0,97.5
I3310,주조,2009,2173.0,883.0,989.0,293.0,920.0,47.0,1253.0,906.0,347.0,500.0,270.0,0.0,8.0,42.3,136.2,98.5,37.7,84.6
I3311,조립금속,2000,4487.0,1849.0,2169.0,546.0,1660.0,128.0,2827.0,1724.0,1102.0,623.0,422.0,0.0,96.0,37.0,170.2,103.9,66.4,68.7
I3311,조립금속,2001,5015.0,2045.0,2469.0,629.0,2001.0,121.0,3014.0,1862.0,1152.0,670.0,536.0,0.0,111.0,39.9,150.6,93.1,57.6,65.8
I3311,조립금속,2002,5581.0,2239.0,2816.0,685.0,2318.0,113.0,3263.0,2118.0,1146.0,834.0,574.0,0.0,61.0,41.5,140.8,91.3,49.4,63.4
I3311,조립금속,2003,6255.0,2446.0,3088.0,770.0,3027.0,106.0,3228.0,2303.0,925.0,906.0,636.0,0.0,56.0,48.4,106.6,76.1,30.5,52.8
I3311,조립금속,2004,7220.0,2761.0,3682.0,1004.0,3398.0,110.0,3822.0,2817.0,1005.0,1050.0,682.0,0.0,60.0,47.1,112.5,82.9,29.6,52.7
I3311,조립금속,2005,8585.0,3278.0,4341.0,1197.0,4004.0,127.0,4581.0,3387.0,1194.0,1368.0,842.0,0.0,68.0,46.6,114.4,84.6,29.8,56.9
I3311,조립금속,2006,10178.0,4089.0,4994.0,1354.0,4665.0,166.0,5513.0,3951.0,1563.0,1612.0,1123.0,0.0,111.0,45.8,118.2,84.7,33.5,61.0
I3311,조립금속,2007,12488.0,4759.0,6069.0,1735.0,5752.0,214.0,6736.0,4779.0,1958.0,1918.0,1400.0,3.0,139.0,46.1,117.1,83.1,34.0,60.2
I3311,조립금속,2008,16480.0,6118.0,8383.0,2644.0,7198.0,309.0,9281.0,6969.0,2312.0,3034.0,1750.0,0.0,64.0,43.7,128.9,96.8,32.1,67.3
I3311,조립금속,2009,17605.0,6882.0,8599.0,2286.0,8290.0,315.0,9316.0,6765.0,2550.0,3042.0,1855.0,0.0,165.0,47.1,112.4,81.6,30.8,61.1
I3312,조선,2000,12735.0,5616.0,5652.0,674.0,2927.0,494.0,9808.0,7073.0,2735.0,1217.0,1620.0,0.0,425.0,23.0,335.1,241.6,93.4,111.4
I3312,조선,2001,12571.0,5736.0,5309.0,650.0,3356.0,433.0,9216.0,6895.0,2321.0,1737.0,970.0,0.0,574.0,26.7,274.6,205.5,69.2,97.8
I3312,조선,2002,12520.0,5849.0,5269.0,541.0,4210.0,231.0,8310.0,6431.0,1879.0,1574.0,449.0,0.0,867.0,33.6,197.4,152.7,44.6,68.6
I3312,조선,2003,15022.0,6249.0,7256.0,554.0,4714.0,154.0,10308.0,8838.0,1469.0,901.0,456.0,0.0,297.0,31.4,218.6,187.5,31.2,35.1
I3312,조선,2004,20093.0,6676.0,11102.0,1123.0,5863.0,104.0,14230.0,12490.0,1740.0,1003.0,436.0,0.0,206.0,29.2,242.7,213.0,29.7,28.1
I3312,조선,2005,21374.0,7334.0,10958.0,1172.0,5760.0,94.0,15614.0,13547.0,2067.0,912.0,560.0,0.0,199.0,26.9,271.1,235.2,35.9,29.0
I3312,조선,2006,27372.0,8448.0,14435.0,1366.0,7437.0,113.0,19935.0,17048.0,2887.0,572.0,823.0,0.0,133.0,27.2,268.1,229.2,38.8,20.5
I3312,조선,2007,40381.0,9946.0,20936.0,2141.0,10555.0,138.0,29826.0,24797.0,5028.0,638.0,1088.0,6.0,138.0,26.1,282.6,234.9,47.6,17.7
I3312,조선,2008,74833.0,14348.0,36747.0,4977.0,10623.0,159.0,64210.0,44147.0,20063.0,1437.0,1493.0,68.0,186.0,14.2,604.4,415.6,188.9,30.0
I3312,조선,2009,66499.0,17263.0,34457.0,2958.0,13455.0,409.0,53044.0,39990.0,13054.0,6064.0,3337.0,455.0,1544.0,20.2,394.2,297.2,97.0,84.7
I3401,음식료,2000,19281.0,7654.0,7604.0,2165.0,7701.0,787.0,11580.0,7010.0,4569.0,2262.0,2241.0,0.0,1157.0,39.9,150.4,91.0,59.3,73.5
I3401,음식료,2001,19967.0,8324.0,7803.0,2287.0,8405.0,733.0,11562.0,7602.0,3960.0,2384.0,2416.0,0.0,635.0,42.1,137.6,90.4,47.1,64.7
I3401,음식료,2002,20964.0,8735.0,8322.0,2354.0,8906.0,627.0,12058.0,7991.0,4067.0,2411.0,2261.0,0.0,708.0,42.5,135.4,89.7,45.7,60.4
I3401,음식료,2003,20751.0,8766.0,8919.0,2441.0,8473.0,545.0,12278.0,8580.0,3698.0,2784.0,2043.0,0.0,715.0,40.8,144.9,101.3,43.6,65.4
I3401,음식료,2004,21896.0,9009.0,9578.0,2441.0,8189.0,347.0,13707.0,7971.0,5736.0,2385.0,2172.0,0.0,706.0,37.4,167.4,97.3,70.0,64.3
I3401,음식료,2005,24762.0,9248.0,10710.0,2504.0,12119.0,334.0,12644.0,7966.0,4678.0,2374.0,2105.0,0.0,837.0,48.9,104.3,65.7,38.6,43.9
I3401,음식료,2006,25605.0,9746.0,10674.0,2599.0,13382.0,376.0,12224.0,8256.0,3968.0,2567.0,1403.0,0.0,1163.0,52.3,91.3,61.7,29.7,38.4
I3401,음식료,2007,29795.0,11504.0,12179.0,3327.0,15686.0,403.0,14109.0,10908.0,3201.0,3422.0,1441.0,474.0,348.0,52.6,89.9,69.5,20.4,36.2
I3401,음식료,2008,35284.0,13974.0,14815.0,5032.0,17797.0,468.0,17487.0,13323.0,4164.0,6095.0,1906.0,13.0,762.0,50.4,98.3,74.9,23.4,49.3
I3401,음식료,2009,39034.0,16175.0,15199.0,4244.0,20985.0,484.0,18049.0,12482.0,5566.0,4532.0,2287.0,202.0,1452.0,53.8,86.0,59.5,26.5,40.4
I3402,담배,2000,3882.0,953.0,2379.0,1382.0,2784.0,1.0,1097.0,1062.0,35.0,0.0,0.0,0.0,0.0,71.7,39.4,38.1,1.3,0.0
I3402,담배,2001,3799.0,1006.0,1975.0,1425.0,2654.0,4.0,1145.0,783.0,362.0,16.0,0.0,0.0,311.0,69.9,43.1,29.5,13.7,12.3
I3402,담배,2002,4286.0,1267.0,2077.0,1552.0,2071.0,35.0,2215.0,1253.0,962.0,300.0,0.0,0.0,904.0,48.3,107.0,60.5,46.5,58.2
I3402,담배,2003,4440.0,1340.0,2103.0,1507.0,2925.0,52.0,1515.0,785.0,730.0,28.0,0.0,0.0,624.0,65.9,51.8,26.8,25.0,22.3
I3402,담배,2004,4423.0,1391.0,2345.0,1348.0,3335.0,22.0,1087.0,804.0,284.0,65.0,0.0,0.0,111.0,75.4,32.6,24.1,8.5,5.3
I3402,담배,2005,4588.0,1403.0,2478.0,1181.0,3595.0,11.0,993.0,685.0,309.0,32.0,0.0,0.0,68.0,78.3,27.6,19.0,8.6,2.8
I3402,담배,2006,4254.0,1512.0,2012.0,1064.0,3165.0,7.0,1089.0,800.0,289.0,11.0,0.0,0.0,0.0,74.4,34.4,25.3,9.1,0.3
I3402,담배,2007,4417.0,1582.0,1722.0,1020.0,3272.0,7.0,1145.0,918.0,227.0,54.0,0.0,0.0,0.0,74.1,35.0,28.1,6.9,1.6
I3402,담배,2008,4947.0,1554.0,2108.0,1135.0,3725.0,7.0,1222.0,1007.0,216.0,45.0,0.0,0.0,0.0,75.3,32.8,27.0,5.8,1.2
I3402,담배,2009,5412.0,1396.0,2490.0,1116.0,4053.0,6.0,1358.0,1174.0,184.0,70.0,0.0,0.0,0.0,74.9,33.5,29.0,4.5,1.7
I3403,섬유,2000,7554.0,4169.0,2767.0,1044.0,3385.0,189.0,4169.0,2767.0,1401.0,1215.0,832.0,0.0,75.0,44.8,123.1,81.7,41.4,62.7
I3403,섬유,2001,7219.0,3967.0,2562.0,997.0,3335.0,211.0,3884.0,2466.0,1418.0,1106.0,896.0,0.0,58.0,46.2,116.5,73.9,42.5,61.8
I3403,섬유,2002,7270.0,3869.0,2654.0,1025.0,3504.0,143.0,3766.0,2498.0,1268.0,999.0,824.0,0.0,46.0,48.2,107.5,71.3,36.2,53.3
I3403,섬유,2003,7320.0,3794.0,2742.0,1108.0,3492.0,196.0,3829.0,2599.0,1230.0,994.0,833.0,0.0,70.0,47.7,109.6,74.4,35.2,54.3
I3403,섬유,2004,7475.0,3665.0,2913.0,1151.0,4081.0,165.0,3394.0,2462.0,932.0,1049.0,427.0,0.0,223.0,54.6,83.2,60.3,22.8,41.6
I3403,섬유,2005,7873.0,3633.0,3125.0,1169.0,4337.0,119.0,3537.0,2626.0,911.0,1245.0,364.0,0.0,144.0,55.1,81.5,60.5,21.0,40.4
I3403,섬유,2006,7779.0,3557.0,2929.0,1099.0,4373.0,121.0,3406.0,2555.0,851.0,1185.0,364.0,4.0,184.0,56.2,77.9,58.4,19.5,39.7
I3403,섬유,2007,8001.0,3566.0,2940.0,1114.0,4515.0,124.0,3486.0,2597.0,889.0,1188.0,441.0,27.0,109.0,56.4,77.2,57.5,19.7,39.1
I3403,섬유,2008,9205.0,4092.0,3471.0,1209.0,4943.0,154.0,4262.0,3283.0,979.0,1702.0,616.0,12.0,31.0,53.7,86.2,66.4,19.8,47.8
I3403,섬유,2009,9601.0,4068.0,3614.0,1185.0,5502.0,153.0,4099.0,3138.0,961.0,1470.0,522.0,44.0,102.0,57.3,74.5,57.0,17.5,38.9
I3404,의류,2000,4240.0,1068.0,2519.0,693.0,1643.0,107.0,2597.0,1656.0,941.0,421.0,264.0,0.0,155.0,38.8,158.0,100.8,57.3,51.1
I3404,의류,2001,5055.0,1194.0,3054.0,728.0,2192.0,102.0,2863.0,2040.0,823.0,508.0,231.0,0.0,67.0,43.4,130.6,93.1,37.6,36.8
I3404,의류,2002,5470.0,1288.0,3214.0,1158.0,2530.0,83.0,2940.0,2206.0,734.0,696.0,235.0,0.0,18.0,46.3,116.2,87.2,29.0,37.5
I3404,의류,2003,6534.0,1423.0,3444.0,1428.0,2900.0,95.0,3634.0,2908.0,726.0,1324.0,214.0,0.0,38.0,44.4,125.3,100.3,25.1,54.3
I3404,의류,2004,6679.0,1459.0,3880.0,1676.0,3368.0,89.0,3311.0,2546.0,765.0,948.0,158.0,0.0,104.0,50.4,98.3,75.6,22.7,35.9
I3404,의류,2005,7641.0,1643.0,4377.0,1829.0,3893.0,108.0,3748.0,2902.0,846.0,1032.0,206.0,0.0,72.0,50.9,96.3,74.5,21.7,33.7
I3404,의류,2006,9623.0,2071.0,5570.0,2351.0,4822.0,133.0,4800.0,3727.0,1074.0,1365.0,366.0,0.0,111.0,50.1,99.5,77.3,22.3,38.2
I3404,의류,2007,10563.0,2336.0,6119.0,2707.0,5371.0,163.0,5192.0,4001.0,1191.0,1623.0,511.0,16.0,171.0,50.8,96.7,74.5,22.2,43.2
I3404,의류,2008,12256.0,2650.0,6787.0,2995.0,6108.0,213.0,6147.0,5044.0,1103.0,2394.0,419.0,9.0,65.0,49.8,100.6,82.6,18.1,47.2
I3404,의류,2009,12925.0,2678.0,7106.0,3104.0,6992.0,217.0,5934.0,4728.0,1205.0,2172.0,307.0,121.0,265.0,54.1,84.9,67.6,17.2,41.0
I3405,가죽신발,2000,1809.0,672.0,834.0,289.0,501.0,74.0,1307.0,995.0,313.0,317.0,125.0,0.0,106.0,27.7,260.8,198.4,62.4,109.2
I3405,가죽신발,2001,1804.0,671.0,867.0,282.0,571.0,57.0,1233.0,1025.0,208.0,280.0,59.0,0.0,5.0,31.7,215.8,179.4,36.3,60.3
I3405,가죽신발,2002,1817.0,681.0,841.0,302.0,632.0,35.0,1185.0,983.0,202.0,324.0,75.0,0.0,23.0,34.8,187.5,155.5,32.0,66.8
I3405,가죽신발,2003,1942.0,754.0,876.0,345.0,718.0,33.0,1224.0,1071.0,154.0,391.0,57.0,0.0,18.0,37.0,170.6,149.2,21.4,65.0
I3405,가죽신발,2004,1951.0,783.0,869.0,307.0,722.0,33.0,1228.0,1042.0,186.0,379.0,48.0,0.0,51.0,37.0,170.0,144.2,25.8,66.0
I3405,가죽신발,2005,2063.0,763.0,961.0,335.0,899.0,32.0,1164.0,1006.0,158.0,415.0,44.0,0.0,23.0,43.6,129.5,111.8,17.6,53.6
I3405,가죽신발,2006,2223.0,771.0,1049.0,349.0,1027.0,37.0,1196.0,1043.0,153.0,413.0,34.0,0.0,31.0,46.2,116.4,101.5,14.9,46.5
I3405,가죽신발,2007,2449.0,814.0,1167.0,442.0,1137.0,39.0,1312.0,1126.0,185.0,461.0,41.0,2.0,47.0,46.4,115.4,99.1,16.3,48.4
I3405,가죽신발,2008,2864.0,1011.0,1333.0,498.0,1321.0,48.0,1543.0,1330.0,213.0,586.0,74.0,0.0,5.0,46.1,116.8,100.7,16.1,50.3
I3405,가죽신발,2009,3129.0,1027.0,1526.0,519.0,1548.0,46.0,1581.0,1317.0,264.0,488.0,138.0,0.0,11.0,49.5,102.2,85.1,17.1,41.1
I3406,목재,2000,1532.0,859.0,476.0,194.0,749.0,60.0,783.0,506.0,277.0,337.0,99.0,0.0,115.0,48.9,104.5,67.5,37.0,73.4
I3406,목재,2001,1594.0,900.0,506.0,195.0,737.0,58.0,857.0,591.0,266.0,261.0,163.0,0.0,45.0,46.2,116.3,80.2,36.1,63.7
I3406,목재,2002,1509.0,859.0,485.0,201.0,761.0,44.0,748.0,476.0,272.0,237.0,124.0,0.0,90.0,50.4,98.3,62.5,35.8,59.3
I3406,목재,2003,1508.0,692.0,434.0,174.0,819.0,32.0,689.0,476.0,213.0,256.0,120.0,0.0,41.0,54.3,84.2,58.1,26.0,50.9
I3406,목재,2004,1573.0,740.0,410.0,149.0,827.0,27.0,746.0,476.0,270.0,244.0,167.0,0.0,56.0,52.6,90.3,57.6,32.7,56.5
I3406,목재,2005,1638.0,709.0,492.0,163.0,822.0,31.0,817.0,512.0,304.0,266.0,186.0,0.0,72.0,50.2,99.3,62.3,37.0,63.7
I3406,목재,2006,1741.0,737.0,577.0,166.0,810.0,27.0,931.0,639.0,292.0,311.0,195.0,0.0,51.0,46.5,114.9,78.9,36.0,68.7
I3406,목재,2007,1963.0,828.0,671.0,194.0,859.0,42.0,1104.0,813.0,291.0,454.0,197.0,18.0,38.0,43.8,128.5,94.6,33.9,82.3
I3406,목재,2008,2752.0,1493.0,881.0,284.0,1277.0,54.0,1475.0,1084.0,391.0,702.0,271.0,19.0,27.0,46.4,115.6,84.9,30.6,79.8
I3406,목재,2009,2801.0,1470.0,849.0,222.0,1420.0,66.0,1381.0,977.0,404.0,603.0,265.0,25.0,61.0,50.7,97.3,68.8,28.5,67.2
I3407,제지,2000,6246.0,3557.0,2208.0,647.0,1975.0,315.0,4271.0,1995.0,2275.0,779.0,1020.0,0.0,522.0,31.6,216.2,101.0,115.2,117.5
I3407,제지,2001,6224.0,3560.0,2208.0,526.0,2397.0,272.0,3827.0,1987.0,1840.0,696.0,856.0,0.0,285.0,38.5,159.7,82.9,76.8,76.6
I3407,제지,2002,6505.0,3622.0,2373.0,553.0,2975.0,194.0,3531.0,2111.0,1419.0,910.0,565.0,0.0,241.0,45.7,118.7,71.0,47.7,57.7
I3407,제지,2003,6733.0,3711.0,2459.0,578.0,3293.0,153.0,3440.0,2091.0,1349.0,975.0,513.0,0.0,278.0,48.9,104.5,63.5,41.0,53.6
I3407,제지,2004,6968.0,3740.0,2614.0,679.0,3490.0,141.0,3478.0,2179.0,1300.0,1010.0,438.0,0.0,341.0,50.1,99.7,62.4,37.2,51.3
I3407,제지,2005,7179.0,3831.0,2614.0,671.0,3644.0,139.0,3536.0,2224.0,1311.0,1061.0,502.0,0.0,431.0,50.8,97.0,61.0,36.0,54.7
I3407,제지,2006,7537.0,3954.0,2756.0,688.0,3971.0,145.0,3566.0,2343.0,1224.0,1056.0,528.0,0.0,358.0,52.7,89.8,59.0,30.8,48.9
I3407,제지,2007,8038.0,4049.0,3126.0,786.0,4047.0,156.0,3991.0,2630.0,1362.0,1320.0,691.0,48.0,319.0,50.3,98.6,65.0,33.6,58.8
I3407,제지,2008,9349.0,4600.0,3538.0,1040.0,4448.0,197.0,4902.0,3452.0,1449.0,1823.0,779.0,62.0,224.0,47.6,110.2,77.6,32.6,64.9
I3407,제지,2009,10395.0,5224.0,3668.0,855.0,5663.0,163.0,4732.0,3083.0,1649.0,1562.0,842.0,24.0,265.0,54.5,83.6,54.4,29.1,47.6
I3408,인쇄,2000,530.0,275.0,214.0,29.0,215.0,12.0,315.0,199.0,116.0,56.0,67.0,0.0,14.0,40.6,146.5,92.6,53.8,63.8
I3408,인쇄,2001,626.0,311.0,262.0,35.0,269.0,12.0,357.0,252.0,105.0,73.0,63.0,0.0,13.0,42.9,132.9,93.8,39.1,55.4
I3408,인쇄,2002,738.0,360.0,313.0,39.0,305.0,14.0,433.0,317.0,116.0,105.0,80.0,0.0,2.0,41.3,142.0,103.8,38.1,61.4
I3408,인쇄,2003,837.0,405.0,333.0,36.0,371.0,15.0,466.0,336.0,130.0,121.0,85.0,0.0,4.0,44.3,125.8,90.7,35.1,56.7
I3408,인쇄,2004,916.0,464.0,351.0,45.0,423.0,15.0,493.0,343.0,150.0,133.0,110.0,0.0,5.0,46.2,116.6,81.1,35.5,58.6
I3408,인쇄,2005,1012.0,508.0,388.0,39.0,486.0,16.0,526.0,354.0,171.0,137.0,125.0,0.0,3.0,48.0,108.2,72.9,35.3,54.7
I3408,인쇄,2006,1098.0,558.0,415.0,46.0,539.0,17.0,559.0,380.0,179.0,143.0,135.0,0.0,1.0,49.1,103.7,70.4,33.3,51.9
I3408,인쇄,2007,1186.0,589.0,455.0,53.0,581.0,20.0,605.0,417.0,188.0,155.0,144.0,5.0,1.0,49.0,104.1,71.8,32.3,52.5
I3408,인쇄,2008,1359.0,690.0,491.0,63.0,677.0,25.0,682.0,459.0,223.0,194.0,167.0,8.0,4.0,49.8,100.6,67.8,32.9,55.1
I3408,인쇄,2009,1453.0,705.0,557.0,57.0,726.0,21.0,727.0,467.0,260.0,202.0,198.0,0.0,6.0,50.0,100.1,64.2,35.9,55.9
I3409,가구,2000,1152.0,423.0,610.0,142.0,368.0,42.0,784.0,528.0,256.0,144.0,47.0,0.0,66.0,32.0,212.9,143.4,69.5,69.7
I3409,가구,2001,1250.0,453.0,672.0,155.0,487.0,38.0,763.0,573.0,191.0,129.0,87.0,0.0,44.0,39.0,156.7,117.6,39.1,53.4
I3409,가구,2002,1361.0,508.0,719.0,160.0,566.0,26.0,795.0,654.0,140.0,188.0,61.0,0.0,25.0,41.6,140.4,115.6,24.8,48.4
I3409,가구,2003,1407.0,518.0,774.0,180.0,580.0,22.0,827.0,664.0,163.0,205.0,64.0,0.0,40.0,41.2,142.4,114.4,28.0,53.2
I3409,가구,2004,1527.0,513.0,887.0,170.0,621.0,22.0,906.0,730.0,176.0,183.0,66.0,0.0,5.0,40.7,145.7,117.4,28.3,40.9
I3409,가구,2005,1735.0,568.0,1007.0,184.0,755.0,21.0,980.0,808.0,172.0,149.0,51.0,0.0,13.0,43.5,129.9,107.1,22.8,28.2
I3409,가구,2006,1922.0,642.0,1079.0,193.0,847.0,22.0,1075.0,906.0,170.0,236.0,60.0,0.0,3.0,44.1,126.9,106.9,20.0,35.4
I3409,가구,2007,2159.0,736.0,1175.0,208.0,944.0,28.0,1214.0,998.0,216.0,274.0,111.0,0.0,3.0,43.8,128.6,105.7,22.9,41.1
I3409,가구,2008,2437.0,915.0,1238.0,265.0,1095.0,35.0,1341.0,1116.0,226.0,339.0,113.0,0.0,0.0,44.9,122.5,101.9,20.6,41.3
I3409,가구,2009,2706.0,956.0,1415.0,273.0,1214.0,36.0,1492.0,1210.0,282.0,337.0,159.0,0.0,8.0,44.9,122.8,99.6,23.2,41.5
I3410,기타 제조업,2000,1365.0,580.0,593.0,212.0,474.0,52.0,891.0,347.0,545.0,129.0,251.0,0.0,21.0,34.7,188.2,73.2,115.0,84.6
I3410,기타 제조업,2001,1415.0,586.0,601.0,222.0,518.0,52.0,897.0,462.0,435.0,158.0,151.0,0.0,12.0,36.6,173.1,89.2,83.9,61.9
I3410,기타 제조업,2002,1366.0,516.0,632.0,241.0,649.0,29.0,717.0,435.0,282.0,201.0,167.0,0.0,16.0,47.5,110.3,67.0,43.4,59.0
I3410,기타 제조업,2003,1399.0,508.0,621.0,232.0,677.0,24.0,722.0,516.0,206.0,273.0,122.0,0.0,24.0,48.4,106.7,76.3,30.4,62.0
I3410,기타 제조업,2004,1405.0,512.0,625.0,230.0,710.0,26.0,694.0,522.0,173.0,263.0,98.0,0.0,23.0,50.6,97.7,73.4,24.3,54.0
I3410,기타 제조업,2005,1574.0,540.0,723.0,211.0,894.0,23.0,680.0,505.0,175.0,267.0,76.0,0.0,20.0,56.8,76.1,56.5,19.6,40.6
I3410,기타 제조업,2006,1687.0,555.0,783.0,204.0,921.0,25.0,766.0,566.0,201.0,297.0,71.0,0.0,69.0,54.6,83.2,61.4,21.8,47.6
I3410,기타 제조업,2007,1833.0,613.0,836.0,226.0,966.0,32.0,867.0,654.0,213.0,343.0,93.0,8.0,44.0,52.7,89.8,67.7,22.1,50.4
I3410,기타 제조업,2008,2076.0,731.0,905.0,267.0,1027.0,40.0,1050.0,836.0,214.0,428.0,119.0,0.0,11.0,49.4,102.2,81.4,20.8,54.4
I3410,기타 제조업,2009,2232.0,787.0,927.0,269.0,1134.0,43.0,1097.0,828.0,269.0,431.0,124.0,0.0,39.0,50.8,96.7,73.0,23.7,52.4
I3101,의약,2010,19543.0,6152.0,9786.0,2408.0,12305.0,213.0,7238.0,4853.0,2385.0,1744.0,1064.0,35.0,448.0,63.0,58.8,39.4,19.4,26.7
I3101,의약,2011,22312.0,6960.0,10858.0,2575.0,13958.0,237.0,8355.0,5926.0,2429.0,2226.0,1083.0,10.0,391.0,62.6,59.9,42.5,17.4,26.6
I3101,의약,2012,24144.0,7582.0,11412.0,2839.0,15357.0,251.0,8787.0,6035.0,2752.0,2329.0,1322.0,14.0,503.0,63.6,57.2,39.3,17.9,27.1
I3101,의약,2013,27443.0,8577.0,12745.0,3286.0,17393.0,257.0,10050.0,6560.0,3490.0,2450.0,1394.0,5.0,996.0,63.4,57.8,37.7,20.1,27.9
I3101,의약,2014,30911.0,9830.0,14216.0,3621.0,19376.0,275.0,11535.0,7162.0,4374.0,2586.0,1873.0,0.0,1242.0,62.7,59.5,37.0,22.6,29.4
I3101,의약,2015,40519.0,11151.0,17237.0,4091.0,25092.0,247.0,15427.0,10073.0,5354.0,2661.0,2183.0,0.0,1243.0,61.9,61.5,40.1,21.3,24.3
I3101,의약,2016,45647.0,12456.0,19937.0,4482.0,29222.0,243.0,16424.0,11091.0,5333.0,2696.0,1972.0,2.0,1225.0,64.0,56.2,38.0,18.3,20.2
I3101,의약,2017,49141.0,13899.0,20581.0,4848.0,32028.0,248.0,17113.0,11691.0,5422.0,3053.0,1982.0,0.0,1327.0,65.2,53.4,36.5,16.9,19.9
I3101,의약,2018,52034.0,15303.0,23090.0,5264.0,35203.0,302.0,16831.0,10707.0,6124.0,3057.0,1781.0,0.0,1719.0,67.7,47.8,30.4,17.4,18.6
I3101,의약,2019,54757.0,16794.0,23956.0,6033.0,36191.0,388.0,18566.0,11857.0,6710.0,3510.0,2293.0,0.0,2197.0,66.1,51.3,32.8,18.5,22.1
I3102,반도체,2010,29714.0,13324.0,10583.0,2237.0,15130.0,575.0,14583.0,8749.0,5834.0,1143.0,2894.0,25.0,1901.0,50.9,96.4,57.8,38.6,39.4
I3102,반도체,2011,31812.0,14938.0,10203.0,2395.0,15991.0,523.0,15821.0,9413.0,6408.0,2358.0,2199.0,0.0,3151.0,50.3,98.9,58.9,40.1,48.2
I3102,반도체,2012,33852.0,16016.0,10750.0,2688.0,17920.0,554.0,15932.0,8859.0,7073.0,1953.0,3517.0,0.0,2323.0,52.9,88.9,49.4,39.5,43.5
I3102,반도체,2013,35043.0,16016.0,11725.0,2221.0,21022.0,500.0,14021.0,6875.0,7146.0,1003.0,3161.0,0.0,2474.0,60.0,66.7,32.7,34.0,31.6
I3102,반도체,2014,40981.0,17631.0,14975.0,2549.0,25501.0,406.0,15480.0,9866.0,5614.0,1500.0,3042.0,0.0,1382.0,62.2,60.7,38.7,22.0,23.2
I3102,반도체,2015,44644.0,20599.0,15117.0,2831.0,28870.0,319.0,15773.0,9150.0,6623.0,1207.0,3658.0,0.0,1670.0,64.7,54.6,31.7,22.9,22.6
I3102,반도체,2016,48085.0,23184.0,14997.0,3219.0,32018.0,300.0,16067.0,9299.0,6767.0,1306.0,3957.0,0.0,1771.0,66.6,50.2,29.0,21.1,22.0
I3102,반도체,2017,62326.0,28692.0,23295.0,3981.0,42527.0,295.0,19800.0,13230.0,6570.0,1343.0,3813.0,0.0,1656.0,68.2,46.6,31.1,15.4,16.0
I3102,반도체,2018,80340.0,38149.0,23876.0,5718.0,56262.0,280.0,24078.0,17136.0,6941.0,1226.0,3937.0,0.0,1944.0,70.0,42.8,30.5,12.3,12.6
I3102,반도체,2019,81899.0,42784.0,21609.0,7005.0,58116.0,396.0,23783.0,13522.0,10261.0,2395.0,4508.0,0.0,3614.0,71.0,40.9,23.3,17.7,18.1
I3103,디스플레이,2010,26530.0,12769.0,10073.0,2026.0,12576.0,119.0,13954.0,9759.0,4195.0,1455.0,872.0,0.0,1841.0,47.4,111.0,77.6,33.4,33.1
I3103,디스플레이,2011,28033.0,14770.0,9033.0,2183.0,11683.0,175.0,16350.0,10739.0,5610.0,449.0,1584.0,0.0,2525.0,41.7,139.9,91.9,48.0,39.0
I3103,디스플레이,2012,61595.0,30420.0,21326.0,2861.0,36530.0,278.0,25065.0,17076.0,7989.0,1563.0,2698.0,4.0,2788.0,59.3,68.6,46.7,21.9,19.3
I3103,디스플레이,2013,60484.0,28490.0,21114.0,2761.0,41167.0,271.0,19317.0,14028.0,5289.0,942.0,1137.0,0.0,2205.0,68.1,46.9,34.1,12.8,10.4
I3103,디스플레이,2014,63291.0,25638.0,23612.0,2878.0,44347.0,196.0,18944.0,14807.0,4137.0,2409.0,678.0,0.0,2320.0,70.1,42.7,33.4,9.3,12.2
I3103,디스플레이,2015,63459.0,23118.0,26290.0,2869.0,46564.0,173.0,16895.0,13180.0,3714.0,1837.0,832.0,0.0,1292.0,73.4,36.3,28.3,8.0,8.5
I3103,디스플레이,2016,69180.0,27785.0,27074.0,2498.0,49750.0,155.0,19430.0,14198.0,5232.0,2395.0,2743.0,0.0,1521.0,71.9,39.1,28.5,10.5,13.4
I3103,디스플레이,2017,80117.0,36139.0,29207.0,2731.0,54646.0,120.0,25471.0,18382.0,7089.0,2424.0,3480.0,0.0,1526.0,68.2,46.6,33.6,13.0,13.6
I3103,디스플레이,2018,78125.0,35584.0,26227.0,2912.0,55367.0,114.0,22758.0,14904.0,7854.0,2182.0,3522.0,0.0,1776.0,70.9,41.1,26.9,14.2,13.5
I3103,디스플레이,2019,78156.0,29994.0,29411.0,2256.0,53375.0,199.0,24782.0,16128.0,8654.0,2343.0,4487.0,0.0,2745.0,68.3,46.4,30.2,16.2,17.9
I3104,컴퓨터,2010,732.0,196.0,441.0,128.0,405.0,12.0,327.0,233.0,94.0,109.0,67.0,0.0,7.0,55.3,80.7,57.6,23.1,45.1
I3104,컴퓨터,2011,813.0,194.0,513.0,129.0,442.0,13.0,372.0,264.0,108.0,104.0,68.0,0.0,14.0,54.3,84.2,59.8,24.4,42.1
I3104,컴퓨터,2012,927.0,214.0,595.0,147.0,492.0,13.0,434.0,301.0,133.0,92.0,99.0,0.0,4.0,53.1,88.2,61.1,27.1,39.6
I3104,컴퓨터,2013,1025.0,215.0,687.0,167.0,526.0,12.0,500.0,396.0,104.0,149.0,67.0,0.0,5.0,51.3,95.0,75.3,19.7,41.9
I3104,컴퓨터,2014,1050.0,248.0,665.0,163.0,575.0,13.0,475.0,334.0,141.0,103.0,99.0,0.0,13.0,54.8,82.6,58.1,24.6,37.3
I3104,컴퓨터,2015,1101.0,235.0,693.0,181.0,596.0,14.0,506.0,370.0,136.0,128.0,93.0,0.0,13.0,54.1,84.8,62.1,22.7,39.2
I3104,컴퓨터,2016,1298.0,271.0,815.0,215.0,740.0,14.0,558.0,402.0,156.0,126.0,96.0,0.0,20.0,57.0,75.3,54.3,21.0,32.6
I3104,컴퓨터,2017,1434.0,277.0,914.0,254.0,849.0,12.0,586.0,436.0,150.0,150.0,83.0,0.0,24.0,59.2,69.0,51.4,17.6,30.2
I3104,컴퓨터,2018,1631.0,336.0,1017.0,286.0,992.0,14.0,639.0,454.0,185.0,165.0,106.0,0.0,25.0,60.8,64.4,45.7,18.7,29.8
I3104,컴퓨터,2019,2615.0,534.0,1697.0,405.0,1051.0,19.0,1564.0,1318.0,246.0,195.0,138.0,0.0,31.0,40.2,148.8,125.4,23.4,34.7
I3105,통신기기,2010,137947.0,45494.0,48395.0,6750.0,93707.0,578.0,44240.0,37458.0,6782.0,7120.0,1873.0,4.0,1938.0,67.9,47.2,40.0,7.2,11.7
I3105,통신기기,2011,150109.0,50394.0,51934.0,7350.0,102874.0,606.0,47235.0,39346.0,7889.0,6140.0,2611.0,0.0,2214.0,68.5,45.9,38.2,7.7,10.7
I3105,통신기기,2012,165975.0,47535.0,56183.0,7363.0,120308.0,505.0,45667.0,36576.0,9091.0,4668.0,2674.0,0.0,2334.0,72.5,38.0,30.4,7.6,8.0
I3105,통신기기,2013,189351.0,50012.0,73418.0,7923.0,136930.0,446.0,52421.0,40730.0,11691.0,4179.0,1747.0,0.0,3585.0,72.3,38.3,29.7,8.5,6.9
I3105,통신기기,2014,200435.0,52688.0,76198.0,7906.0,147235.0,568.0,53200.0,42212.0,10988.0,4512.0,1837.0,0.0,4179.0,73.5,36.1,28.7,7.5,7.2
I3105,통신기기,2015,205422.0,54113.0,80708.0,8847.0,151029.0,641.0,54393.0,43135.0,11258.0,8560.0,2350.0,3.0,4146.0,73.5,36.0,28.6,7.5,10.0
I3105,통신기기,2016,212563.0,57014.0,83820.0,8393.0,152501.0,676.0,60063.0,48481.0,11582.0,10409.0,2172.0,2.0,4619.0,71.7,39.4,31.8,7.6,11.3
I3105,통신기기,2017,238159.0,72845.0,85384.0,10445.0,167741.0,704.0,70418.0,60180.0,10238.0,13884.0,2593.0,2.0,4679.0,70.4,42.0,35.9,6.1,12.6
I3105,통신기기,2018,259692.0,81010.0,94362.0,15409.0,189702.0,770.0,69990.0,58154.0,11836.0,11874.0,3061.0,0.0,4883.0,73.0,36.9,30.7,6.2,10.4
I3105,통신기기,2019,257766.0,84433.0,87482.0,14854.0,194841.0,767.0,62925.0,51406.0,11519.0,11922.0,3512.0,3.0,4765.0,75.6,32.3,26.4,5.9,10.4
I3106,가전,2010,7769.0,2072.0,4108.0,815.0,4520.0,84.0,3250.0,2635.0,614.0,931.0,335.0,1.0,43.0,58.2,71.9,58.3,13.6,29.0
I3106,가전,2011,8397.0,2071.0,4494.0,911.0,4875.0,88.0,3522.0,2805.0,717.0,973.0,406.0,0.0,47.0,58.1,72.3,57.6,14.7,29.3
I3106,가전,2012,8609.0,2172.0,4508.0,942.0,5146.0,90.0,3462.0,2695.0,767.0,1011.0,412.0,0.0,83.0,59.8,67.3,52.4,14.9,29.3
I3106,가전,2013,9658.0,2563.0,4969.0,1119.0,5592.0,88.0,4067.0,3164.0,902.0,1131.0,477.0,0.0,132.0,57.9,72.7,56.6,16.1,31.1
I3106,가전,2014,10687.0,2813.0,5420.0,1255.0,6135.0,99.0,4552.0,3560.0,992.0,1428.0,504.0,0.0,149.0,57.4,74.2,58.0,16.2,33.9
I3106,가전,2015,11219.0,3032.0,5549.0,1220.0,6695.0,93.0,4524.0,3505.0,1019.0,1338.0,581.0,0.0,113.0,59.7,67.6,52.4,15.2,30.3
I3106,가전,2016,11948.0,3436.0,5845.0,1270.0,7042.0,88.0,4906.0,3754.0,1152.0,1366.0,764.0,0.0,41.0,58.9,69.7,53.3,16.4,30.8
I3106,가전,2017,12749.0,3695.0,6280.0,1373.0,7275.0,98.0,5474.0,4265.0,1209.0,1453.0,711.0,2.0,123.0,57.1,75.2,58.6,16.6,31.5
I3106,가전,2018,13119.0,3854.0,6273.0,1445.0,7402.0,109.0,5717.0,4273.0,1443.0,1445.0,766.0,0.0,274.0,56.4,77.2,57.7,19.5,33.6
I3106,가전,2019,14908.0,4289.0,6503.0,1495.0,8703.0,122.0,6205.0,4647.0,1557.0,1482.0,781.0,2.0,253.0,58.4,71.3,53.4,17.9,28.9
I3107,정밀기기,2010,8226.0,2260.0,4335.0,926.0,4665.0,112.0,3561.0,2584.0,977.0,1007.0,577.0,4.0,136.0,56.7,76.3,55.4,21.0,37.0
I3107,정밀기기,2011,9219.0,2459.0,4831.0,1050.0,5180.0,124.0,4039.0,3094.0,945.0,1144.0,502.0,16.0,142.0,56.2,78.0,59.7,18.2,34.8
I3107,정밀기기,2012,10246.0,2828.0,5259.0,1162.0,5931.0,130.0,4314.0,3169.0,1146.0,1253.0,695.0,10.0,169.0,57.9,72.7,53.4,19.3,35.9
I3107,정밀기기,2013,11839.0,3399.0,6143.0,1334.0,6855.0,127.0,4985.0,3653.0,1332.0,1394.0,828.0,0.0,206.0,57.9,72.7,53.3,19.4,35.4
I3107,정밀기기,2014,13281.0,3720.0,7007.0,1473.0,7683.0,134.0,5598.0,4136.0,1462.0,1553.0,944.0,0.0,169.0,57.8,72.9,53.8,19.0,34.7
I3107,정밀기기,2015,15005.0,4104.0,7993.0,1601.0,8917.0,128.0,6088.0,4433.0,1655.0,1624.0,1108.0,0.0,161.0,59.4,68.3,49.7,18.6,32.5
I3107,정밀기기,2016,16969.0,4570.0,9170.0,1853.0,10198.0,124.0,6772.0,5010.0,1762.0,1675.0,1074.0,0.0,226.0,60.1,66.4,49.1,17.3,29.2
I3107,정밀기기,2017,18762.0,5189.0,9665.0,2135.0,11164.0,135.0,7598.0,5461.0,2138.0,1840.0,1217.0,0.0,332.0,59.5,68.1,48.9,19.1,30.4
I3107,정밀기기,2018,20546.0,5600.0,10521.0,2193.0,12151.0,177.0,8395.0,5916.0,2478.0,1913.0,1389.0,2.0,348.0,59.1,69.1,48.7,20.4,30.1
I3107,정밀기기,2019,22860.0,6239.0,11825.0,2483.0,13427.0,205.0,9433.0,6695.0,2738.0,2155.0,1534.0,0.0,308.0,58.7,70.3,49.9,20.4,29.8
I3108,전지,2010,9765.0,1926.0,3247.0,592.0,7570.0,33.0,2195.0,1553.0,642.0,219.0,80.0,0.0,202.0,77.5,29.0,20.5,8.5,6.6
I3108,전지,2011,10436.0,2308.0,3354.0,678.0,7591.0,28.0,2845.0,2321.0,524.0,717.0,186.0,0.0,5.0,72.7,37.5,30.6,6.9,12.0
I3108,전지,2012,14224.0,2224.0,3427.0,621.0,10272.0,37.0,3952.0,2217.0,1735.0,604.0,407.0,0.0,201.0,72.2,38.5,21.6,16.9,11.8
I3108,전지,2013,13869.0,2277.0,3194.0,667.0,10043.0,45.0,3826.0,2168.0,1658.0,742.0,419.0,0.0,401.0,72.4,38.1,21.6,16.5,15.6
I3108,전지,2014,19185.0,3851.0,4800.0,918.0,14242.0,59.0,4943.0,3003.0,1940.0,882.0,141.0,0.0,708.0,74.2,34.7,21.1,13.6,12.2
I3108,전지,2015,18856.0,3549.0,5650.0,911.0,13737.0,23.0,5119.0,3501.0,1618.0,768.0,142.0,0.0,512.0,72.9,37.3,25.5,11.8,10.4
I3108,전지,2016,17801.0,2896.0,5034.0,957.0,13307.0,27.0,4494.0,3033.0,1462.0,578.0,231.0,0.0,317.0,74.8,33.8,22.8,11.0,8.5
I3108,전지,2017,18168.0,3220.0,5054.0,1119.0,13467.0,34.0,4700.0,3512.0,1189.0,1138.0,214.0,0.0,110.0,74.1,34.9,26.1,8.8,10.9
I3108,전지,2018,21504.0,4392.0,6944.0,1746.0,14430.0,58.0,7075.0,4750.0,2325.0,1825.0,409.0,0.0,742.0,67.1,49.0,32.9,16.1,20.6
I3108,전지,2019,23456.0,5836.0,7059.0,1796.0,15752.0,72.0,7704.0,4512.0,3192.0,1588.0,1010.0,0.0,994.0,67.2,48.9,28.6,20.3,22.8
I3109,항공,2010,4713.0,1326.0,2113.0,680.0,1966.0,31.0,2747.0,1715.0,1032.0,524.0,295.0,0.0,401.0,41.7,139.7,87.2,52.5,62.1
I3109,항공,2011,5350.0,1320.0,2433.0,697.0,2553.0,43.0,2797.0,1605.0,1192.0,329.0,391.0,0.0,455.0,47.7,109.5,62.9,46.7,46.0
I3109,항공,2012,5562.0,1352.0,2705.0,813.0,2569.0,39.0,2993.0,1756.0,1237.0,219.0,379.0,0.0,459.0,46.2,116.5,68.4,48.1,41.1
I3109,항공,2013,5932.0,1519.0,2874.0,896.0,2705.0,31.0,3227.0,2163.0,1064.0,305.0,270.0,0.0,362.0,45.6,119.3,80.0,39.3,34.6
I3109,항공,2014,6342.0,1505.0,3142.0,977.0,2773.0,32.0,3569.0,2464.0,1105.0,427.0,254.0,0.0,361.0,43.7,128.7,88.8,39.9,37.6
I3109,항공,2015,7998.0,2017.0,4210.0,1073.0,3845.0,48.0,4153.0,2607.0,1546.0,445.0,486.0,0.0,324.0,48.1,108.0,67.8,40.2,32.6
I3109,항공,2016,9075.0,2179.0,4224.0,1167.0,4203.0,56.0,4872.0,2633.0,2239.0,429.0,789.0,0.0,648.0,46.3,115.9,62.6,53.3,44.4
I3109,항공,2017,8742.0,2068.0,3772.0,1018.0,3888.0,74.0,4854.0,2654.0,2200.0,892.0,612.0,0.0,780.0,44.5,124.8,68.3,56.6,58.8
I3109,항공,2018,9648.0,2250.0,4360.0,1951.0,3764.0,81.0,5884.0,3441.0,2443.0,550.0,679.0,0.0,677.0,39.0,156.3,91.4,64.9,50.6
I3109,항공,2019,10915.0,2428.0,4762.0,2032.0,4047.0,85.0,6867.0,3793.0,3074.0,662.0,1007.0,0.0,934.0,37.1,169.7,93.7,76.0,64.3
I3201,석유화학,2010,70277.0,26171.0,29450.0,7883.0,40869.0,630.0,29409.0,19804.0,9605.0,4717.0,3346.0,33.0,3267.0,58.2,72.0,48.5,23.5,27.8
I3201,석유화학,2011,88069.0,32583.0,39223.0,9888.0,49931.0,748.0,38138.0,25526.0,12611.0,6170.0,4006.0,2.0,5136.0,56.7,76.4,51.1,25.3,30.7
I3201,석유화학,2012,93879.0,36738.0,38722.0,10801.0,53771.0,731.0,40108.0,24898.0,15210.0,5975.0,5412.0,0.0,6382.0,57.3,74.6,46.3,28.3,33.0
I3201,석유화학,2013,98057.0,38784.0,39871.0,10948.0,56422.0,706.0,41635.0,25124.0,16510.0,6618.0,6088.0,0.0,6899.0,57.5,73.8,44.5,29.3,34.7
I3201,석유화학,2014,100766.0,40173.0,39566.0,11122.0,57872.0,809.0,42894.0,25790.0,17104.0,7488.0,5499.0,0.0,7808.0,57.4,74.1,44.6,29.6,35.9
I3201,석유화학,2015,103535.0,40453.0,40298.0,9376.0,62456.0,737.0,41079.0,24831.0,16249.0,6438.0,5390.0,0.0,7706.0,60.3,65.8,39.8,26.0,31.3
I3201,석유화학,2016,110899.0,39919.0,41248.0,9317.0,68145.0,708.0,42754.0,27188.0,15566.0,5742.0,5616.0,0.0,6969.0,61.4,62.7,39.9,22.8,26.9
I3201,석유화학,2017,122682.0,42199.0,47160.0,10771.0,77057.0,642.0,45625.0,30081.0,15543.0,4537.0,6065.0,1.0,6494.0,62.8,59.2,39.0,20.2,22.2
I3201,석유화학,2018,128508.0,45554.0,47140.0,12753.0,82243.0,742.0,46265.0,30027.0,16238.0,5018.0,5329.0,0.0,8349.0,64.0,56.3,36.5,19.7,22.7
I3201,석유화학,2019,134344.0,48558.0,45071.0,12816.0,83996.0,767.0,50348.0,28654.0,21694.0,4750.0,5027.0,0.0,13617.0,62.5,59.9,34.1,25.8,27.9
I3202,정밀화학,2010,42220.0,13418.0,13918.0,4424.0,23486.0,590.0,18734.0,12050.0,6683.0,3853.0,1669.0,346.0,2471.0,55.6,79.8,51.3,28.5,35.5
I3202,정밀화학,2011,45336.0,15378.0,16524.0,5189.0,24737.0,550.0,20599.0,13849.0,6750.0,4696.0,1489.0,65.0,2904.0,54.6,83.3,56.0,27.3,37.0
I3202,정밀화학,2012,47299.0,16872.0,15991.0,5292.0,26869.0,522.0,20430.0,13366.0,7064.0,4835.0,2374.0,47.0,2504.0,56.8,76.0,49.7,26.3,36.3
I3202,정밀화학,2013,50310.0,18405.0,17196.0,5188.0,28245.0,466.0,22065.0,13154.0,8911.0,4129.0,3159.0,0.0,3585.0,56.1,78.1,46.6,31.5,38.5
I3202,정밀화학,2014,55588.0,19615.0,19708.0,5537.0,31506.0,495.0,24082.0,14955.0,9127.0,4476.0,3014.0,1.0,3546.0,56.7,76.4,47.5,29.0,35.0
I3202,정밀화학,2015,59587.0,20319.0,20858.0,5643.0,34134.0,503.0,25453.0,16273.0,9180.0,5575.0,3205.0,0.0,3330.0,57.3,74.6,47.7,26.9,35.5
I3202,정밀화학,2016,65126.0,22205.0,23223.0,5952.0,38594.0,457.0,26532.0,17938.0,8594.0,6066.0,3448.0,0.0,2697.0,59.3,68.7,46.5,22.3,31.6
I3202,정밀화학,2017,68817.0,23768.0,24019.0,6168.0,41704.0,454.0,27113.0,18549.0,8564.0,6257.0,3285.0,0.0,2574.0,60.6,65.0,44.5,20.5,29.1
I3202,정밀화학,2018,71222.0,24307.0,25215.0,7179.0,44040.0,513.0,27181.0,17468.0,9713.0,5952.0,3284.0,0.0,3634.0,61.8,61.7,39.7,22.1,29.2
I3202,정밀화학,2019,76991.0,25405.0,28144.0,7498.0,46182.0,678.0,30809.0,21078.0,9730.0,6534.0,3117.0,3.0,3286.0,60.0,66.7,45.6,21.1,28.0
I3203,기타 전자부품,2010,27056.0,8952.0,11763.0,2455.0,14509.0,296.0,12547.0,8649.0,3898.0,2925.0,1955.0,12.0,1277.0,53.6,86.5,59.6,26.9,42.5
I3203,기타 전자부품,2011,30224.0,10155.0,13548.0,2847.0,15432.0,384.0,14791.0,10434.0,4358.0,3956.0,2471.0,0.0,1074.0,51.1,95.8,67.6,28.2,48.6
I3203,기타 전자부품,2012,33524.0,11174.0,15160.0,3053.0,16847.0,463.0,16678.0,11756.0,4922.0,3779.0,2528.0,20.0,1296.0,50.3,99.0,69.8,29.2,45.3
I3203,기타 전자부품,2013,35296.0,11783.0,15661.0,3074.0,18797.0,410.0,16499.0,11345.0,5154.0,3817.0,2627.0,1.0,1326.0,53.3,87.8,60.4,27.4,41.3
I3203,기타 전자부품,2014,36949.0,12121.0,16907.0,2943.0,20627.0,372.0,16322.0,12077.0,4245.0,4132.0,2505.0,8.0,591.0,55.8,79.1,58.5,20.6,35.1
I3203,기타 전자부품,2015,37206.0,12450.0,16367.0,2957.0,20890.0,317.0,16316.0,11582.0,4733.0,4245.0,2668.0,1.0,854.0,56.1,78.1,55.4,22.7,37.2
I3203,기타 전자부품,2016,38604.0,12523.0,17165.0,3070.0,21586.0,311.0,17018.0,12486.0,4532.0,3939.0,2368.0,0.0,862.0,55.9,78.8,57.8,21.0,33.2
I3203,기타 전자부품,2017,41860.0,13975.0,18720.0,3615.0,22776.0,317.0,19084.0,14090.0,4995.0,4087.0,2544.0,43.0,1094.0,54.4,83.8,61.9,21.9,34.1
I3203,기타 전자부품,2018,43550.0,14603.0,19544.0,3910.0,24434.0,359.0,19116.0,13752.0,5364.0,4036.0,2743.0,5.0,1063.0,56.1,78.2,56.3,22.0,32.1
I3203,기타 전자부품,2019,45998.0,14514.0,20991.0,4012.0,26418.0,355.0,19580.0,14932.0,4648.0,4204.0,2360.0,53.0,719.0,57.4,74.1,56.5,17.6,27.8
I3204,전기기기,2010,19954.0,5747.0,10474.0,2139.0,8557.0,423.0,11397.0,8479.0,2917.0,2734.0,1215.0,5.0,1269.0,42.9,133.2,99.1,34.1,61.0
I3204,전기기기,2011,21933.0,6153.0,11433.0,2349.0,8835.0,441.0,13098.0,9443.0,3655.0,2987.0,1292.0,0.0,1783.0,40.3,148.2,106.9,41.4,68.6
I3204,전기기기,2012,22664.0,6367.0,12209.0,2549.0,9594.0,392.0,13070.0,9265.0,3805.0,2655.0,1564.0,0.0,1645.0,42.3,136.2,96.6,39.7,61.1
I3204,전기기기,2013,21913.0,6615.0,11715.0,2438.0,10006.0,355.0,11907.0,8355.0,3551.0,2469.0,2262.0,0.0,710.0,45.7,119.0,83.5,35.5,54.4
I3204,전기기기,2014,23252.0,6813.0,12348.0,2618.0,10731.0,272.0,12522.0,9159.0,3362.0,2861.0,1981.0,0.0,743.0,46.1,116.7,85.4,31.3,52.0
I3204,전기기기,2015,24467.0,7201.0,12971.0,2639.0,11951.0,249.0,12516.0,8741.0,3774.0,2719.0,1868.0,0.0,1160.0,48.8,104.7,73.1,31.6,48.1
I3204,전기기기,2016,26182.0,7554.0,13913.0,2730.0,13113.0,229.0,13069.0,9313.0,3756.0,2835.0,1907.0,2.0,1163.0,50.1,99.7,71.0,28.6,45.0
I3204,전기기기,2017,29572.0,8303.0,16362.0,3440.0,14680.0,244.0,14892.0,10467.0,4425.0,2987.0,2146.0,1.0,1305.0,49.6,101.4,71.3,30.1,43.9
I3204,전기기기,2018,33502.0,9490.0,18113.0,3947.0,15979.0,312.0,17523.0,12452.0,5072.0,3842.0,2385.0,1.0,1451.0,47.7,109.7,77.9,31.7,48.1
I3204,전기기기,2019,36576.0,10062.0,19906.0,4328.0,17195.0,347.0,19381.0,13646.0,5750.0,3549.0,2333.0,5.0,1964.0,47.0,112.7,79.4,33.4,45.7
I3205,일반목적기계,2010,35455.0,9772.0,16832.0,3044.0,15711.0,504.0,19744.0,14711.0,5034.0,3728.0,1829.0,6.0,1319.0,44.3,125.7,93.6,32.0,43.8
I3205,일반목적기계,2011,40887.0,10806.0,19777.0,3804.0,17128.0,455.0,23758.0,18259.0,5499.0,4965.0,2082.0,0.0,1371.0,41.9,138.7,106.6,32.1,49.1
I3205,일반목적기계,2012,42303.0,11677.0,20920.0,4022.0,18058.0,581.0,24245.0,16718.0,7527.0,4399.0,3333.0,0.0,1967.0,42.7,134.3,92.6,41.7,53.7
I3205,일반목적기계,2013,43587.0,13255.0,19911.0,4019.0,19533.0,617.0,24054.0,16268.0,7787.0,4068.0,4516.0,7.0,1278.0,44.8,123.1,83.3,39.9,50.5
I3205,일반목적기계,2014,43916.0,13734.0,19623.0,4092.0,20310.0,567.0,23606.0,16354.0,7252.0,4539.0,4318.0,0.0,1134.0,46.2,116.2,80.5,35.7,49.2
I3205,일반목적기계,2015,45896.0,14619.0,20775.0,3970.0,21161.0,511.0,24735.0,17309.0,7426.0,5661.0,3796.0,0.0,1557.0,46.1,116.9,81.8,35.1,52.0
I3205,일반목적기계,2016,47214.0,15171.0,20609.0,3938.0,21181.0,620.0,26033.0,18930.0,7103.0,4732.0,3478.0,1.0,1728.0,44.9,122.9,89.4,33.5,46.9
I3205,일반목적기계,2017,49081.0,15949.0,21143.0,4159.0,23472.0,507.0,25609.0,18300.0,7309.0,5645.0,2765.0,1.0,2424.0,47.8,109.1,78.0,31.1,46.2
I3205,일반목적기계,2018,49880.0,16361.0,22524.0,4648.0,23188.0,568.0,26692.0,18647.0,8045.0,5113.0,3302.0,0.0,2690.0,46.5,115.1,80.4,34.7,47.9
I3205,일반목적기계,2019,53606.0,16829.0,23514.0,5221.0,24138.0,603.0,29467.0,21131.0,8336.0,6708.0,3976.0,0.0,2168.0,45.0,122.1,87.5,34.5,53.2
I3206,특수목적기계,2010,27845.0,8336.0,14716.0,3802.0,12024.0,465.0,15822.0,11430.0,4391.0,2890.0,2415.0,12.0,1011.0,43.2,131.6,95.1,36.5,52.6
I3206,특수목적기계,2011,32655.0,9584.0,16554.0,4176.0,14439.0,407.0,18216.0,12469.0,5745.0,3477.0,2670.0,2.0,2047.0,44.2,126.2,86.4,39.8,56.8
I3206,특수목적기계,2012,34402.0,10700.0,16009.0,3937.0,15984.0,521.0,18417.0,12355.0,6062.0,4340.0,2895.0,7.0,2061.0,46.5,115.2,77.3,37.9,58.2
I3206,특수목적기계,2013,38120.0,12333.0,17659.0,4336.0,18151.0,573.0,19969.0,13127.0,6842.0,4457.0,3512.0,2.0,2181.0,47.6,110.0,72.3,37.7,55.9
I3206,특수목적기계,2014,43649.0,13500.0,18943.0,4554.0,21765.0,561.0,21885.0,14322.0,7563.0,5249.0,4027.0,1.0,2346.0,49.9,100.6,65.8,34.7,53.4
I3206,특수목적기계,2015,44203.0,14570.0,18614.0,4653.0,22419.0,531.0,21785.0,15083.0,6701.0,5610.0,3832.0,0.0,1528.0,50.7,97.2,67.3,29.9,48.9
I3206,특수목적기계,2016,51010.0,15345.0,23029.0,5171.0,26145.0,496.0,24865.0,17739.0,7126.0,5380.0,4185.0,1.0,1522.0,51.3,95.1,67.8,27.3,42.4
I3206,특수목적기계,2017,59584.0,17209.0,29184.0,6975.0,30303.0,562.0,29281.0,21495.0,7786.0,6671.0,4127.0,28.0,2044.0,50.9,96.6,70.9,25.7,42.5
I3206,특수목적기계,2018,61996.0,18245.0,29906.0,8179.0,32266.0,657.0,29729.0,21143.0,8586.0,6749.0,4890.0,2.0,1933.0,52.0,92.1,65.5,26.6,42.1
I3206,특수목적기계,2019,66038.0,19507.0,31474.0,8583.0,34786.0,679.0,31253.0,23046.0,8207.0,6756.0,4725.0,13.0,1578.0,52.7,89.8,66.3,23.6,37.6
I3207,자동차,2010,135966.0,42700.0,52335.0,10220.0,72740.0,1220.0,63225.0,45944.0,17282.0,7731.0,4213.0,11.0,3285.0,53.5,86.9,63.2,23.8,21.0
I3207,자동차,2011,164922.0,49922.0,66370.0,12466.0,87747.0,1337.0,77175.0,56890.0,20285.0,14250.0,4837.0,45.0,3746.0,53.2,88.0,64.8,23.1,26.1
I3207,자동차,2012,176246.0,54070.0,70888.0,11873.0,97903.0,1303.0,78343.0,55117.0,23226.0,13755.0,7259.0,1.0,3711.0,55.5,80.0,56.3,23.7,25.3
I3207,자동차,2013,188947.0,57137.0,77636.0,12200.0,110064.0,1190.0,78883.0,55434.0,23450.0,12516.0,8908.0,1.0,3158.0,58.3,71.7,50.4,21.3,22.3
I3207,자동차,2014,208574.0,63643.0,86943.0,13069.0,121940.0,1195.0,86633.0,60597.0,26036.0,14383.0,10774.0,0.0,2918.0,58.5,71.0,49.7,21.4,23.0
I3207,자동차,2015,227099.0,77839.0,87784.0,13751.0,131964.0,1224.0,95135.0,66871.0,28264.0,15706.0,12380.0,0.0,3374.0,58.1,72.1,50.7,21.4,23.8
I3207,자동차,2016,240715.0,80734.0,95467.0,14457.0,141245.0,1287.0,99469.0,69251.0,30219.0,17404.0,13215.0,0.0,4452.0,58.7,70.4,49.0,21.4,24.8
I3207,자동차,2017,246740.0,82854.0,96741.0,15432.0,145494.0,1451.0,101246.0,69417.0,31829.0,17943.0,11911.0,0.0,6104.0,59.0,69.6,47.7,21.9,24.7
I3207,자동차,2018,251229.0,83984.0,97206.0,15959.0,150536.0,1488.0,100694.0,70930.0,29764.0,18289.0,10045.0,86.0,6157.0,59.9,66.9,47.1,19.8,23.0
I3207,자동차,2019,267160.0,89740.0,103187.0,17405.0,157128.0,1452.0,110032.0,78823.0,31209.0,20685.0,10093.0,11.0,6295.0,58.8,70.0,50.2,19.9,23.6
I3208,철도,2010,3569.0,1363.0,1904.0,285.0,1237.0,66.0,2332.0,1619.0,713.0,284.0,86.0,0.0,392.0,34.7,188.5,130.9,57.6,61.6
I3208,철도,2011,3691.0,1328.0,1979.0,188.0,1245.0,61.0,2446.0,1493.0,953.0,232.0,105.0,0.0,541.0,33.7,196.4,119.9,76.5,70.5
I3208,철도,2012,3786.0,1295.0,2084.0,197.0,1311.0,57.0,2475.0,1541.0,934.0,170.0,213.0,0.0,412.0,34.6,188.7,117.5,71.2,60.6
I3208,철도,2013,4462.0,1321.0,2748.0,232.0,1926.0,56.0,2535.0,1713.0,822.0,233.0,281.0,0.0,202.0,43.2,131.6,88.9,42.7,37.2
I3208,철도,2014,4566.0,1279.0,2855.0,256.0,1863.0,45.0,2702.0,1437.0,1266.0,167.0,361.0,0.0,601.0,40.8,145.0,77.1,67.9,60.6
I3208,철도,2015,5177.0,1275.0,3478.0,262.0,1583.0,56.0,3594.0,2038.0,1555.0,609.0,231.0,0.0,1025.0,30.6,227.0,128.7,98.2,117.8
I3208,철도,2016,4616.0,1214.0,2939.0,185.0,1627.0,59.0,2990.0,1682.0,1308.0,275.0,92.0,0.0,926.0,35.2,183.8,103.4,80.4,79.4
I3208,철도,2017,4371.0,1196.0,2748.0,210.0,1594.0,49.0,2777.0,1484.0,1293.0,208.0,145.0,0.0,885.0,36.5,174.2,93.1,81.1,77.6
I3208,철도,2018,4438.0,1212.0,2825.0,282.0,1320.0,47.0,3118.0,1937.0,1181.0,236.0,213.0,0.0,700.0,29.7,236.2,146.7,89.5,87.0
I3208,철도,2019,4705.0,1342.0,2957.0,363.0,1062.0,54.0,3644.0,2609.0,1035.0,510.0,193.0,0.0,570.0,22.6,343.2,245.7,97.5,119.9
I3209,기타 수송장비,2010,543.0,212.0,238.0,62.0,288.0,9.0,254.0,204.0,50.0,98.0,30.0,0.0,0.0,53.1,88.2,70.8,17.4,44.2
I3209,기타 수송장비,2011,586.0,229.0,269.0,65.0,317.0,10.0,268.0,215.0,54.0,117.0,33.0,0.0,0.0,54.2,84.6,67.6,16.9,47.4
I3209,기타 수송장비,2012,603.0,258.0,267.0,80.0,339.0,10.0,264.0,198.0,67.0,105.0,43.0,0.0,0.0,56.2,77.9,58.2,19.7,43.7
I3209,기타 수송장비,2013,638.0,275.0,275.0,77.0,388.0,8.0,249.0,194.0,56.0,87.0,32.0,0.0,0.0,60.9,64.2,49.8,14.3,30.5
I3209,기타 수송장비,2014,678.0,292.0,277.0,73.0,405.0,7.0,273.0,212.0,60.0,98.0,32.0,0.0,0.0,59.8,67.3,52.4,14.9,32.1
I3209,기타 수송장비,2015,813.0,320.0,286.0,86.0,431.0,7.0,382.0,229.0,153.0,102.0,118.0,0.0,6.0,53.0,88.6,53.1,35.5,52.3
I3209,기타 수송장비,2016,853.0,329.0,264.0,85.0,455.0,8.0,398.0,259.0,140.0,134.0,102.0,0.0,8.0,53.3,87.6,56.8,30.7,53.7
I3209,기타 수송장비,2017,796.0,235.0,179.0,57.0,453.0,9.0,343.0,229.0,114.0,118.0,81.0,0.0,17.0,56.9,75.7,50.6,25.1,47.8
I3209,기타 수송장비,2018,826.0,236.0,227.0,68.0,475.0,9.0,351.0,245.0,106.0,89.0,79.0,0.0,8.0,57.5,73.8,51.5,22.3,37.0
I3209,기타 수송장비,2019,846.0,235.0,239.0,59.0,451.0,8.0,395.0,311.0,84.0,147.0,37.0,0.0,8.0,53.3,87.6,68.9,18.7,42.4
I3301,석유정제,2010,67277.0,28462.0,31961.0,14198.0,26507.0,717.0,40770.0,26816.0,13954.0,7283.0,2894.0,0.0,9851.0,39.4,153.8,101.2,52.6,75.6
I3301,석유정제,2011,85170.0,28010.0,41852.0,19240.0,38462.0,797.0,46708.0,34048.0,12660.0,9171.0,2676.0,0.0,8435.0,45.2,121.4,88.5,32.9,52.7
I3301,석유정제,2012,80954.0,28822.0,37544.0,17439.0,40595.0,819.0,40359.0,26756.0,13603.0,5601.0,2392.0,0.0,9669.0,50.1,99.4,65.9,33.5,43.5
I3301,석유정제,2013,81257.0,30332.0,36309.0,17834.0,40162.0,691.0,41094.0,27463.0,13631.0,5902.0,1637.0,0.0,10601.0,49.4,102.3,68.4,33.9,45.2
I3301,석유정제,2014,75326.0,31399.0,28506.0,11553.0,38029.0,648.0,37297.0,22646.0,14651.0,6551.0,1367.0,0.0,12162.0,50.5,98.1,59.5,38.5,52.8
I3301,석유정제,2015,72755.0,31394.0,26306.0,8136.0,41189.0,595.0,31565.0,16955.0,14610.0,2537.0,1429.0,0.0,11964.0,56.6,76.6,41.2,35.5,38.7
I3301,석유정제,2016,79617.0,32599.0,32362.0,10767.0,44422.0,538.0,35195.0,21717.0,13477.0,3024.0,2186.0,0.0,10136.0,55.8,79.2,48.9,30.3,34.5
I3301,석유정제,2017,84619.0,35237.0,34680.0,14184.0,47598.0,485.0,37022.0,23962.0,13060.0,2484.0,2480.0,0.0,9229.0,56.2,77.8,50.3,27.4,29.8
I3301,석유정제,2018,87760.0,37585.0,34151.0,15304.0,47235.0,541.0,40525.0,25000.0,15525.0,4372.0,2774.0,0.0,10558.0,53.8,85.8,52.9,32.9,37.5
I3301,석유정제,2019,92330.0,41343.0,33264.0,15214.0,47107.0,727.0,45222.0,25159.0,20063.0,4809.0,2588.0,0.0,13728.0,51.0,96.0,53.4,42.6,44.8
I3302,고무,2010,6543.0,2402.0,2595.0,646.0,2507.0,146.0,4036.0,2520.0,1515.0,891.0,1035.0,30.0,140.0,38.3,161.0,100.5,60.4,83.6
I3302,고무,2011,8322.0,2784.0,3617.0,808.0,2900.0,161.0,5422.0,3509.0,1913.0,1582.0,1187.0,0.0,261.0,34.8,187.0,121.0,66.0,104.5
I3302,고무,2012,13140.0,4463.0,5531.0,1225.0,6326.0,184.0,6814.0,4444.0,2370.0,2262.0,1422.0,0.0,405.0,48.1,107.7,70.3,37.5,64.6
I3302,고무,2013,13859.0,4758.0,5829.0,1120.0,7218.0,179.0,6641.0,5123.0,1518.0,2021.0,667.0,0.0,301.0,52.1,92.0,71.0,21.0,41.4
I3302,고무,2014,14897.0,5154.0,5969.0,1019.0,8043.0,158.0,6853.0,4319.0,2534.0,1963.0,1456.0,0.0,411.0,54.0,85.2,53.7,31.5,47.6
I3302,고무,2015,15943.0,5406.0,5145.0,975.0,8625.0,122.0,7318.0,4685.0,2633.0,2001.0,949.0,0.0,920.0,54.1,84.8,54.3,30.5,44.9
I3302,고무,2016,16447.0,5493.0,5527.0,944.0,9390.0,124.0,7057.0,4619.0,2439.0,1675.0,779.0,0.0,851.0,57.1,75.2,49.2,26.0,35.2
I3302,고무,2017,16737.0,5581.0,5624.0,1024.0,9893.0,128.0,6845.0,4965.0,1880.0,1747.0,648.0,0.0,409.0,59.1,69.2,50.2,19.0,28.3
I3302,고무,2018,17127.0,5464.0,5879.0,1048.0,10302.0,137.0,6825.0,3906.0,2919.0,1583.0,1266.0,0.0,654.0,60.1,66.3,37.9,28.3,34.0
I3302,고무,2019,17197.0,5453.0,5533.0,1076.0,10765.0,131.0,6431.0,3658.0,2774.0,1263.0,1294.0,12.0,462.0,62.6,59.7,34.0,25.8,28.2
I3303,플라스틱,2010,16077.0,6198.0,7550.0,1698.0,8037.0,245.0,8040.0,6016.0,2025.0,2418.0,1244.0,1.0,377.0,50.0,100.0,74.8,25.2,50.3
I3303,플라스틱,2011,18737.0,7271.0,8632.0,1951.0,9220.0,296.0,9517.0,7043.0,2474.0,2834.0,1363.0,9.0,545.0,49.2,103.2,76.4,26.8,51.5
I3303,플라스틱,2012,20063.0,8160.0,8823.0,2041.0,10109.0,320.0,9954.0,7283.0,2672.0,2870.0,1581.0,3.0,499.0,50.4,98.5,72.0,26.4,49.0
I3303,플라스틱,2013,22374.0,9149.0,9648.0,2188.0,11201.0,277.0,11173.0,7934.0,3239.0,3178.0,2039.0,0.0,574.0,50.1,99.8,70.8,28.9,51.7
I3303,플라스틱,2014,24638.0,10229.0,10099.0,2268.0,12580.0,290.0,12058.0,8093.0,3965.0,3382.0,2512.0,10.0,702.0,51.1,95.9,64.3,31.5,52.5
I3303,플라스틱,2015,26870.0,11108.0,11000.0,2232.0,13661.0,266.0,13210.0,8454.0,4756.0,3623.0,3177.0,0.0,777.0,50.8,96.7,61.9,34.8,55.5
I3303,플라스틱,2016,28803.0,12126.0,11559.0,2363.0,15045.0,275.0,13758.0,9133.0,4626.0,3188.0,3212.0,0.0,588.0,52.2,91.4,60.7,30.7,46.4
I3303,플라스틱,2017,31067.0,13267.0,12299.0,2627.0,16166.0,278.0,14901.0,9713.0,5189.0,3640.0,3479.0,0.0,802.0,52.0,92.2,60.1,32.1,49.0
I3303,플라스틱,2018,32495.0,14040.0,12568.0,2803.0,16860.0,312.0,15636.0,10128.0,5508.0,3833.0,3315.0,0.0,1164.0,51.9,92.7,60.1,32.7,49.3
I3303,플라스틱,2019,34078.0,15146.0,13076.0,2998.0,17805.0,332.0,16273.0,10212.0,6061.0,3744.0,3806.0,0.0,1102.0,52.2,91.4,57.4,34.0,48.6
I3304,유리,2010,12124.0,5802.0,5603.0,594.0,7973.0,46.0,4152.0,2518.0,1634.0,263.0,1452.0,0.0,3.0,65.8,52.1,31.6,20.5,21.6
I3304,유리,2011,14505.0,6869.0,6359.0,751.0,10255.0,59.0,4250.0,2618.0,1632.0,454.0,1291.0,0.0,4.0,70.7,41.4,25.5,15.9,17.1
I3304,유리,2012,13783.0,6871.0,5991.0,712.0,10187.0,58.0,3597.0,2271.0,1326.0,495.0,1028.0,4.0,10.0,73.9,35.3,22.3,13.0,15.1
I3304,유리,2013,13905.0,6810.0,6178.0,663.0,10621.0,58.0,3285.0,2097.0,1187.0,535.0,964.0,4.0,7.0,76.4,30.9,19.7,11.2,14.2
I3304,유리,2014,11232.0,6818.0,3551.0,686.0,5979.0,214.0,5253.0,2319.0,2934.0,603.0,2632.0,4.0,9.0,53.2,87.9,38.8,49.1,54.3
I3304,유리,2015,11031.0,6664.0,2975.0,692.0,5535.0,222.0,5495.0,2190.0,3305.0,500.0,2573.0,0.0,60.0,50.2,99.3,39.6,59.7,56.6
I3304,유리,2016,11427.0,6438.0,3255.0,626.0,5857.0,213.0,5570.0,2173.0,3397.0,522.0,2443.0,0.0,9.0,51.3,95.1,37.1,58.0,50.8
I3304,유리,2017,11299.0,6435.0,3173.0,638.0,6224.0,207.0,5075.0,2527.0,2548.0,471.0,1689.0,0.0,18.0,55.1,81.5,40.6,40.9,35.0
I3304,유리,2018,11486.0,6431.0,3246.0,737.0,6752.0,207.0,4734.0,2180.0,2555.0,514.0,1472.0,0.0,29.0,58.8,70.1,32.3,37.8,29.8
I3304,유리,2019,11746.0,6445.0,3381.0,842.0,7033.0,43.0,4714.0,2152.0,2561.0,507.0,1517.0,0.0,13.0,59.9,67.0,30.6,36.4,29.0
I3305,세라믹,2010,2123.0,778.0,736.0,298.0,1277.0,28.0,847.0,591.0,255.0,315.0,117.0,0.0,4.0,60.1,66.3,46.3,20.0,34.1
I3305,세라믹,2011,2284.0,865.0,794.0,343.0,1346.0,28.0,938.0,668.0,270.0,378.0,125.0,0.0,2.0,58.9,69.7,49.7,20.0,37.5
I3305,세라믹,2012,2389.0,868.0,905.0,367.0,1457.0,29.0,932.0,604.0,327.0,313.0,166.0,2.0,10.0,61.0,63.9,41.5,22.5,33.7
I3305,세라믹,2013,2425.0,915.0,908.0,350.0,1488.0,26.0,937.0,563.0,374.0,248.0,220.0,0.0,2.0,61.4,63.0,37.8,25.1,31.6
I3305,세라믹,2014,2484.0,948.0,861.0,371.0,1520.0,22.0,964.0,627.0,338.0,255.0,187.0,0.0,9.0,61.2,63.4,41.2,22.2,29.7
I3305,세라믹,2015,2452.0,971.0,938.0,365.0,1522.0,20.0,930.0,616.0,314.0,270.0,181.0,0.0,8.0,62.1,61.1,40.5,20.6,30.2
I3305,세라믹,2016,2586.0,969.0,996.0,380.0,1610.0,17.0,976.0,676.0,300.0,286.0,170.0,0.0,3.0,62.3,60.6,42.0,18.7,28.5
I3305,세라믹,2017,2688.0,952.0,1071.0,422.0,1691.0,17.0,997.0,749.0,248.0,375.0,119.0,0.0,4.0,62.9,59.0,44.3,14.7,29.4
I3305,세라믹,2018,2771.0,962.0,1088.0,440.0,1728.0,18.0,1043.0,725.0,318.0,369.0,199.0,0.0,5.0,62.4,60.4,42.0,18.4,33.2
I3305,세라믹,2019,2895.0,1048.0,1081.0,473.0,1807.0,21.0,1088.0,726.0,362.0,376.0,239.0,0.0,2.0,62.4,60.2,40.2,20.0,34.2
I3306,시멘트,2010,15115.0,7329.0,4682.0,951.0,6160.0,417.0,8955.0,6058.0,2897.0,2101.0,1475.0,198.0,476.0,40.8,145.4,98.3,47.0,69.0
I3306,시멘트,2011,16236.0,7416.0,5618.0,1035.0,6657.0,458.0,9579.0,6811.0,2767.0,2491.0,1480.0,191.0,420.0,41.0,143.9,102.3,41.6,68.8
I3306,시멘트,2012,16184.0,7456.0,5614.0,1337.0,6932.0,448.0,9251.0,6823.0,2428.0,2440.0,1147.0,177.0,420.0,42.8,133.5,98.4,35.0,60.3
I3306,시멘트,2013,17111.0,7980.0,5844.0,1158.0,7140.0,394.0,9971.0,7068.0,2903.0,2489.0,1316.0,161.0,285.0,41.7,139.7,99.0,40.7,59.5
I3306,시멘트,2014,17380.0,8188.0,5727.0,1146.0,8871.0,281.0,8509.0,5741.0,2767.0,2091.0,1196.0,152.0,317.0,51.0,95.9,64.7,31.2,42.3
I3306,시멘트,2015,19422.0,8623.0,7446.0,1578.0,10177.0,203.0,9245.0,6368.0,2877.0,2094.0,1454.0,157.0,188.0,52.4,90.8,62.6,28.3,38.3
I3306,시멘트,2016,21042.0,8620.0,7904.0,1273.0,11759.0,179.0,9282.0,6428.0,2854.0,2359.0,1446.0,7.0,339.0,55.9,78.9,54.7,24.3,35.3
I3306,시멘트,2017,23072.0,9463.0,8717.0,1339.0,12883.0,184.0,10189.0,6537.0,3652.0,2188.0,1965.0,20.0,495.0,55.8,79.1,50.7,28.3,36.2
I3306,시멘트,2018,24219.0,9870.0,7936.0,1596.0,13591.0,226.0,10628.0,6385.0,4243.0,2053.0,2507.0,77.0,541.0,56.1,78.2,47.0,31.2,38.1
I3306,시멘트,2019,25146.0,10109.0,8339.0,1607.0,13677.0,232.0,11470.0,6517.0,4952.0,1956.0,2716.0,32.0,843.0,54.4,83.9,47.7,36.2,40.6
I3307,기타비금속,2010,3401.0,1552.0,1186.0,217.0,1689.0,76.0,1711.0,962.0,749.0,266.0,608.0,0.0,18.0,49.7,101.3,57.0,44.3,52.8
I3307,기타비금속,2011,3770.0,1675.0,1357.0,278.0,1761.0,84.0,2009.0,1615.0,394.0,519.0,228.0,0.0,5.0,46.7,114.1,91.7,22.4,42.7
I3307,기타비금속,2012,3910.0,1688.0,1487.0,306.0,1869.0,89.0,2041.0,1227.0,814.0,465.0,632.0,0.0,19.0,47.8,109.2,65.6,43.6,59.7
I3307,기타비금속,2013,4062.0,1769.0,1586.0,284.0,1855.0,102.0,2207.0,1703.0,504.0,462.0,287.0,0.0,24.0,45.7,119.0,91.8,27.2,41.7
I3307,기타비금속,2014,4357.0,1829.0,1800.0,318.0,2420.0,93.0,1937.0,1073.0,864.0,428.0,269.0,0.0,12.0,55.6,80.0,44.3,35.7,29.3
I3307,기타비금속,2015,4487.0,1865.0,1823.0,294.0,2601.0,66.0,1886.0,1089.0,798.0,448.0,321.0,0.0,17.0,58.0,72.5,41.9,30.7,30.2
I3307,기타비금속,2016,4920.0,2003.0,1959.0,320.0,2882.0,58.0,2038.0,1297.0,741.0,478.0,476.0,0.0,20.0,58.6,70.7,45.0,25.7,33.8
I3307,기타비금속,2017,5124.0,2115.0,1997.0,365.0,3098.0,53.0,2026.0,1368.0,658.0,511.0,399.0,0.0,37.0,60.5,65.4,44.1,21.3,30.6
I3307,기타비금속,2018,5562.0,2254.0,2262.0,390.0,3237.0,49.0,2325.0,1409.0,916.0,583.0,587.0,0.0,83.0,58.2,71.8,43.5,28.3,38.7
I3307,기타비금속,2019,5805.0,2368.0,2352.0,436.0,3405.0,57.0,2399.0,1535.0,864.0,575.0,577.0,0.0,38.0,58.7,70.5,45.1,25.4,34.9
I3308,철강,2010,109601.0,48329.0,36773.0,15779.0,63001.0,1265.0,46600.0,27842.0,18758.0,9881.0,6842.0,16.0,9426.0,57.5,74.0,44.2,29.8,41.5
I3308,철강,2011,122228.0,53100.0,42121.0,18351.0,67981.0,1717.0,54247.0,31001.0,23246.0,13094.0,7277.0,0.0,13515.0,55.6,79.8,45.6,34.2,49.8
I3308,철강,2012,122908.0,56914.0,38251.0,15537.0,71021.0,1674.0,51888.0,28081.0,23807.0,9858.0,7966.0,51.0,12830.0,57.8,73.1,39.5,33.5,43.2
I3308,철강,2013,131937.0,62578.0,38327.0,15387.0,78036.0,1302.0,53900.0,28860.0,25040.0,10374.0,8361.0,5.0,13168.0,59.1,69.1,37.0,32.1,40.9
I3308,철강,2014,128519.0,60100.0,37633.0,15101.0,77737.0,1427.0,50781.0,27779.0,23002.0,9926.0,8586.0,0.0,11034.0,60.5,65.3,35.7,29.6,38.0
I3308,철강,2015,127213.0,61384.0,34272.0,12527.0,80169.0,1308.0,47044.0,25699.0,21345.0,9647.0,8729.0,2.0,9357.0,63.0,58.7,32.1,26.6,34.6
I3308,철강,2016,129013.0,62086.0,35154.0,12953.0,83630.0,1079.0,45383.0,24649.0,20734.0,8468.0,8349.0,1.0,8753.0,64.8,54.3,29.5,24.8,30.6
I3308,철강,2017,132561.0,60985.0,40397.0,15047.0,86900.0,1049.0,45661.0,27425.0,18236.0,8397.0,6858.0,2.0,7451.0,65.6,52.5,31.6,21.0,26.1
I3308,철강,2018,134217.0,59402.0,44144.0,17093.0,87129.0,1084.0,47089.0,26911.0,20178.0,8480.0,7426.0,2.0,8510.0,64.9,54.0,30.9,23.2,28.0
I3308,철강,2019,136643.0,58815.0,46066.0,17147.0,88926.0,1073.0,47717.0,25171.0,22546.0,7971.0,7269.0,4.0,10470.0,65.1,53.7,28.3,25.4,28.9
I3309,비철금속,2010,20147.0,6028.0,10542.0,5063.0,10614.0,247.0,9533.0,7622.0,1912.0,4138.0,853.0,59.0,365.0,52.7,89.8,71.8,18.0,51.0
I3309,비철금속,2011,23049.0,6877.0,11778.0,5333.0,12415.0,287.0,10635.0,8003.0,2632.0,5028.0,1209.0,35.0,490.0,53.9,85.7,64.5,21.2,54.5
I3309,비철금속,2012,24282.0,7617.0,11749.0,5067.0,13445.0,315.0,10836.0,7827.0,3010.0,4681.0,1636.0,35.0,363.0,55.4,80.6,58.2,22.4,49.9
I3309,비철금속,2013,25238.0,8306.0,11641.0,4999.0,14254.0,274.0,10983.0,8009.0,2974.0,4707.0,1524.0,35.0,372.0,56.5,77.1,56.2,20.9,46.6
I3309,비철금속,2014,26853.0,8945.0,12460.0,5631.0,14892.0,265.0,11961.0,8832.0,3129.0,5385.0,1681.0,0.0,374.0,55.5,80.3,59.3,21.0,50.0
I3309,비철금속,2015,26353.0,9473.0,11169.0,4840.0,15207.0,244.0,11146.0,7979.0,3167.0,4584.0,1730.0,0.0,316.0,57.7,73.3,52.5,20.8,43.6
I3309,비철금속,2016,27879.0,9471.0,12314.0,5220.0,16250.0,212.0,11629.0,8640.0,2989.0,4714.0,1591.0,0.0,334.0,58.3,71.6,53.2,18.4,40.9
I3309,비철금속,2017,28877.0,9274.0,14044.0,5713.0,17139.0,221.0,11737.0,8930.0,2808.0,4569.0,1264.0,6.0,361.0,59.4,68.5,52.1,16.4,36.2
I3309,비철금속,2018,30863.0,10128.0,14840.0,6143.0,18775.0,244.0,12088.0,8976.0,3112.0,4590.0,1528.0,5.0,371.0,60.8,64.4,47.8,16.6,34.6
I3309,비철금속,2019,31182.0,10176.0,14996.0,6100.0,19377.0,250.0,11805.0,8790.0,3015.0,4217.0,1375.0,0.0,390.0,62.1,60.9,45.4,15.6,30.9
I3310,주조,2010,2550.0,1012.0,1103.0,327.0,1109.0,48.0,1441.0,1048.0,393.0,613.0,303.0,0.0,9.0,43.5,129.9,94.5,35.4,83.4
I3310,주조,2011,2967.0,1223.0,1285.0,416.0,1228.0,55.0,1739.0,1233.0,507.0,706.0,369.0,0.0,26.0,41.4,141.7,100.4,41.3,89.7
I3310,주조,2012,3288.0,1367.0,1386.0,466.0,1383.0,67.0,1905.0,1338.0,567.0,787.0,413.0,0.0,36.0,42.1,137.7,96.7,41.0,89.3
I3310,주조,2013,3444.0,1496.0,1452.0,483.0,1454.0,63.0,1990.0,1412.0,578.0,853.0,439.0,0.0,18.0,42.2,136.8,97.1,39.7,90.0
I3310,주조,2014,3700.0,1624.0,1589.0,502.0,1540.0,65.0,2160.0,1555.0,605.0,920.0,458.0,1.0,35.0,41.6,140.2,100.9,39.3,91.8
I3310,주조,2015,3760.0,1683.0,1485.0,440.0,1663.0,62.0,2097.0,1446.0,651.0,874.0,489.0,3.0,40.0,44.2,126.1,87.0,39.2,84.6
I3310,주조,2016,3949.0,1745.0,1524.0,438.0,1760.0,56.0,2190.0,1602.0,588.0,826.0,451.0,0.0,12.0,44.6,124.5,91.1,33.4,73.3
I3310,주조,2017,4052.0,1872.0,1530.0,489.0,1898.0,53.0,2154.0,1560.0,594.0,878.0,408.0,0.0,17.0,46.8,113.5,82.2,31.3,68.7
I3310,주조,2018,4154.0,1893.0,1610.0,519.0,1968.0,55.0,2185.0,1581.0,605.0,874.0,425.0,0.0,16.0,47.4,111.0,80.3,30.7,66.8
I3310,주조,2019,4252.0,1935.0,1646.0,532.0,2032.0,57.0,2220.0,1616.0,604.0,916.0,416.0,0.0,14.0,47.8,109.2,79.5,29.7,66.2
I3311,조립금속,2010,19763.0,7718.0,9507.0,2566.0,9277.0,338.0,10486.0,7572.0,2914.0,3319.0,2027.0,0.0,250.0,46.9,113.0,81.6,31.4,60.3
I3311,조립금속,2011,23430.0,9167.0,11385.0,3248.0,10276.0,409.0,13153.0,9710.0,3443.0,4361.0,2227.0,0.0,392.0,43.9,128.0,94.5,33.5,67.9
I3311,조립금속,2012,25639.0,10347.0,11954.0,3323.0,11475.0,468.0,14164.0,9997.0,4167.0,4418.0,2882.0,0.0,379.0,44.8,123.4,87.1,36.3,66.9
I3311,조립금속,2013,27780.0,11218.0,13112.0,3517.0,12637.0,431.0,15142.0,10819.0,4323.0,4562.0,3025.0,0.0,357.0,45.5,119.8,85.6,34.2,62.9
I3311,조립금속,2014,30241.0,12641.0,13986.0,3598.0,14090.0,413.0,16151.0,11859.0,4293.0,4843.0,3146.0,15.0,245.0,46.6,114.6,84.2,30.5,58.5
I3311,조립금속,2015,31989.0,13783.0,14245.0,3584.0,15527.0,372.0,16462.0,11664.0,4798.0,4825.0,3487.0,0.0,227.0,48.5,106.0,75.1,30.9,55.0
I3311,조립금속,2016,34299.0,15031.0,15030.0,3670.0,17002.0,367.0,17298.0,12285.0,5013.0,4988.0,3687.0,0.0,191.0,49.6,101.7,72.3,29.5,52.2
I3311,조립금속,2017,37880.0,16124.0,16396.0,4232.0,18710.0,380.0,19170.0,13322.0,5848.0,5337.0,4146.0,3.0,397.0,49.4,102.5,71.2,31.3,52.8
I3311,조립금속,2018,39480.0,16450.0,17046.0,4493.0,19325.0,445.0,20155.0,14213.0,5942.0,5618.0,4011.0,0.0,690.0,48.9,104.3,73.5,30.7,53.4
I3311,조립금속,2019,42311.0,17335.0,18361.0,4813.0,20934.0,441.0,21378.0,15160.0,6218.0,5603.0,4055.0,0.0,828.0,49.5,102.1,72.4,29.7,50.1
I3312,조선,2010,63963.0,17769.0,30427.0,2152.0,18338.0,688.0,45625.0,36968.0,8658.0,6222.0,3095.0,235.0,1907.0,28.7,248.8,201.6,47.2,62.5
I3312,조선,2011,60413.0,18971.0,26544.0,2507.0,18679.0,557.0,41734.0,34388.0,7346.0,5602.0,2732.0,270.0,1088.0,30.9,223.4,184.1,39.3,51.9
I3312,조선,2012,60116.0,19543.0,26365.0,2754.0,18721.0,650.0,41395.0,31931.0,9464.0,7186.0,3777.0,350.0,2997.0,31.1,221.1,170.6,50.6,76.4
I3312,조선,2013,59767.0,19727.0,28003.0,2914.0,13877.0,745.0,45890.0,31209.0,14681.0,6719.0,7542.0,0.0,3415.0,23.2,330.7,224.9,105.8,127.4
I3312,조선,2014,59820.0,19993.0,30255.0,4320.0,12036.0,714.0,47783.0,35797.0,11987.0,8588.0,6275.0,0.0,2774.0,20.1,397.0,297.4,99.6,146.5
I3312,조선,2015,60608.0,20566.0,30181.0,4501.0,7910.0,850.0,52698.0,36788.0,15910.0,8709.0,10232.0,10.0,2207.0,13.1,666.2,465.1,201.1,267.5
I3312,조선,2016,54122.0,20973.0,25630.0,3131.0,14213.0,840.0,39909.0,29853.0,10056.0,8493.0,6097.0,10.0,1213.0,26.3,280.8,210.0,70.7,111.3
I3312,조선,2017,45618.0,19602.0,20805.0,2629.0,16438.0,354.0,29180.0,21123.0,8058.0,6344.0,4802.0,173.0,699.0,36.0,177.5,128.5,49.0,73.1
I3312,조선,2018,45427.0,19487.0,22031.0,3782.0,16667.0,578.0,28760.0,19213.0,9547.0,5809.0,5654.0,6.0,766.0,36.7,172.6,115.3,57.3,73.4
I3312,조선,2019,59159.0,25462.0,29271.0,5676.0,21186.0,558.0,37972.0,28707.0,9266.0,7347.0,4326.0,0.0,1507.0,35.8,179.2,135.5,43.7,62.2
I3401,음식료,2010,44449.0,17162.0,16873.0,4789.0,24576.0,484.0,19873.0,13941.0,5932.0,5106.0,2643.0,32.0,1250.0,55.3,80.9,56.7,24.1,36.7
I3401,음식료,2011,54717.0,20067.0,20970.0,6559.0,28016.0,535.0,26701.0,18806.0,7895.0,8195.0,2991.0,4.0,2398.0,51.2,95.3,67.1,28.2,48.5
I3401,음식료,2012,58301.0,21629.0,21984.0,7099.0,30219.0,672.0,28082.0,18506.0,9576.0,7563.0,3455.0,3.0,3386.0,51.8,92.9,61.2,31.7,47.7
I3401,음식료,2013,60875.0,22946.0,22885.0,6796.0,32093.0,651.0,28781.0,19113.0,9668.0,7305.0,3842.0,0.0,3067.0,52.7,89.7,59.6,30.1,44.3
I3401,음식료,2014,64190.0,24002.0,24122.0,7537.0,34076.0,596.0,30114.0,20506.0,9608.0,7931.0,3511.0,0.0,3264.0,53.1,88.4,60.2,28.2,43.2
I3401,음식료,2015,68281.0,25644.0,25119.0,7690.0,36464.0,567.0,31816.0,21291.0,10525.0,8488.0,3464.0,0.0,4151.0,53.4,87.3,58.4,28.9,44.2
I3401,음식료,2016,73158.0,27144.0,27481.0,8057.0,39775.0,552.0,33383.0,22328.0,11055.0,8574.0,3796.0,7.0,4335.0,54.4,83.9,56.1,27.8,42.0
I3401,음식료,2017,78992.0,31030.0,28798.0,8610.0,42944.0,594.0,36047.0,23700.0,12347.0,8321.0,4019.0,0.0,5560.0,54.4,83.9,55.2,28.8,41.7
I3401,음식료,2018,84219.0,33014.0,29941.0,9615.0,46394.0,662.0,37825.0,25076.0,12749.0,9169.0,4292.0,0.0,5574.0,55.1,81.5,54.1,27.5,41.0
I3401,음식료,2019,93361.0,36310.0,33644.0,10552.0,49439.0,818.0,43921.0,28510.0,15411.0,9488.0,5363.0,0.0,5924.0,53.0,88.8,57.7,31.2,42.0
I3402,담배,2010,5981.0,1447.0,3028.0,1064.0,4558.0,8.0,1423.0,1255.0,167.0,75.0,0.0,0.0,0.0,76.2,31.2,27.5,3.7,1.6
I3402,담배,2011,6259.0,1487.0,2864.0,982.0,4795.0,11.0,1464.0,1268.0,196.0,88.0,0.0,0.0,0.0,76.6,30.5,26.4,4.1,1.8
I3402,담배,2012,6843.0,1567.0,3244.0,1000.0,5188.0,9.0,1655.0,1444.0,211.0,195.0,0.0,0.0,0.0,75.8,31.9,27.8,4.1,3.8
I3402,담배,2013,6919.0,1583.0,3273.0,1068.0,5298.0,9.0,1621.0,1438.0,183.0,214.0,0.0,0.0,0.0,76.6,30.6,27.1,3.5,4.0
I3402,담배,2014,7276.0,1692.0,3534.0,1051.0,5616.0,8.0,1660.0,1448.0,212.0,309.0,0.0,0.0,0.0,77.2,29.6,25.8,3.8,5.5
I3402,담배,2015,8475.0,1704.0,4592.0,1014.0,6235.0,5.0,2239.0,2067.0,172.0,75.0,0.0,0.0,0.0,73.6,35.9,33.2,2.8,1.2
I3402,담배,2016,9747.0,1560.0,5633.0,1063.0,6533.0,5.0,3214.0,3068.0,146.0,213.0,0.0,0.0,0.0,67.0,49.2,47.0,2.2,3.3
I3402,담배,2017,10010.0,1814.0,5325.0,1077.0,7211.0,13.0,2798.0,2699.0,99.0,343.0,0.0,0.0,0.0,72.0,38.8,37.4,1.4,4.8
I3402,담배,2018,10589.0,2026.0,5416.0,1207.0,7526.0,24.0,3064.0,2973.0,91.0,1024.0,0.0,0.0,0.0,71.1,40.7,39.5,1.2,13.6
I3402,담배,2019,10610.0,1985.0,4922.0,1140.0,7986.0,24.0,2624.0,2403.0,221.0,527.0,120.0,0.0,0.0,75.3,32.8,30.1,2.8,8.1
I3403,섬유,2010,13876.0,5466.0,5510.0,1911.0,7547.0,217.0,6329.0,4600.0,1729.0,1782.0,657.0,17.0,609.0,54.4,83.9,61.0,22.9,40.6
I3403,섬유,2011,16393.0,5851.0,7024.0,2505.0,8497.0,172.0,7896.0,6037.0,1859.0,2551.0,893.0,0.0,390.0,51.8,92.9,71.1,21.9,45.1
I3403,섬유,2012,16708.0,6069.0,7018.0,2396.0,8782.0,227.0,7926.0,5961.0,1964.0,2527.0,886.0,0.0,505.0,52.6,90.2,67.9,22.4,44.6
I3403,섬유,2013,17470.0,6275.0,7365.0,2547.0,9268.0,169.0,8202.0,6195.0,2008.0,2849.0,915.0,0.0,475.0,53.0,88.5,66.8,21.7,45.7
I3403,섬유,2014,17911.0,6652.0,7117.0,2521.0,9763.0,187.0,8148.0,6128.0,2020.0,3112.0,1035.0,0.0,337.0,54.5,83.5,62.8,20.7,45.9
I3403,섬유,2015,18607.0,6829.0,7359.0,2525.0,10134.0,178.0,8474.0,5946.0,2528.0,2980.0,1278.0,0.0,412.0,54.5,83.6,58.7,24.9,46.1
I3403,섬유,2016,19754.0,7054.0,7958.0,2629.0,10719.0,172.0,9034.0,6446.0,2588.0,3048.0,1369.0,7.0,341.0,54.3,84.3,60.1,24.1,44.5
I3403,섬유,2017,20588.0,7077.0,8279.0,2615.0,11159.0,200.0,9428.0,6723.0,2706.0,3112.0,1344.0,8.0,503.0,54.2,84.5,60.2,24.2,44.5
I3403,섬유,2018,24429.0,7934.0,9799.0,3365.0,12690.0,240.0,11739.0,8618.0,3121.0,4006.0,1608.0,0.0,662.0,51.9,92.5,67.9,24.6,49.5
I3403,섬유,2019,24558.0,8163.0,9663.0,3238.0,12953.0,268.0,11605.0,8317.0,3288.0,4127.0,1574.0,8.0,686.0,52.7,89.6,64.2,25.4,49.4
I3404,의류,2010,15330.0,2972.0,8677.0,3961.0,8061.0,215.0,7269.0,5869.0,1400.0,2591.0,341.0,40.0,307.0,52.6,90.2,72.8,17.4,40.7
I3404,의류,2011,17754.0,2976.0,10115.0,5169.0,9106.0,257.0,8647.0,6900.0,1748.0,3185.0,498.0,37.0,501.0,51.3,95.0,75.8,19.2,46.4
I3404,의류,2012,19307.0,3156.0,10958.0,5328.0,9775.0,294.0,9532.0,7318.0,2214.0,3469.0,671.0,36.0,580.0,50.6,97.5,74.9,22.6,48.6
I3404,의류,2013,21469.0,3550.0,12196.0,5928.0,10792.0,254.0,10677.0,8414.0,2262.0,3926.0,796.0,47.0,429.0,50.3,98.9,78.0,21.0,48.2
I3404,의류,2014,22784.0,3770.0,12952.0,6410.0,11683.0,257.0,11102.0,8645.0,2457.0,4271.0,797.0,20.0,525.0,51.3,95.0,74.0,21.0,48.0
I3404,의류,2015,25050.0,3958.0,14501.0,7105.0,12788.0,251.0,12261.0,9513.0,2748.0,4785.0,1109.0,33.0,572.0,51.1,95.9,74.4,21.5,50.8
I3404,의류,2016,26244.0,3995.0,15556.0,7163.0,13558.0,257.0,12685.0,10336.0,2350.0,4821.0,1022.0,0.0,306.0,51.7,93.6,76.2,17.3,45.4
I3404,의류,2017,27346.0,4240.0,15957.0,7143.0,14428.0,261.0,12918.0,10577.0,2341.0,4673.0,1070.0,298.0,276.0,52.8,89.5,73.3,16.2,43.8
I3404,의류,2018,28148.0,4243.0,16189.0,7360.0,15187.0,294.0,12961.0,10699.0,2262.0,5258.0,882.0,0.0,296.0,54.0,85.3,70.4,14.9,42.4
I3404,의류,2019,29216.0,5084.0,15954.0,7784.0,16018.0,353.0,13198.0,10196.0,3002.0,4647.0,1304.0,0.0,310.0,54.8,82.4,63.7,18.7,39.1
I3405,가죽신발,2010,3570.0,1084.0,1802.0,664.0,1831.0,40.0,1739.0,1455.0,284.0,578.0,152.0,0.0,17.0,51.3,95.0,79.5,15.5,40.8
I3405,가죽신발,2011,4044.0,1004.0,2093.0,841.0,2116.0,46.0,1928.0,1601.0,327.0,635.0,133.0,2.0,67.0,52.3,91.1,75.7,15.5,39.5
I3405,가죽신발,2012,4636.0,1095.0,2539.0,890.0,2478.0,54.0,2158.0,1762.0,397.0,713.0,149.0,0.0,123.0,53.4,87.1,71.1,16.0,39.7
I3405,가죽신발,2013,5596.0,1218.0,2890.0,1067.0,3038.0,55.0,2558.0,2111.0,448.0,870.0,174.0,0.0,121.0,54.3,84.2,69.5,14.7,38.3
I3405,가죽신발,2014,5977.0,1303.0,2969.0,1163.0,3291.0,58.0,2686.0,2230.0,457.0,963.0,166.0,0.0,124.0,55.1,81.6,67.8,13.9,38.1
I3405,가죽신발,2015,6687.0,1340.0,3320.0,1267.0,3795.0,57.0,2891.0,2412.0,479.0,954.0,176.0,0.0,142.0,56.8,76.2,63.6,12.6,33.5
I3405,가죽신발,2016,7434.0,1499.0,3629.0,1309.0,4552.0,49.0,2883.0,2293.0,590.0,924.0,255.0,0.0,131.0,61.2,63.3,50.4,13.0,28.8
I3405,가죽신발,2017,7610.0,1491.0,3571.0,1259.0,4837.0,50.0,2774.0,2161.0,613.0,887.0,241.0,0.0,168.0,63.6,57.3,44.7,12.7,26.8
I3405,가죽신발,2018,7905.0,1574.0,3424.0,1308.0,5116.0,50.0,2788.0,2200.0,588.0,781.0,218.0,0.0,142.0,64.7,54.5,43.0,11.5,22.3
I3405,가죽신발,2019,8443.0,1578.0,3736.0,1370.0,5595.0,55.0,2847.0,2253.0,594.0,770.0,265.0,0.0,64.0,66.3,50.9,40.3,10.6,19.6
I3406,목재,2010,2988.0,1597.0,873.0,284.0,1463.0,57.0,1526.0,1082.0,444.0,690.0,299.0,10.0,67.0,48.9,104.3,74.0,30.3,72.9
I3406,목재,2011,3366.0,1683.0,1008.0,302.0,1630.0,60.0,1735.0,1222.0,513.0,739.0,328.0,25.0,50.0,48.4,106.4,75.0,31.5,70.0
I3406,목재,2012,3236.0,1543.0,984.0,292.0,1684.0,60.0,1552.0,1041.0,512.0,608.0,307.0,25.0,59.0,52.0,92.2,61.8,30.4,59.3
I3406,목재,2013,3766.0,1963.0,1173.0,381.0,1823.0,48.0,1943.0,1337.0,607.0,693.0,386.0,0.0,30.0,48.4,106.6,73.3,33.3,60.8
I3406,목재,2014,4092.0,2132.0,1215.0,432.0,2048.0,51.0,2043.0,1376.0,668.0,703.0,419.0,0.0,26.0,50.1,99.8,67.2,32.6,56.0
I3406,목재,2015,4400.0,2298.0,1250.0,431.0,2212.0,48.0,2188.0,1434.0,754.0,776.0,476.0,0.0,47.0,50.3,98.9,64.8,34.1,58.8
I3406,목재,2016,4694.0,2447.0,1345.0,415.0,2422.0,45.0,2272.0,1518.0,754.0,810.0,482.0,0.0,16.0,51.6,93.8,62.7,31.1,54.0
I3406,목재,2017,4922.0,2541.0,1336.0,442.0,2503.0,47.0,2419.0,1614.0,805.0,896.0,497.0,0.0,32.0,50.8,96.7,64.5,32.2,57.0
I3406,목재,2018,5179.0,2658.0,1426.0,488.0,2667.0,56.0,2512.0,1663.0,849.0,967.0,510.0,0.0,51.0,51.5,94.2,62.3,31.8,57.3
I3406,목재,2019,5404.0,2751.0,1421.0,465.0,2686.0,65.0,2719.0,1649.0,1069.0,935.0,647.0,0.0,147.0,49.7,101.2,61.4,39.8,64.4
I3407,제지,2010,11465.0,5865.0,3999.0,1135.0,5979.0,152.0,5486.0,3563.0,1923.0,1800.0,1051.0,23.0,322.0,52.1,91.8,59.6,32.2,53.4
I3407,제지,2011,12904.0,6453.0,4503.0,1281.0,6475.0,182.0,6428.0,4323.0,2105.0,2328.0,1122.0,27.0,334.0,50.2,99.3,66.8,32.5,58.8
I3407,제지,2012,13161.0,6677.0,4448.0,1235.0,7029.0,194.0,6132.0,4113.0,2020.0,1945.0,1044.0,42.0,286.0,53.4,87.2,58.5,28.7,47.2
I3407,제지,2013,13882.0,7119.0,4610.0,1317.0,7592.0,164.0,6290.0,4109.0,2181.0,1990.0,1169.0,41.0,337.0,54.7,82.8,54.1,28.7,46.6
I3407,제지,2014,14176.0,7420.0,4587.0,1338.0,7767.0,156.0,6409.0,4175.0,2234.0,1965.0,1314.0,0.0,252.0,54.8,82.5,53.8,28.8,45.5
I3407,제지,2015,15858.0,8492.0,5120.0,1511.0,8110.0,167.0,7748.0,5220.0,2528.0,2339.0,1461.0,0.0,418.0,51.1,95.5,64.4,31.2,52.0
I3407,제지,2016,16356.0,8641.0,5495.0,1402.0,8534.0,159.0,7823.0,5395.0,2427.0,2213.0,1495.0,0.0,281.0,52.2,91.7,63.2,28.4,46.7
I3407,제지,2017,17414.0,9018.0,6042.0,1815.0,8883.0,165.0,8531.0,5892.0,2638.0,2597.0,1548.0,0.0,408.0,51.0,96.0,66.3,29.7,51.3
I3407,제지,2018,18039.0,9169.0,6445.0,1976.0,9422.0,191.0,8617.0,6002.0,2615.0,2498.0,1441.0,15.0,447.0,52.2,91.5,63.7,27.8,46.7
I3407,제지,2019,19028.0,9526.0,6690.0,1913.0,10377.0,199.0,8651.0,5666.0,2985.0,2241.0,1654.0,10.0,482.0,54.5,83.4,54.6,28.8,42.3
I3408,인쇄,2010,1615.0,819.0,608.0,71.0,785.0,22.0,830.0,555.0,276.0,223.0,202.0,0.0,6.0,48.6,105.8,70.6,35.1,54.8
I3408,인쇄,2011,1766.0,912.0,648.0,80.0,837.0,25.0,929.0,634.0,295.0,240.0,217.0,0.0,9.0,47.4,111.0,75.8,35.2,55.7
I3408,인쇄,2012,1884.0,1007.0,657.0,86.0,870.0,30.0,1014.0,674.0,340.0,280.0,256.0,0.0,7.0,46.2,116.6,77.5,39.1,62.6
I3408,인쇄,2013,1971.0,1084.0,674.0,92.0,920.0,30.0,1052.0,709.0,343.0,288.0,246.0,0.0,8.0,46.7,114.3,77.1,37.2,58.8
I3408,인쇄,2014,2103.0,1196.0,667.0,89.0,1002.0,29.0,1102.0,724.0,378.0,336.0,270.0,0.0,12.0,47.6,110.0,72.2,37.7,61.7
I3408,인쇄,2015,2275.0,1277.0,748.0,100.0,1103.0,26.0,1172.0,798.0,374.0,397.0,276.0,0.0,6.0,48.5,106.3,72.4,33.9,61.5
I3408,인쇄,2016,2447.0,1322.0,832.0,110.0,1197.0,26.0,1250.0,858.0,391.0,414.0,283.0,0.0,9.0,48.9,104.4,71.7,32.7,59.0
I3408,인쇄,2017,2694.0,1446.0,852.0,117.0,1322.0,30.0,1372.0,948.0,424.0,430.0,313.0,0.0,8.0,49.1,103.8,71.7,32.0,56.7
I3408,인쇄,2018,3027.0,1644.0,960.0,150.0,1506.0,37.0,1521.0,961.0,560.0,459.0,420.0,0.0,29.0,49.7,101.0,63.8,37.2,60.3
I3408,인쇄,2019,3429.0,1860.0,1094.0,160.0,1698.0,40.0,1731.0,1141.0,590.0,533.0,457.0,0.0,9.0,49.5,101.9,67.2,34.7,58.8
I3409,가구,2010,2919.0,1031.0,1527.0,306.0,1376.0,37.0,1542.0,1269.0,273.0,393.0,142.0,6.0,14.0,47.2,112.1,92.2,19.9,40.3
I3409,가구,2011,3348.0,1153.0,1642.0,362.0,1574.0,42.0,1774.0,1426.0,348.0,440.0,188.0,10.0,29.0,47.0,112.7,90.6,22.1,42.3
I3409,가구,2012,3498.0,1249.0,1783.0,361.0,1709.0,43.0,1789.0,1443.0,347.0,439.0,204.0,4.0,15.0,48.9,104.7,84.4,20.3,38.7
I3409,가구,2013,3747.0,1264.0,2007.0,410.0,1909.0,42.0,1838.0,1440.0,398.0,430.0,257.0,0.0,15.0,50.9,96.3,75.5,20.8,36.8
I3409,가구,2014,3980.0,1351.0,2019.0,438.0,2119.0,36.0,1862.0,1452.0,410.0,426.0,251.0,1.0,27.0,53.2,87.9,68.5,19.3,33.3
I3409,가구,2015,4432.0,1522.0,2155.0,427.0,2413.0,32.0,2019.0,1567.0,452.0,433.0,293.0,2.0,25.0,54.4,83.7,64.9,18.8,31.2
I3409,가구,2016,4960.0,1697.0,2369.0,467.0,2667.0,33.0,2293.0,1737.0,555.0,467.0,373.0,0.0,38.0,53.8,86.0,65.1,20.8,32.9
I3409,가구,2017,5599.0,1955.0,2680.0,575.0,2973.0,40.0,2626.0,2043.0,583.0,473.0,384.0,0.0,44.0,53.1,88.4,68.7,19.6,30.3
I3409,가구,2018,5966.0,2148.0,2879.0,655.0,3157.0,45.0,2810.0,2161.0,649.0,523.0,448.0,0.0,30.0,52.9,89.0,68.5,20.6,31.7
I3409,가구,2019,6410.0,2499.0,2862.0,599.0,3424.0,52.0,2986.0,2230.0,756.0,622.0,507.0,4.0,39.0,53.4,87.2,65.1,22.1,34.2
I3410,기타 제조업,2010,2410.0,806.0,1027.0,308.0,1258.0,42.0,1152.0,844.0,308.0,444.0,144.0,10.0,54.0,52.2,91.6,67.1,24.5,51.9
I3410,기타 제조업,2011,2724.0,856.0,1244.0,374.0,1400.0,44.0,1324.0,1011.0,313.0,496.0,169.0,0.0,20.0,51.4,94.6,72.2,22.4,49.0
I3410,기타 제조업,2012,2929.0,952.0,1321.0,416.0,1574.0,44.0,1355.0,992.0,363.0,508.0,179.0,0.0,58.0,53.7,86.1,63.0,23.1,47.3
I3410,기타 제조업,2013,3129.0,960.0,1558.0,436.0,1738.0,41.0,1391.0,1048.0,344.0,546.0,155.0,0.0,79.0,55.5,80.1,60.3,19.8,44.8
I3410,기타 제조업,2014,3422.0,1029.0,1688.0,455.0,1923.0,43.0,1498.0,1139.0,359.0,553.0,221.0,0.0,13.0,56.2,77.9,59.2,18.7,41.0
I3410,기타 제조업,2015,3756.0,1125.0,1892.0,482.0,2259.0,37.0,1497.0,1095.0,402.0,512.0,247.0,0.0,19.0,60.1,66.3,48.5,17.8,34.5
I3410,기타 제조업,2016,4106.0,1245.0,2060.0,542.0,2490.0,32.0,1616.0,1183.0,433.0,503.0,267.0,0.0,21.0,60.6,64.9,47.5,17.4,31.8
I3410,기타 제조업,2017,4364.0,1391.0,2064.0,554.0,2640.0,33.0,1724.0,1237.0,487.0,552.0,305.0,3.0,22.0,60.5,65.3,46.9,18.5,33.4
I3410,기타 제조업,2018,4792.0,1549.0,2326.0,613.0,2924.0,37.0,1868.0,1439.0,429.0,625.0,252.0,1.0,11.0,61.0,63.9,49.2,14.7,30.4
I3410,기타 제조업,2019,5447.0,1713.0,2462.0,741.0,3351.0,46.0,2096.0,1394.0,702.0,538.0,454.0,0.0,28.0,61.5,62.6,41.6,21.0,30.4
I3101,의약,2020,64703.0,18389.0,29825.0,7385.0,41994.0,374.0,22708.0,14616.0,8092.0,4163.0,3377.0,0.0,1838.0,64.9,54.1,34.8,19.3,22.3
I3101,의약,2021,73831.0,20147.0,35000.0,8307.0,48463.0,391.0,25368.0,16824.0,8545.0,4413.0,3032.0,0.0,2772.0,65.6,52.3,34.7,17.6,21.1
I3101,의약,2022,84453.0,22885.0,38284.0,9572.0,56396.0,525.0,28056.0,19628.0,8429.0,4813.0,3038.0,0.0,2046.0,66.8,49.7,34.8,14.9,17.5
I3101,의약,2023,99499.0,24323.0,37995.0,12088.0,71378.0,688.0,28121.0,21796.0,6325.0,6493.0,2620.0,0.0,861.0,71.7,39.4,30.5,8.9,14.0
I3101,의약,2024,106162.0,27791.0,39834.0,12588.0,75047.0,736.0,31115.0,22167.0,8947.0,7198.0,3607.0,0.0,2223.0,70.7,41.5,29.5,11.9,17.4
I3101,의약,2025,114324.0,30417.0,43761.0,13577.0,78382.0,773.0,35942.0,26577.0,9365.0,8884.0,4043.0,0.0,2013.0,68.6,45.9,33.9,11.9,19.1
I3102,반도체,2020,91242.0,43589.0,24159.0,7802.0,64041.0,376.0,27201.0,14589.0,12611.0,1730.0,4955.0,0.0,5155.0,70.2,42.5,22.8,19.7,18.5
I3102,반도체,2021,117164.0,48992.0,30642.0,9111.0,76409.0,429.0,40755.0,20786.0,20051.0,1850.0,8741.0,20.0,8598.0,65.2,53.3,27.2,26.2,25.1
I3102,반도체,2022,128900.0,58485.0,33293.0,15145.0,80678.0,665.0,48222.0,24770.0,23452.0,4280.0,11038.0,0.0,8304.0,62.6,59.8,30.7,29.1,29.3
I3102,반도체,2023,132298.0,57027.0,33501.0,13414.0,76337.0,1595.0,55960.0,25948.0,30012.0,4937.0,13918.0,0.0,10737.0,57.7,73.3,34.0,39.3,38.8
I3102,반도체,2024,155009.0,67390.0,43972.0,13712.0,94728.0,1644.0,60281.0,33558.0,26723.0,3682.0,9244.0,0.0,13213.0,61.1,63.6,35.4,28.2,27.6
I3102,반도체,2025,213411.0,87205.0,63865.0,14975.0,142067.0,1242.0,71344.0,47381.0,23963.0,3657.0,6085.0,0.0,13018.0,66.6,50.2,33.4,16.9,16.0
I3103,디스플레이,2020,80986.0,27605.0,34530.0,2318.0,55410.0,265.0,25576.0,18467.0,7109.0,2602.0,4250.0,0.0,1977.0,68.4,46.2,33.3,12.8,15.9
I3103,디스플레이,2021,89069.0,25466.0,43074.0,3314.0,59523.0,265.0,29546.0,22987.0,6559.0,2787.0,4347.0,0.0,1055.0,66.8,49.6,38.6,11.0,13.8
I3103,디스플레이,2022,91471.0,25823.0,44805.0,2824.0,60568.0,275.0,30904.0,24150.0,6754.0,3623.0,4249.0,0.0,1210.0,66.2,51.0,39.9,11.2,15.0
I3103,디스플레이,2023,99967.0,24803.0,29129.0,2618.0,67110.0,523.0,32857.0,24308.0,8549.0,2891.0,5004.0,0.0,1158.0,67.1,49.0,36.2,12.7,13.5
I3103,디스플레이,2024,102631.0,25467.0,31085.0,2413.0,66912.0,730.0,35719.0,29697.0,6022.0,4593.0,4014.0,0.0,553.0,65.2,53.4,44.4,9.0,13.7
I3103,디스플레이,2025,107104.0,24151.0,35621.0,2806.0,75822.0,574.0,31283.0,25012.0,6270.0,4798.0,5107.0,0.0,133.0,70.8,41.3,33.0,8.3,13.2
I3104,컴퓨터,2020,2798.0,736.0,1734.0,396.0,1554.0,22.0,1244.0,927.0,317.0,327.0,148.0,0.0,16.0,55.5,80.1,59.7,20.4,31.6
I3104,컴퓨터,2021,3434.0,915.0,2103.0,617.0,1862.0,19.0,1572.0,1326.0,246.0,340.0,181.0,1.0,9.0,54.2,84.4,71.2,13.2,28.5
I3104,컴퓨터,2022,3731.0,1019.0,2297.0,625.0,1964.0,26.0,1767.0,1516.0,251.0,764.0,181.0,0.0,8.0,52.6,90.0,77.2,12.8,48.6
I3104,컴퓨터,2023,3829.0,1121.0,2244.0,601.0,2487.0,37.0,1342.0,1046.0,296.0,304.0,222.0,0.0,5.0,64.9,54.0,42.1,11.9,21.3
I3104,컴퓨터,2024,3488.0,874.0,2117.0,580.0,2077.0,44.0,1411.0,1059.0,352.0,380.0,248.0,0.0,12.0,59.5,67.9,51.0,17.0,30.8
I3104,컴퓨터,2025,3731.0,894.0,2277.0,653.0,2188.0,37.0,1543.0,1112.0,431.0,374.0,292.0,0.0,30.0,58.7,70.5,50.8,19.7,31.9
I3105,통신기기,2020,274060.0,96520.0,90776.0,16921.0,201766.0,475.0,72294.0,61096.0,11198.0,14287.0,3326.0,1.0,4740.0,73.6,35.8,30.3,5.5,11.1
I3105,통신기기,2021,298080.0,113466.0,93175.0,19620.0,212329.0,458.0,85750.0,72092.0,13659.0,10976.0,3292.0,0.0,4850.0,71.2,40.4,34.0,6.4,9.0
I3105,통신기기,2022,307366.0,132751.0,77942.0,32007.0,230231.0,685.0,77135.0,64165.0,12971.0,4478.0,3971.0,1.0,4244.0,74.9,33.5,27.9,5.6,5.5
I3105,통신기기,2023,347433.0,149731.0,89069.0,33273.0,246479.0,1106.0,100955.0,61314.0,39641.0,8300.0,26744.0,4.0,4642.0,70.9,41.0,24.9,16.1,16.1
I3105,통신기기,2024,379705.0,161009.0,104014.0,32948.0,259679.0,1354.0,120026.0,101042.0,18984.0,13122.0,7234.0,48.0,3230.0,68.4,46.2,38.9,7.3,9.1
I3105,통신기기,2025,415154.0,165215.0,122053.0,31767.0,279595.0,1419.0,135559.0,93514.0,42045.0,17902.0,27080.0,27.0,5104.0,67.3,48.5,33.4,15.0,17.9
I3106,가전,2020,15645.0,4234.0,7106.0,1512.0,8970.0,110.0,6675.0,4795.0,1880.0,1551.0,904.0,0.0,395.0,57.3,74.4,53.5,21.0,31.8
I3106,가전,2021,17033.0,4555.0,7604.0,1896.0,9648.0,123.0,7385.0,5303.0,2082.0,1610.0,942.0,0.0,443.0,56.6,76.5,55.0,21.6,31.0
I3106,가전,2022,17693.0,4675.0,7674.0,2137.0,10013.0,154.0,7679.0,5573.0,2107.0,1926.0,1014.0,35.0,428.0,56.6,76.7,55.7,21.0,34.0
I3106,가전,2023,17886.0,4943.0,7564.0,1848.0,10108.0,207.0,7778.0,5892.0,1886.0,1913.0,828.0,20.0,367.0,56.5,76.9,58.3,18.7,31.0
I3106,가전,2024,18653.0,5208.0,7948.0,1854.0,10579.0,227.0,8074.0,6168.0,1906.0,2082.0,857.0,0.0,354.0,56.7,76.3,58.3,18.0,31.1
I3106,가전,2025,18933.0,5415.0,7856.0,1937.0,10547.0,203.0,8386.0,6264.0,2121.0,2214.0,932.0,0.0,561.0,55.7,79.5,59.4,20.1,35.2
I3107,정밀기기,2020,25878.0,6903.0,13685.0,2865.0,14944.0,201.0,10933.0,7990.0,2948.0,2501.0,1728.0,0.0,317.0,57.7,73.2,53.5,19.7,30.4
I3107,정밀기기,2021,31594.0,7914.0,17202.0,3371.0,18438.0,251.0,13156.0,9666.0,3490.0,2656.0,1995.0,0.0,464.0,58.4,71.4,52.4,18.9,27.7
I3107,정밀기기,2022,34083.0,8953.0,17902.0,3862.0,20765.0,313.0,13318.0,9979.0,3338.0,3120.0,2054.0,0.0,277.0,60.9,64.1,48.1,16.1,26.2
I3107,정밀기기,2023,36562.0,9915.0,17546.0,4156.0,22157.0,442.0,14405.0,11143.0,3262.0,3659.0,1942.0,0.0,241.0,60.6,65.0,50.3,14.7,26.4
I3107,정밀기기,2024,40679.0,10806.0,19493.0,4249.0,24961.0,477.0,15719.0,11678.0,4041.0,3832.0,2477.0,0.0,326.0,61.4,63.0,46.8,16.2,26.6
I3107,정밀기기,2025,44152.0,11688.0,21358.0,4648.0,27597.0,466.0,16555.0,12266.0,4289.0,3898.0,2605.0,0.0,296.0,62.5,60.0,44.4,15.5,24.6
I3108,전지,2020,37793.0,7733.0,11624.0,2675.0,24305.0,84.0,13488.0,7941.0,5547.0,1540.0,1088.0,0.0,2940.0,64.3,55.5,32.7,22.8,22.9
I3108,전지,2021,54211.0,9840.0,20129.0,4399.0,33250.0,147.0,20960.0,13472.0,7488.0,2782.0,1196.0,0.0,3846.0,61.3,63.0,40.5,22.5,23.5
I3108,전지,2022,75863.0,12205.0,30611.0,7663.0,47700.0,328.0,28164.0,20780.0,7384.0,5590.0,2002.0,0.0,2901.0,62.9,59.0,43.6,15.5,22.0
I3108,전지,2023,87271.0,16668.0,27546.0,7024.0,52161.0,649.0,35109.0,21892.0,13217.0,6705.0,3371.0,16.0,7274.0,59.8,67.3,42.0,25.3,33.3
I3108,전지,2024,101041.0,19561.0,29222.0,5581.0,54853.0,1150.0,46187.0,25578.0,20610.0,10455.0,5977.0,0.0,12160.0,54.3,84.2,46.6,37.6,52.1
I3108,전지,2025,109906.0,22293.0,27703.0,5848.0,60733.0,1343.0,49173.0,27149.0,22023.0,8643.0,6852.0,0.0,12699.0,55.3,81.0,44.7,36.3,46.4
I3109,항공,2020,11943.0,2551.0,5568.0,2221.0,4073.0,93.0,7870.0,4577.0,3293.0,703.0,933.0,0.0,1278.0,34.1,193.2,112.4,80.8,71.5
I3109,항공,2021,13273.0,2452.0,6064.0,2182.0,4142.0,105.0,9131.0,5085.0,4046.0,635.0,945.0,0.0,1980.0,31.2,220.4,122.7,97.7,85.9
I3109,항공,2022,18878.0,3079.0,10096.0,2938.0,4901.0,117.0,13977.0,10413.0,3563.0,750.0,939.0,0.0,1292.0,26.0,285.2,212.5,72.7,60.8
I3109,항공,2023,23934.0,4280.0,11907.0,4092.0,5613.0,198.0,18320.0,14841.0,3479.0,1299.0,1007.0,0.0,781.0,23.5,326.4,264.4,62.0,55.0
I3109,항공,2024,28583.0,4572.0,15168.0,5506.0,6724.0,280.0,21859.0,17224.0,4635.0,2501.0,868.0,0.0,2051.0,23.5,325.1,256.2,68.9,80.6
I3109,항공,2025,38275.0,5046.0,21845.0,7625.0,12685.0,344.0,25590.0,20138.0,5452.0,2557.0,1168.0,0.0,2534.0,33.1,201.7,158.7,43.0,49.3
I3201,석유화학,2020,138804.0,51309.0,45027.0,10312.0,83557.0,782.0,55247.0,33763.0,21484.0,5455.0,5851.0,0.0,11970.0,60.2,66.1,40.4,25.7,27.9
I3201,석유화학,2021,162144.0,55224.0,56942.0,17369.0,99755.0,691.0,62389.0,37304.0,25085.0,7536.0,7427.0,0.0,13603.0,61.5,62.5,37.4,25.1,28.6
I3201,석유화학,2022,175218.0,58794.0,58585.0,18369.0,105778.0,1075.0,69440.0,40571.0,28869.0,10456.0,10148.0,0.0,14724.0,60.4,65.6,38.4,27.3,33.4
I3201,석유화학,2023,183059.0,62631.0,55333.0,16415.0,108862.0,1863.0,74197.0,44899.0,29298.0,11301.0,12285.0,0.0,13687.0,59.5,68.2,41.2,26.9,34.2
I3201,석유화학,2024,191308.0,65724.0,56111.0,16921.0,112405.0,2151.0,78903.0,52375.0,26529.0,12073.0,11787.0,20.0,11108.0,58.8,70.2,46.6,23.6,31.1
I3201,석유화학,2025,194039.0,65209.0,57964.0,16469.0,118057.0,2140.0,75982.0,49961.0,26021.0,12362.0,12746.0,51.0,9693.0,60.8,64.4,42.3,22.0,29.5
I3202,정밀화학,2020,79869.0,25831.0,27925.0,7303.0,50013.0,470.0,29857.0,20245.0,9611.0,6705.0,3518.0,0.0,2724.0,62.6,59.7,40.5,19.2,25.9
I3202,정밀화학,2021,85989.0,26156.0,31709.0,8629.0,53540.0,462.0,32449.0,22190.0,10259.0,6803.0,4282.0,0.0,2866.0,62.3,60.6,41.4,19.2,26.1
I3202,정밀화학,2022,91457.0,26176.0,34600.0,9462.0,55483.0,600.0,35974.0,24486.0,11488.0,7545.0,5029.0,20.0,2735.0,60.7,64.8,44.1,20.7,27.6
I3202,정밀화학,2023,96232.0,28077.0,35148.0,9494.0,59027.0,973.0,37205.0,25720.0,11485.0,8611.0,4969.0,0.0,2432.0,61.3,63.0,43.6,19.5,27.1
I3202,정밀화학,2024,103248.0,30060.0,37656.0,10526.0,63000.0,1069.0,40248.0,27552.0,12696.0,9895.0,5692.0,2.0,2931.0,61.0,63.9,43.7,20.2,29.4
I3202,정밀화학,2025,115263.0,33012.0,40697.0,11049.0,70916.0,967.0,44347.0,30262.0,14085.0,10610.0,6053.0,0.0,2895.0,61.5,62.5,42.7,19.9,27.6
I3203,기타 전자부품,2020,49541.0,14951.0,23696.0,4663.0,28989.0,298.0,20551.0,15585.0,4979.0,4525.0,2529.0,39.0,884.0,58.5,70.9,53.8,17.2,27.5
I3203,기타 전자부품,2021,59436.0,17038.0,29962.0,6305.0,35708.0,284.0,23728.0,18264.0,5464.0,4111.0,2597.0,23.0,1177.0,60.1,66.4,51.1,15.3,22.1
I3203,기타 전자부품,2022,66047.0,19232.0,31992.0,7479.0,39628.0,401.0,26419.0,20150.0,6269.0,5072.0,3389.0,191.0,848.0,60.0,66.7,50.8,15.8,24.0
I3203,기타 전자부품,2023,70453.0,20864.0,31674.0,6911.0,42031.0,608.0,28422.0,21513.0,6909.0,5518.0,3779.0,18.0,960.0,59.7,67.6,51.2,16.4,24.4
I3203,기타 전자부품,2024,76302.0,21829.0,35141.0,7072.0,45823.0,692.0,30479.0,22613.0,7866.0,6178.0,4087.0,10.0,1290.0,60.1,66.5,49.3,17.2,25.2
I3203,기타 전자부품,2025,86877.0,21785.0,39281.0,8257.0,51571.0,700.0,35305.0,25671.0,9634.0,7452.0,4686.0,0.0,1736.0,59.4,68.5,49.8,18.7,26.9
I3204,전기기기,2020,37993.0,10204.0,20670.0,4394.0,18214.0,316.0,19779.0,14455.0,5324.0,3449.0,2146.0,0.0,1618.0,47.9,108.6,79.4,29.2,39.6
I3204,전기기기,2021,41642.0,11132.0,22823.0,5434.0,20263.0,274.0,21379.0,15555.0,5824.0,3932.0,2611.0,0.0,1592.0,48.7,105.5,76.8,28.7,40.1
I3204,전기기기,2022,45834.0,11712.0,25850.0,7088.0,22121.0,389.0,23713.0,17774.0,5939.0,5086.0,2632.0,1.0,1567.0,48.3,107.2,80.3,26.8,42.0
I3204,전기기기,2023,48942.0,12996.0,26961.0,7696.0,23613.0,614.0,25329.0,19050.0,6279.0,5255.0,2721.0,0.0,1665.0,48.2,107.3,80.7,26.6,40.8
I3204,전기기기,2024,56849.0,15897.0,30656.0,8192.0,27486.0,644.0,29364.0,22121.0,7242.0,5668.0,3279.0,0.0,1419.0,48.3,106.8,80.5,26.3,37.7
I3204,전기기기,2025,65005.0,17886.0,35199.0,9616.0,30035.0,618.0,34969.0,27509.0,7460.0,6338.0,3074.0,0.0,1635.0,46.2,116.4,91.6,24.8,36.8
I3205,일반목적기계,2020,54271.0,16822.0,23691.0,4995.0,24588.0,574.0,29683.0,21658.0,8029.0,8554.0,3826.0,0.0,2161.0,45.3,120.7,88.1,32.7,59.1
I3205,일반목적기계,2021,62277.0,18652.0,27050.0,5980.0,29123.0,543.0,33154.0,24139.0,9015.0,8453.0,4233.0,0.0,2592.0,46.8,113.8,82.9,31.0,52.5
I3205,일반목적기계,2022,64771.0,18987.0,29089.0,7035.0,30743.0,613.0,34027.0,24382.0,9646.0,7119.0,5099.0,0.0,2105.0,47.5,110.7,79.3,31.4,46.6
I3205,일반목적기계,2023,71876.0,20222.0,32166.0,7372.0,35157.0,867.0,36719.0,27385.0,9334.0,7766.0,4496.0,0.0,2265.0,48.9,104.4,77.9,26.5,41.3
I3205,일반목적기계,2024,76440.0,21613.0,34434.0,7755.0,38025.0,961.0,38415.0,28523.0,9892.0,9461.0,4501.0,0.0,2396.0,49.7,101.0,75.0,26.0,43.0
I3205,일반목적기계,2025,81431.0,22938.0,36143.0,7897.0,42060.0,887.0,39371.0,28887.0,10484.0,8717.0,5482.0,2.0,1402.0,51.7,93.6,68.7,24.9,37.1
I3206,특수목적기계,2020,69789.0,20082.0,33255.0,8764.0,37424.0,618.0,32365.0,22846.0,9519.0,7114.0,5173.0,5.0,2320.0,53.6,86.5,61.0,25.4,39.0
I3206,특수목적기계,2021,79047.0,21402.0,39027.0,10874.0,42716.0,581.0,36331.0,26044.0,10329.0,6596.0,6208.0,3.0,1982.0,54.0,85.1,61.0,24.2,34.6
I3206,특수목적기계,2022,86014.0,22811.0,44011.0,13970.0,46931.0,711.0,39083.0,28913.0,10170.0,7366.0,6636.0,0.0,1150.0,54.6,83.3,61.6,21.7,32.3
I3206,특수목적기계,2023,93959.0,25019.0,48099.0,15161.0,52307.0,964.0,41652.0,31860.0,9792.0,8583.0,6491.0,1.0,671.0,55.7,79.6,60.9,18.7,30.1
I3206,특수목적기계,2024,99061.0,27830.0,49381.0,14833.0,56293.0,1000.0,42769.0,32464.0,10304.0,9426.0,6580.0,0.0,1083.0,56.8,76.0,57.7,18.3,30.4
I3206,특수목적기계,2025,101068.0,28803.0,49700.0,13330.0,58763.0,904.0,42305.0,31731.0,10574.0,9897.0,6795.0,60.0,908.0,58.1,72.0,54.0,18.0,30.1
I3207,자동차,2020,279518.0,90547.0,110383.0,18246.0,157098.0,1428.0,122421.0,87086.0,35335.0,23612.0,13304.0,17.0,7209.0,56.2,77.9,55.4,22.5,28.1
I3207,자동차,2021,290586.0,92063.0,113066.0,19435.0,162602.0,1329.0,127984.0,91264.0,36720.0,23290.0,12300.0,84.0,8782.0,56.0,78.7,56.1,22.6,27.3
I3207,자동차,2022,306695.0,92840.0,121209.0,23451.0,173666.0,1844.0,133029.0,100072.0,32958.0,21593.0,10542.0,127.0,7024.0,56.6,76.6,57.6,19.0,22.6
I3207,자동차,2023,325397.0,96387.0,127601.0,25443.0,192990.0,2209.0,132408.0,100415.0,31993.0,18119.0,9610.0,115.0,5899.0,59.3,68.6,52.0,16.6,17.5
I3207,자동차,2024,355140.0,102869.0,137219.0,26283.0,214036.0,2214.0,141104.0,106984.0,34120.0,20771.0,10337.0,7.0,5606.0,60.3,65.9,50.0,15.9,17.2
I3207,자동차,2025,371518.0,109415.0,136766.0,27699.0,224174.0,2154.0,147344.0,111725.0,35620.0,22385.0,12162.0,147.0,4895.0,60.3,65.7,49.8,15.9,17.7
I3208,철도,2020,5177.0,1643.0,3235.0,370.0,1605.0,45.0,3571.0,2728.0,843.0,551.0,189.0,0.0,357.0,31.0,222.5,170.0,52.5,68.4
I3208,철도,2021,5487.0,1761.0,3349.0,412.0,1604.0,43.0,3883.0,2823.0,1060.0,514.0,375.0,0.0,443.0,29.2,242.1,176.0,66.1,83.1
I3208,철도,2022,6266.0,1806.0,3975.0,392.0,1829.0,59.0,4436.0,3353.0,1083.0,363.0,507.0,0.0,234.0,29.2,242.5,183.3,59.2,60.3
I3208,철도,2023,6970.0,2025.0,4484.0,524.0,2129.0,54.0,4841.0,4070.0,771.0,225.0,420.0,0.0,171.0,30.5,227.4,191.2,36.2,38.3
I3208,철도,2024,7200.0,2343.0,4425.0,583.0,2622.0,56.0,4578.0,3719.0,859.0,244.0,447.0,0.0,122.0,36.4,174.6,141.9,32.8,31.0
I3208,철도,2025,11508.0,2970.0,8077.0,769.0,3785.0,58.0,7723.0,6564.0,1159.0,287.0,463.0,0.0,201.0,32.9,204.0,173.4,30.6,25.2
I3209,기타 수송장비,2020,1053.0,260.0,221.0,68.0,627.0,10.0,426.0,248.0,178.0,87.0,74.0,0.0,25.0,59.6,67.9,39.6,28.3,29.6
I3209,기타 수송장비,2021,1527.0,309.0,569.0,104.0,997.0,13.0,530.0,344.0,185.0,98.0,93.0,0.0,9.0,65.3,53.1,34.5,18.6,20.0
I3209,기타 수송장비,2022,1696.0,353.0,603.0,131.0,1133.0,10.0,563.0,376.0,186.0,106.0,79.0,0.0,8.0,66.8,49.6,33.2,16.4,17.0
I3209,기타 수송장비,2023,1723.0,358.0,620.0,121.0,1120.0,15.0,603.0,376.0,227.0,125.0,95.0,0.0,14.0,65.0,53.8,33.6,20.2,20.8
I3209,기타 수송장비,2024,1776.0,388.0,571.0,107.0,1159.0,15.0,617.0,323.0,294.0,124.0,152.0,0.0,10.0,65.2,53.3,27.9,25.4,24.6
I3209,기타 수송장비,2025,1806.0,408.0,577.0,85.0,1153.0,16.0,653.0,345.0,308.0,112.0,157.0,0.0,9.0,63.8,56.7,29.9,26.8,24.1
I3301,석유정제,2020,89805.0,44932.0,25190.0,9571.0,43197.0,680.0,46608.0,24570.0,22037.0,3643.0,2881.0,0.0,15511.0,48.1,107.9,56.9,51.0,51.0
I3301,석유정제,2021,105075.0,44454.0,39005.0,16561.0,48652.0,639.0,56423.0,32615.0,23808.0,4831.0,3664.0,0.0,15298.0,46.3,116.0,67.0,48.9,48.9
I3301,석유정제,2022,115749.0,44556.0,47933.0,20680.0,55570.0,981.0,60178.0,37649.0,22530.0,6569.0,4165.0,0.0,12996.0,48.0,108.3,67.7,40.5,42.7
I3301,석유정제,2023,119256.0,44096.0,50276.0,20029.0,57389.0,1431.0,61867.0,38458.0,23408.0,4183.0,5382.0,0.0,12862.0,48.1,107.8,67.0,40.8,39.1
I3301,석유정제,2024,131990.0,45964.0,49219.0,19415.0,58589.0,1485.0,73402.0,45643.0,27759.0,8947.0,9644.0,0.0,13510.0,44.4,125.3,77.9,47.4,54.8
I3301,석유정제,2025,136471.0,52107.0,43760.0,17948.0,66061.0,1640.0,70409.0,44168.0,26241.0,5396.0,8050.0,0.0,13754.0,48.4,106.6,66.9,39.7,41.2
I3302,고무,2020,17432.0,5377.0,5912.0,1071.0,10429.0,111.0,7003.0,3620.0,3383.0,1364.0,1211.0,13.0,999.0,59.8,67.2,34.7,32.4,34.4
I3302,고무,2021,17783.0,5350.0,6112.0,1227.0,10431.0,106.0,7352.0,4147.0,3205.0,1702.0,1189.0,0.0,1064.0,58.7,70.5,39.8,30.7,37.9
I3302,고무,2022,18746.0,5301.0,6685.0,1586.0,10721.0,157.0,8025.0,6227.0,1798.0,2317.0,616.0,0.0,300.0,57.2,74.9,58.1,16.8,30.2
I3302,고무,2023,19336.0,5390.0,6917.0,1448.0,11838.0,230.0,7498.0,5155.0,2343.0,1977.0,996.0,0.0,388.0,61.2,63.3,43.5,19.8,28.4
I3302,고무,2024,21985.0,5527.0,7731.0,1548.0,12842.0,212.0,9143.0,6686.0,2457.0,2511.0,845.0,50.0,439.0,58.4,71.2,52.1,19.1,29.9
I3302,고무,2025,22838.0,5564.0,8027.0,1483.0,14128.0,194.0,8709.0,5718.0,2991.0,2051.0,649.0,0.0,1115.0,61.9,61.6,40.5,21.2,27.0
I3303,플라스틱,2020,49896.0,25185.0,18865.0,4396.0,19330.0,589.0,30566.0,19471.0,11095.0,9627.0,9146.0,0.0,788.0,38.7,158.1,100.7,57.4,101.2
I3303,플라스틱,2021,38105.0,16446.0,15240.0,3623.0,20051.0,295.0,18054.0,12134.0,5921.0,4237.0,3806.0,16.0,848.0,52.6,90.0,60.5,29.5,44.4
I3303,플라스틱,2022,40854.0,18116.0,15680.0,4124.0,21960.0,396.0,18894.0,12656.0,6237.0,4992.0,4013.0,1.0,953.0,53.8,86.0,57.6,28.4,45.4
I3303,플라스틱,2023,42883.0,18879.0,16245.0,4009.0,23466.0,575.0,19417.0,14135.0,5282.0,5815.0,3552.0,0.0,595.0,54.7,82.7,60.2,22.5,42.5
I3303,플라스틱,2024,44051.0,18563.0,17109.0,4052.0,24553.0,568.0,19498.0,13819.0,5679.0,5825.0,3699.0,0.0,840.0,55.7,79.4,56.3,23.1,42.2
I3303,플라스틱,2025,45285.0,19167.0,17190.0,3996.0,25685.0,510.0,19600.0,14295.0,5305.0,5983.0,3531.0,0.0,625.0,56.7,76.3,55.7,20.7,39.5
I3304,유리,2020,12975.0,6871.0,4182.0,903.0,7761.0,36.0,5214.0,2442.0,2772.0,631.0,1927.0,0.0,108.0,59.8,67.2,31.5,35.7,34.3
I3304,유리,2021,12362.0,6828.0,3661.0,869.0,7112.0,33.0,5250.0,2504.0,2746.0,663.0,2074.0,50.0,22.0,57.5,73.8,35.2,38.6,39.5
I3304,유리,2022,12916.0,6847.0,3996.0,1189.0,7353.0,43.0,5563.0,2605.0,2958.0,840.0,2031.0,80.0,271.0,56.9,75.7,35.4,40.2,43.8
I3304,유리,2023,12490.0,6578.0,3944.0,1352.0,6830.0,70.0,5660.0,4087.0,1573.0,2253.0,626.0,0.0,241.0,54.7,82.9,59.8,23.0,45.7
I3304,유리,2024,12879.0,6515.0,4170.0,1371.0,6175.0,75.0,6704.0,5299.0,1405.0,3080.0,658.0,0.0,247.0,47.9,108.6,85.8,22.8,64.5
I3304,유리,2025,13340.0,6670.0,4164.0,1378.0,6653.0,75.0,6687.0,4959.0,1728.0,2918.0,724.0,19.0,477.0,49.9,100.5,74.5,26.0,62.2
I3305,세라믹,2020,3331.0,1136.0,1305.0,472.0,2003.0,22.0,1328.0,961.0,367.0,530.0,228.0,0.0,2.0,60.1,66.3,48.0,18.3,37.9
I3305,세라믹,2021,3571.0,1124.0,1302.0,528.0,2159.0,21.0,1412.0,1102.0,310.0,603.0,108.0,0.0,62.0,60.5,65.4,51.0,14.4,35.8
I3305,세라믹,2022,3674.0,1168.0,1296.0,605.0,2067.0,34.0,1607.0,1105.0,502.0,657.0,330.0,0.0,53.0,56.3,77.8,53.5,24.3,50.4
I3305,세라믹,2023,3837.0,1177.0,1277.0,548.0,2118.0,54.0,1719.0,1372.0,348.0,798.0,226.0,0.0,0.0,55.2,81.2,64.8,16.4,48.4
I3305,세라믹,2024,3838.0,1192.0,1238.0,552.0,2080.0,63.0,1758.0,1385.0,373.0,921.0,225.0,0.0,16.0,54.2,84.5,66.6,17.9,55.9
I3305,세라믹,2025,3719.0,1266.0,1256.0,543.0,2074.0,54.0,1646.0,1363.0,283.0,852.0,114.0,0.0,20.0,55.8,79.4,65.7,13.6,47.5
I3306,시멘트,2020,26451.0,10152.0,9154.0,2174.0,13947.0,243.0,12503.0,6968.0,5535.0,2127.0,3203.0,10.0,931.0,52.7,89.6,50.0,39.7,45.0
I3306,시멘트,2021,27445.0,10758.0,9253.0,2752.0,14649.0,264.0,12796.0,8003.0,4793.0,2350.0,2350.0,0.0,1028.0,53.4,87.3,54.6,32.7,39.1
I3306,시멘트,2022,29192.0,11264.0,9934.0,2804.0,15648.0,296.0,13544.0,9124.0,4420.0,2882.0,2259.0,100.0,760.0,53.6,86.6,58.3,28.2,38.3
I3306,시멘트,2023,32654.0,12290.0,11112.0,2665.0,17722.0,459.0,14932.0,9927.0,5005.0,3207.0,2941.0,185.0,588.0,54.3,84.3,56.0,28.2,39.1
I3306,시멘트,2024,32902.0,13183.0,10242.0,2698.0,17733.0,517.0,15170.0,10440.0,4729.0,4320.0,2479.0,189.0,707.0,53.9,85.5,58.9,26.7,43.4
I3306,시멘트,2025,33335.0,13078.0,9603.0,2578.0,18194.0,443.0,15141.0,10251.0,4890.0,4777.0,2947.0,193.0,428.0,54.6,83.2,56.3,26.9,45.9
I3307,기타비금속,2020,6096.0,2474.0,2432.0,440.0,3629.0,52.0,2467.0,1617.0,851.0,627.0,524.0,0.0,60.0,59.5,68.0,44.6,23.4,33.4
I3307,기타비금속,2021,6762.0,2658.0,2801.0,518.0,4004.0,51.0,2758.0,1750.0,1008.0,745.0,582.0,0.0,151.0,59.2,68.9,43.7,25.2,36.9
I3307,기타비금속,2022,7068.0,2792.0,2862.0,601.0,4191.0,68.0,2876.0,1901.0,975.0,761.0,631.0,0.0,17.0,59.3,68.6,45.4,23.3,33.6
I3307,기타비금속,2023,7575.0,3014.0,3073.0,681.0,4465.0,93.0,3111.0,2087.0,1024.0,884.0,662.0,0.0,24.0,58.9,69.7,46.7,22.9,35.2
I3307,기타비금속,2024,8307.0,3218.0,3535.0,773.0,5021.0,102.0,3286.0,2192.0,1094.0,942.0,723.0,0.0,25.0,60.4,65.5,43.7,21.8,33.7
I3307,기타비금속,2025,8588.0,3358.0,3541.0,835.0,5095.0,94.0,3493.0,2293.0,1200.0,972.0,672.0,0.0,53.0,59.3,68.5,45.0,23.6,33.3
I3308,철강,2020,138191.0,58501.0,47787.0,15010.0,88124.0,999.0,50067.0,26550.0,23517.0,8412.0,7738.0,2.0,10853.0,63.8,56.8,30.1,26.7,30.6
I3308,철강,2021,154789.0,58130.0,62963.0,23838.0,97179.0,892.0,57610.0,33661.0,23949.0,8991.0,7546.0,2.0,11456.0,62.8,59.3,34.6,24.6,28.8
I3308,철강,2022,190476.0,58354.0,64364.0,23330.0,132696.0,1124.0,57780.0,33792.0,23988.0,10168.0,6269.0,0.0,11344.0,69.7,43.5,25.5,18.1,20.9
I3308,철강,2023,192088.0,59453.0,62556.0,22291.0,135913.0,1455.0,56175.0,34265.0,21910.0,9703.0,5284.0,7.0,10564.0,70.8,41.3,25.2,16.1,18.8
I3308,철강,2024,190739.0,60864.0,58271.0,21449.0,136747.0,1466.0,53992.0,33873.0,20119.0,9824.0,5557.0,0.0,8943.0,71.7,39.5,24.8,14.7,17.8
I3308,철강,2025,190837.0,60879.0,56092.0,21039.0,137768.0,1381.0,53069.0,31388.0,21681.0,10711.0,6485.0,0.0,9251.0,72.2,38.5,22.8,15.7,19.2
I3309,비철금속,2020,33182.0,10230.0,16973.0,7195.0,20101.0,198.0,13081.0,10254.0,2827.0,4707.0,1319.0,1.0,465.0,60.6,65.1,51.0,14.1,32.3
I3309,비철금속,2021,37234.0,10764.0,19414.0,8974.0,22539.0,182.0,14695.0,11474.0,3221.0,5067.0,1506.0,0.0,511.0,60.5,65.2,50.9,14.3,31.4
I3309,비철금속,2022,41860.0,11026.0,21175.0,9712.0,24904.0,313.0,16956.0,13499.0,3457.0,5812.0,1867.0,0.0,485.0,59.5,68.1,54.2,13.9,32.8
I3309,비철금속,2023,42879.0,11702.0,20262.0,9224.0,26315.0,478.0,16564.0,13013.0,3551.0,6069.0,1934.0,0.0,419.0,61.4,62.9,49.4,13.5,32.0
I3309,비철금속,2024,48312.0,12374.0,22883.0,10555.0,25452.0,567.0,22860.0,18316.0,4544.0,9489.0,2506.0,997.0,365.0,52.7,89.8,72.0,17.9,52.5
I3309,비철금속,2025,55916.0,12948.0,29595.0,15270.0,29171.0,658.0,26745.0,20117.0,6628.0,10263.0,2986.0,0.0,2224.0,52.2,91.7,69.0,22.7,53.0
I3310,주조,2020,4191.0,1797.0,1705.0,520.0,2023.0,46.0,2168.0,1556.0,612.0,911.0,389.0,0.0,60.0,48.3,107.2,76.9,30.3,67.2
I3310,주조,2021,4513.0,1830.0,1998.0,666.0,2103.0,44.0,2409.0,1753.0,656.0,1008.0,422.0,0.0,91.0,46.6,114.6,83.4,31.2,72.3
I3310,주조,2022,4858.0,1885.0,2154.0,686.0,2456.0,59.0,2402.0,1834.0,568.0,983.0,375.0,0.0,53.0,50.6,97.8,74.7,23.1,57.4
I3310,주조,2023,4866.0,1906.0,2111.0,673.0,2544.0,81.0,2322.0,1761.0,561.0,1018.0,372.0,0.0,54.0,52.3,91.3,69.2,22.1,56.8
I3310,주조,2024,5228.0,2031.0,2289.0,724.0,2789.0,82.0,2438.0,1825.0,613.0,1081.0,415.0,0.0,48.0,53.4,87.4,65.4,22.0,55.4
I3310,주조,2025,5458.0,2125.0,2314.0,708.0,3015.0,71.0,2443.0,1884.0,559.0,1117.0,373.0,0.0,24.0,55.2,81.1,62.5,18.6,50.2
I3311,조립금속,2020,43392.0,17286.0,19205.0,4786.0,21716.0,374.0,21677.0,15229.0,6448.0,5624.0,4308.0,0.0,831.0,50.0,99.8,70.1,29.7,49.6
I3311,조립금속,2021,48419.0,18585.0,21845.0,5793.0,24000.0,372.0,24419.0,17182.0,7236.0,5983.0,5188.0,0.0,655.0,49.6,101.7,71.6,30.2,49.3
I3311,조립금속,2022,51881.0,19683.0,23853.0,6592.0,25696.0,484.0,26186.0,19961.0,6225.0,6669.0,4289.0,0.0,388.0,49.5,101.9,77.7,24.2,44.2
I3311,조립금속,2023,53827.0,20305.0,24116.0,6209.0,27456.0,723.0,26371.0,20472.0,5899.0,7183.0,3980.0,0.0,330.0,51.0,96.0,74.6,21.5,41.9
I3311,조립금속,2024,59987.0,22258.0,26953.0,6626.0,30244.0,744.0,29743.0,23255.0,6488.0,7960.0,4595.0,0.0,217.0,50.4,98.3,76.9,21.5,42.2
I3311,조립금속,2025,64813.0,22979.0,29475.0,7284.0,32864.0,664.0,31950.0,24793.0,7157.0,8409.0,4931.0,0.0,321.0,50.7,97.2,75.4,21.8,41.6
I3312,조선,2020,57500.0,25136.0,28020.0,4854.0,21655.0,731.0,35845.0,27623.0,8223.0,6759.0,4091.0,0.0,1259.0,37.7,165.5,127.6,38.0,55.9
I3312,조선,2021,59664.0,25264.0,28842.0,5076.0,21145.0,628.0,38519.0,30669.0,7850.0,5083.0,3274.0,13.0,1688.0,35.4,182.2,145.0,37.1,47.6
I3312,조선,2022,67806.0,25587.0,34998.0,6989.0,19277.0,575.0,48529.0,41107.0,7423.0,5143.0,3105.0,10.0,1533.0,28.4,251.7,213.2,38.5,50.8
I3312,조선,2023,74124.0,26271.0,40848.0,7650.0,23143.0,746.0,50981.0,43140.0,7841.0,5043.0,4565.0,10.0,1194.0,31.2,220.3,186.4,33.9,46.7
I3312,조선,2024,84267.0,27182.0,46265.0,6601.0,26586.0,819.0,57681.0,48569.0,9112.0,7437.0,3587.0,170.0,1004.0,31.5,217.0,182.7,34.3,45.9
I3312,조선,2025,86788.0,28044.0,47258.0,6981.0,32235.0,682.0,54554.0,46051.0,8503.0,6319.0,3592.0,0.0,1348.0,37.1,169.2,142.9,26.4,34.9
I3401,음식료,2020,96090.0,36911.0,34061.0,10785.0,52252.0,739.0,43837.0,27578.0,16260.0,9318.0,6235.0,1.0,6083.0,54.4,83.9,52.8,31.1,41.4
I3401,음식료,2021,105718.0,38730.0,38674.0,12370.0,56499.0,697.0,49219.0,33397.0,15822.0,11719.0,6602.0,0.0,5373.0,53.4,87.1,59.1,28.0,41.9
I3401,음식료,2022,112835.0,40069.0,43137.0,15634.0,59398.0,1000.0,53437.0,36395.0,17042.0,14517.0,6712.0,0.0,6714.0,52.6,90.0,61.3,28.7,47.0
I3401,음식료,2023,117438.0,42133.0,45245.0,14507.0,63177.0,1506.0,54261.0,37317.0,16945.0,14246.0,6876.0,1.0,6404.0,53.8,85.9,59.1,26.8,43.6
I3401,음식료,2024,122494.0,44179.0,47012.0,14753.0,66980.0,1550.0,55514.0,39351.0,16164.0,15298.0,6180.0,1.0,6141.0,54.7,82.9,58.7,24.1,41.2
I3401,음식료,2025,128279.0,46576.0,48842.0,15818.0,68991.0,1450.0,59287.0,41334.0,17953.0,15718.0,7606.0,22.0,6086.0,53.8,85.9,59.9,26.0,42.7
I3402,담배,2020,11249.0,1937.0,5258.0,1139.0,8354.0,17.0,2895.0,2655.0,240.0,202.0,112.0,0.0,0.0,74.3,34.7,31.8,2.9,3.8
I3402,담배,2021,11033.0,1950.0,4453.0,1107.0,8277.0,9.0,2756.0,2541.0,214.0,68.0,128.0,0.0,0.0,75.0,33.3,30.7,2.6,2.4
I3402,담배,2022,11561.0,1993.0,4699.0,1351.0,8410.0,9.0,3151.0,3068.0,83.0,19.0,0.0,0.0,0.0,72.7,37.5,36.5,1.0,0.2
I3402,담배,2023,12071.0,2303.0,4193.0,1469.0,8364.0,22.0,3708.0,3290.0,418.0,169.0,17.0,0.0,299.0,69.3,44.3,39.3,5.0,5.8
I3402,담배,2024,12745.0,2437.0,4836.0,1530.0,8253.0,37.0,4492.0,3546.0,946.0,456.0,15.0,0.0,808.0,64.8,54.4,43.0,11.5,15.5
I3402,담배,2025,13055.0,2216.0,4840.0,1579.0,8210.0,75.0,4844.0,3639.0,1205.0,507.0,4.0,0.0,907.0,62.9,59.0,44.3,14.7,17.3
I3403,섬유,2020,25307.0,8112.0,9919.0,2889.0,14131.0,209.0,11176.0,8120.0,3055.0,3575.0,1683.0,1.0,389.0,55.8,79.1,57.5,21.6,40.0
I3403,섬유,2021,29100.0,8419.0,11853.0,3572.0,16526.0,181.0,12574.0,9171.0,3403.0,3771.0,1780.0,0.0,544.0,56.8,76.1,55.5,20.6,36.9
I3403,섬유,2022,29485.0,8697.0,11240.0,3720.0,17361.0,260.0,12125.0,8864.0,3260.0,4145.0,1740.0,0.0,495.0,58.9,69.8,51.1,18.8,36.8
I3403,섬유,2023,29293.0,8849.0,10561.0,3408.0,17557.0,373.0,11736.0,8861.0,2876.0,3975.0,1503.0,0.0,459.0,59.9,66.8,50.5,16.4,33.8
I3403,섬유,2024,32289.0,9424.0,12024.0,3347.0,19181.0,387.0,13108.0,9420.0,3688.0,4121.0,2212.0,1.0,399.0,59.4,68.3,49.1,19.2,35.1
I3403,섬유,2025,33972.0,10002.0,11388.0,3436.0,20354.0,378.0,13618.0,9375.0,4243.0,4475.0,2073.0,0.0,1017.0,59.9,66.9,46.1,20.8,37.2
I3404,의류,2020,29108.0,5118.0,15654.0,7142.0,15758.0,300.0,13350.0,10086.0,3265.0,4629.0,1402.0,0.0,657.0,54.1,84.7,64.0,20.7,42.4
I3404,의류,2021,33465.0,5835.0,17807.0,8061.0,17803.0,281.0,15662.0,11626.0,4029.0,5265.0,1868.0,0.0,951.0,53.2,88.0,65.3,22.6,45.4
I3404,의류,2022,35280.0,6435.0,18486.0,8455.0,19966.0,373.0,15313.0,12478.0,2826.0,5264.0,1364.0,50.0,419.0,56.6,76.7,62.5,14.2,35.5
I3404,의류,2023,37978.0,7438.0,18543.0,8367.0,22703.0,520.0,15275.0,11938.0,3337.0,5239.0,1627.0,15.0,475.0,59.8,67.3,52.6,14.7,32.4
I3404,의류,2024,40803.0,8543.0,19317.0,8977.0,23873.0,570.0,16930.0,13400.0,3530.0,6325.0,1470.0,23.0,581.0,58.5,70.9,56.1,14.8,35.2
I3404,의류,2025,42568.0,8881.0,20045.0,8833.0,25210.0,561.0,17358.0,13366.0,3992.0,6280.0,2198.0,48.0,458.0,59.2,68.9,53.0,15.8,35.6
I3405,가죽신발,2020,8884.0,1558.0,4072.0,1173.0,5985.0,63.0,2899.0,2168.0,731.0,862.0,287.0,0.0,193.0,67.4,48.4,36.2,12.2,22.4
I3405,가죽신발,2021,9825.0,1692.0,4710.0,1406.0,6276.0,47.0,3549.0,2752.0,797.0,1144.0,331.0,0.0,196.0,63.9,56.5,43.8,12.7,26.6
I3405,가죽신발,2022,10199.0,1719.0,4828.0,1399.0,6948.0,64.0,3251.0,2704.0,547.0,936.0,244.0,0.0,90.0,68.1,46.8,38.9,7.9,18.3
I3405,가죽신발,2023,11124.0,1698.0,5174.0,1359.0,7660.0,95.0,3465.0,2740.0,725.0,1147.0,378.0,0.0,105.0,68.9,45.2,35.8,9.5,21.3
I3405,가죽신발,2024,12554.0,1827.0,5959.0,1467.0,8651.0,92.0,3903.0,3050.0,853.0,1052.0,415.0,0.0,100.0,68.9,45.1,35.3,9.9,18.1
I3405,가죽신발,2025,13600.0,1878.0,5758.0,1493.0,9348.0,91.0,4251.0,3473.0,779.0,1462.0,303.0,0.0,114.0,68.7,45.5,37.2,8.3,20.1
I3406,목재,2020,5513.0,2712.0,1510.0,456.0,2823.0,60.0,2690.0,1600.0,1090.0,793.0,686.0,0.0,126.0,51.2,95.3,56.7,38.6,56.9
I3406,목재,2021,6263.0,2973.0,1902.0,610.0,3198.0,56.0,3065.0,1927.0,1137.0,947.0,773.0,0.0,69.0,51.1,95.8,60.3,35.6,55.9
I3406,목재,2022,6625.0,3137.0,2083.0,728.0,3286.0,81.0,3339.0,2159.0,1180.0,1155.0,750.0,0.0,112.0,49.6,101.6,65.7,35.9,61.4
I3406,목재,2023,7418.0,3759.0,1939.0,631.0,3816.0,123.0,3603.0,2526.0,1077.0,1339.0,485.0,0.0,170.0,51.4,94.4,66.2,28.2,52.2
I3406,목재,2024,7560.0,3726.0,1814.0,594.0,3972.0,124.0,3587.0,2557.0,1031.0,1433.0,470.0,0.0,164.0,52.5,90.3,64.4,25.9,52.0
I3406,목재,2025,7390.0,3648.0,1881.0,569.0,3925.0,114.0,3466.0,2416.0,1050.0,1363.0,458.0,0.0,174.0,53.1,88.3,61.6,26.8,50.8
I3407,제지,2020,20031.0,9656.0,7312.0,1832.0,10875.0,178.0,9156.0,5537.0,3619.0,1882.0,2042.0,20.0,712.0,54.3,84.2,50.9,33.3,42.8
I3407,제지,2021,21849.0,10401.0,8178.0,2186.0,11704.0,169.0,10145.0,6319.0,3826.0,2046.0,2305.0,0.0,588.0,53.6,86.7,54.0,32.7,42.2
I3407,제지,2022,23052.0,10469.0,9113.0,2691.0,12185.0,229.0,10867.0,7616.0,3251.0,2889.0,1828.0,0.0,560.0,52.9,89.2,62.5,26.7,43.3
I3407,제지,2023,23781.0,10810.0,9384.0,2304.0,13072.0,314.0,10709.0,7804.0,2905.0,3010.0,1397.0,10.0,653.0,55.0,81.9,59.7,22.2,38.8
I3407,제지,2024,25599.0,11495.0,9767.0,2540.0,14017.0,325.0,11582.0,8552.0,3029.0,3693.0,1816.0,0.0,363.0,54.8,82.6,61.0,21.6,41.9
I3407,제지,2025,26100.0,11925.0,9661.0,2431.0,14287.0,302.0,11813.0,8254.0,3559.0,3753.0,1989.0,6.0,666.0,54.7,82.7,57.8,24.9,44.9
I3408,인쇄,2020,3755.0,2003.0,1134.0,163.0,1867.0,37.0,1888.0,1189.0,699.0,531.0,556.0,0.0,15.0,49.7,101.1,63.7,37.4,59.1
I3408,인쇄,2021,4232.0,2300.0,1397.0,203.0,2068.0,40.0,2164.0,1319.0,845.0,602.0,715.0,0.0,6.0,48.9,104.7,63.8,40.9,64.0
I3408,인쇄,2022,4380.0,2458.0,1434.0,203.0,2198.0,50.0,2182.0,1370.0,811.0,580.0,663.0,0.0,10.0,50.2,99.3,62.3,36.9,57.0
I3408,인쇄,2023,4729.0,2666.0,1581.0,203.0,2321.0,73.0,2408.0,1480.0,929.0,648.0,739.0,0.0,5.0,49.1,103.8,63.8,40.0,59.9
I3408,인쇄,2024,5185.0,2796.0,1726.0,232.0,2607.0,75.0,2578.0,1716.0,862.0,780.0,682.0,0.0,9.0,50.3,98.9,65.8,33.1,56.4
I3408,인쇄,2025,5659.0,3172.0,1845.0,227.0,2819.0,74.0,2841.0,1798.0,1043.0,937.0,856.0,0.0,9.0,49.8,100.8,63.8,37.0,63.9
I3409,가구,2020,6680.0,2590.0,2906.0,613.0,3682.0,45.0,2998.0,2302.0,695.0,579.0,447.0,2.0,34.0,55.1,81.4,62.5,18.9,28.9
I3409,가구,2021,7455.0,2869.0,3258.0,800.0,3962.0,47.0,3494.0,2593.0,901.0,761.0,661.0,3.0,54.0,53.1,88.2,65.4,22.7,37.3
I3409,가구,2022,7809.0,2900.0,3390.0,903.0,4144.0,64.0,3665.0,2804.0,861.0,896.0,627.0,1.0,46.0,53.1,88.4,67.7,20.8,37.9
I3409,가구,2023,8476.0,3145.0,3782.0,951.0,4511.0,87.0,3964.0,3130.0,834.0,863.0,599.0,0.0,45.0,53.2,87.9,69.4,18.5,33.4
I3409,가구,2024,8856.0,3444.0,3875.0,1001.0,4809.0,102.0,4047.0,3203.0,844.0,891.0,578.0,0.0,51.0,54.3,84.1,66.6,17.5,31.6
I3409,가구,2025,9029.0,3676.0,3678.0,864.0,5131.0,92.0,3898.0,3104.0,794.0,964.0,524.0,30.0,48.0,56.8,76.0,60.5,15.5,30.5
I3410,기타 제조업,2020,5536.0,1759.0,2466.0,726.0,3414.0,48.0,2122.0,1490.0,634.0,591.0,407.0,0.0,21.0,61.7,62.2,43.6,18.6,29.9
I3410,기타 제조업,2021,6202.0,2073.0,2882.0,845.0,3635.0,46.0,2567.0,1787.0,780.0,739.0,576.0,0.0,16.0,58.6,70.6,49.2,21.5,36.6
I3410,기타 제조업,2022,7566.0,2493.0,3575.0,1242.0,4200.0,66.0,3366.0,2468.0,898.0,987.0,667.0,0.0,20.0,55.5,80.1,58.8,21.4,39.9
I3410,기타 제조업,2023,9004.0,3103.0,4484.0,1665.0,4706.0,118.0,4299.0,3321.0,978.0,1660.0,665.0,0.0,70.0,52.3,91.3,70.6,20.8,50.9
I3410,기타 제조업,2024,9236.0,3590.0,4135.0,1304.0,5138.0,135.0,4098.0,2974.0,1124.0,1268.0,842.0,0.0,38.0,55.6,79.8,57.9,21.9,41.8
I3410,기타 제조업,2025,9607.0,3859.0,4132.0,1367.0,5310.0,113.0,4296.0,3304.0,992.0,1460.0,655.0,0.0,91.0,55.3,80.9,62.2,18.7,41.5
