업종코드,업종,연도,자산총계,유형자산,유동자산,재고자산,자본총계,이자비용,부채총계,유동부채,비유동부채,단기차입,장기차입,단기사채,장기사채,자본비율,부채비율,유동부채비율,비유동부채비율,차입의존도,총차입금,단기부채,노출도,만기구조,레버리지,현금여력,실효차입금리,자산증가율
I3101,의약,1994,3626.0,961.0,2247.0,409.0,1194.0,143.0,2432.0,1476.0,956.0,650.0,288.0,0.0,428.0,32.9,203.8,123.6,80.1,114.5,1366.0,650.0,17.926089354660782,47.58418740849194,37.67236624379481,152.2357723577236,10.468521229868228,
I3101,의약,1995,4366.0,1238.0,2616.0,474.0,1464.0,180.0,2902.0,1794.0,1108.0,772.0,367.0,0.0,461.0,33.5,198.1,122.5,75.6,109.2,1600.0,772.0,17.682088868529547,48.25,36.646816307833255,145.81939799331104,11.25,20.408163265306122
I3101,의약,1996,5023.0,1296.0,3092.0,548.0,1647.0,197.0,3376.0,2011.0,1365.0,818.0,459.0,0.0,562.0,32.8,205.0,122.1,82.9,111.6,1839.0,818.0,16.285088592474615,44.480696030451334,36.611586701174595,153.75435106911982,10.712343665035345,15.048098946404021
I3101,의약,1997,5805.0,1480.0,3537.0,649.0,1918.0,316.0,3887.0,2298.0,1580.0,954.0,541.0,0.0,681.0,33.0,202.6,119.8,82.4,113.4,2176.0,954.0,16.434108527131784,43.841911764705884,37.48492678725237,153.9164490861619,14.522058823529413,15.568385427035647
I3101,의약,1998,5987.0,1712.0,3513.0,666.0,2086.0,382.0,3901.0,2068.0,1829.0,962.0,683.0,0.0,684.0,34.8,187.0,99.1,87.7,111.6,2329.0,962.0,16.068147653248705,41.305281236582225,38.90095206280274,169.8742746615087,16.40188922284242,3.135228251507316
I3101,의약,1999,6233.0,1839.0,3639.0,633.0,2545.0,347.0,3688.0,2083.0,1605.0,787.0,518.0,0.0,573.0,40.8,144.9,81.9,63.1,73.8,1878.0,787.0,12.626343654740896,41.9062832800852,30.129953473447777,174.69995199231877,18.47710330138445,4.10890262234842
I3101,의약,2000,6692.0,1986.0,3862.0,687.0,3250.0,257.0,3442.0,1990.0,1452.0,742.0,410.0,0.0,560.0,48.6,105.9,61.2,44.7,52.7,1712.0,742.0,11.08786610878661,43.3411214953271,25.582785415421398,194.07035175879398,15.011682242990654,7.364030162040747
I3101,의약,2001,7001.0,2108.0,4063.0,760.0,3744.0,224.0,3257.0,2182.0,1074.0,733.0,308.0,0.0,417.0,53.5,87.0,58.3,28.7,38.9,1458.0,733.0,10.469932866733323,50.27434842249657,20.82559634337952,186.20531622364803,15.363511659807957,4.61745367603108
I3101,의약,2002,7046.0,2108.0,4045.0,838.0,3964.0,153.0,3082.0,2104.0,978.0,832.0,322.0,0.0,330.0,56.3,77.7,53.1,24.7,37.4,1484.0,832.0,11.808118081180812,56.06469002695418,21.06159523133693,192.2528517110266,10.309973045822103,0.6427653192401017
I3101,의약,2003,7386.0,2178.0,4161.0,899.0,4338.0,130.0,3048.0,2145.0,903.0,882.0,295.0,0.0,257.0,58.7,70.3,49.5,20.8,33.1,1434.0,882.0,11.941510966693745,61.50627615062761,19.41510966693745,193.98601398601397,9.06555090655509,4.825432869713309
I3101,의약,2004,8089.0,2403.0,4482.0,1017.0,4848.0,115.0,3240.0,2354.0,886.0,955.0,299.0,0.0,204.0,59.9,66.8,48.6,18.3,30.1,1458.0,955.0,11.806156508839164,65.50068587105625,18.024477685746074,190.39932030586235,7.887517146776406,9.5180070403466
I3101,의약,2005,9377.0,2736.0,5225.0,1084.0,5690.0,104.0,3686.0,2503.0,1183.0,914.0,411.0,0.0,336.0,60.7,64.8,44.0,20.8,29.2,1661.0,914.0,9.747253919163912,55.02709211318483,17.7135544417191,208.74950059928085,6.26128838049368,15.922858202497213
I3101,의약,2006,10765.0,3257.0,5753.0,1190.0,6618.0,118.0,4147.0,2694.0,1453.0,971.0,519.0,0.0,390.0,61.5,62.7,40.7,22.0,28.4,1880.0,971.0,9.019972131908965,51.648936170212764,17.46400371574547,213.5486265775798,6.276595744680851,14.802175535885675
I3101,의약,2007,12182.0,3599.0,6304.0,1328.0,7629.0,135.0,4553.0,3099.0,1453.0,984.0,579.0,10.0,289.0,62.6,59.7,40.6,19.1,24.4,1862.0,994.0,8.159579707765555,53.383458646616546,15.284846494828436,203.42045821232654,7.250268528464017,13.163028332559223
I3101,의약,2008,13653.0,4355.0,7159.0,1795.0,8309.0,173.0,5344.0,3816.0,1528.0,1458.0,767.0,3.0,219.0,60.9,64.3,45.9,18.4,29.4,2447.0,1461.0,10.70094484728631,59.70576215774418,17.922800849630118,187.60482180293502,7.069881487535758,12.075192907568532
I3101,의약,2009,16150.0,5032.0,8396.0,2130.0,9980.0,191.0,6170.0,4246.0,1924.0,1561.0,853.0,10.0,444.0,61.8,61.8,42.5,19.3,28.7,2868.0,1571.0,9.727554179566564,54.776847977684795,17.758513931888544,197.7390485162506,6.6596931659693155,18.289020728045124
I3101,의약,2010,19543.0,6152.0,9786.0,2408.0,12305.0,213.0,7238.0,4853.0,2385.0,1744.0,1064.0,35.0,448.0,63.0,58.8,39.4,19.4,26.7,3291.0,1779.0,9.103003633014378,54.056517775752056,16.839789182827612,201.6484648670925,6.472196900638104,21.009287925696583
I3101,의약,2011,22312.0,6960.0,10858.0,2575.0,13958.0,237.0,8355.0,5926.0,2429.0,2226.0,1083.0,10.0,391.0,62.6,59.9,42.5,17.4,26.6,3710.0,2236.0,10.021513087128003,60.26954177897574,16.62782359268555,183.22645966925413,6.388140161725067,14.168756076344469
I3101,의약,2012,24144.0,7582.0,11412.0,2839.0,15357.0,251.0,8787.0,6035.0,2752.0,2329.0,1322.0,14.0,503.0,63.6,57.2,39.3,17.9,27.1,4168.0,2343.0,9.70427435387674,56.21401151631478,17.26308813783963,189.0969345484673,6.022072936660269,8.21082825385442
I3101,의약,2013,27443.0,8577.0,12745.0,3286.0,17393.0,257.0,10050.0,6560.0,3490.0,2450.0,1394.0,5.0,996.0,63.4,57.8,37.7,20.1,27.9,4845.0,2455.0,8.945814961921073,50.670794633642934,17.65477535254892,194.28353658536585,5.304437564499484,13.663850231941677
I3101,의약,2014,30911.0,9830.0,14216.0,3621.0,19376.0,275.0,11535.0,7162.0,4374.0,2586.0,1873.0,0.0,1242.0,62.7,59.5,37.0,22.6,29.4,5701.0,2586.0,8.36595386755524,45.36046307665322,18.443272621396915,198.49204132923762,4.8237151376951415,12.637102357613973
I3101,의약,2015,40519.0,11151.0,17237.0,4091.0,25092.0,247.0,15427.0,10073.0,5354.0,2661.0,2183.0,0.0,1243.0,61.9,61.5,40.1,21.3,24.3,6087.0,2661.0,6.567289419778375,43.716116313454904,15.022581998568574,171.12081802839273,4.057828158370298,31.082786063213753
I3101,의약,2016,45647.0,12456.0,19937.0,4482.0,29222.0,243.0,16424.0,11091.0,5333.0,2696.0,1972.0,2.0,1225.0,64.0,56.2,38.0,18.3,20.2,5895.0,2698.0,5.910574627029159,45.76759966072943,12.914320765877276,179.75836263637183,4.122137404580153,12.655791110343294
I3101,의약,2017,49141.0,13899.0,20581.0,4848.0,32028.0,248.0,17113.0,11691.0,5422.0,3053.0,1982.0,0.0,1327.0,65.2,53.4,36.5,16.9,19.9,6362.0,3053.0,6.212734783581938,47.98805407104684,12.946419486782931,176.04139936703447,3.8981452373467467,7.654391307205288
I3101,의약,2018,52034.0,15303.0,23090.0,5264.0,35203.0,302.0,16831.0,10707.0,6124.0,3057.0,1781.0,0.0,1719.0,67.7,47.8,30.4,17.4,18.6,6557.0,3057.0,5.875004804550871,46.62193076101876,12.601376023369335,215.65331091809097,4.60576483147781,5.887141083820024
I3101,의약,2019,54757.0,16794.0,23956.0,6033.0,36191.0,388.0,18566.0,11857.0,6710.0,3510.0,2293.0,0.0,2197.0,66.1,51.3,32.8,18.5,22.1,8000.0,3510.0,6.410139342915061,43.875,14.610004200376208,202.0409884456439,4.8500000000000005,5.2331168082407675
I3101,의약,2020,64703.0,18389.0,29825.0,7385.0,41994.0,374.0,22708.0,14616.0,8092.0,4163.0,3377.0,0.0,1838.0,64.9,54.1,34.8,19.3,22.3,9378.0,4163.0,6.434013878800056,44.39112817231819,14.493918365454462,204.05719759168034,3.988057155043719,18.16388772211772
I3101,의약,2021,73831.0,20147.0,35000.0,8307.0,48463.0,391.0,25368.0,16824.0,8545.0,4413.0,3032.0,0.0,2772.0,65.6,52.3,34.7,17.6,21.1,10217.0,4413.0,5.977164063875608,43.19271801898796,13.838360580244071,208.03613884926295,3.826955074875208,14.107537517580337
I3101,의약,2022,84453.0,22885.0,38284.0,9572.0,56396.0,525.0,28056.0,19628.0,8429.0,4813.0,3038.0,0.0,2046.0,66.8,49.7,34.8,14.9,17.5,9897.0,4813.0,5.699027861650859,48.63089825199555,11.718944264857377,195.0478907682902,5.304637769020915,14.386910647289074
I3101,의약,2023,99499.0,24323.0,37995.0,12088.0,71378.0,688.0,28121.0,21796.0,6325.0,6493.0,2620.0,0.0,861.0,71.7,39.4,30.5,8.9,14.0,9974.0,6493.0,6.52569372556508,65.09925807098456,10.024221348958282,174.32097632593135,6.897934630038099,17.81582655441487
I3101,의약,2024,106162.0,27791.0,39834.0,12588.0,75047.0,736.0,31115.0,22167.0,8947.0,7198.0,3607.0,0.0,2223.0,70.7,41.5,29.5,11.9,17.4,13028.0,7198.0,6.780203839415233,55.25023027325759,12.271811005821293,179.69955339017457,5.64937058642923,6.696549714067479
I3101,의약,2025,114324.0,30417.0,43761.0,13577.0,78382.0,773.0,35942.0,26577.0,9365.0,8884.0,4043.0,0.0,2013.0,68.6,45.9,33.9,11.9,19.1,14940.0,8884.0,7.770896749588887,59.464524765729585,13.068122179070011,164.65741054295066,5.174029451137885,7.688250032968491
I3102,반도체,1994,4186.0,2502.0,1432.0,573.0,816.0,185.0,3370.0,1462.0,1908.0,457.0,924.0,0.0,333.0,19.5,413.1,179.2,233.8,210.1,1714.0,457.0,10.917343526039177,26.662777129521587,40.946010511227904,97.94801641586868,10.793465577596265,
I3102,반도체,1995,5267.0,2540.0,2258.0,770.0,1756.0,251.0,3511.0,1745.0,1766.0,263.0,840.0,0.0,146.0,33.3,200.0,99.4,100.6,71.1,1249.0,263.0,4.9933548509587995,21.056845476381106,23.713689007024872,129.39828080229225,20.09607686148919,25.82417582417582
I3102,반도체,1996,7948.0,4266.0,2430.0,1196.0,2053.0,292.0,5895.0,2728.0,3167.0,1056.0,1692.0,0.0,540.0,25.8,287.1,132.9,154.3,160.1,3288.0,1056.0,13.286361348766984,32.11678832116788,41.368897835933566,89.07624633431085,8.880778588807786,50.90184165559142
I3102,반도체,1997,13312.0,5993.0,3700.0,1776.0,2028.0,537.0,11284.0,4271.0,7013.0,2455.0,3938.0,0.0,1716.0,15.2,556.5,210.6,345.9,399.9,8109.0,2455.0,18.44200721153846,30.275003082994207,60.914963942307686,86.6307656286584,6.6222715501294855,67.48867639657776
I3102,반도체,1998,14964.0,8260.0,3198.0,1373.0,3130.0,1180.0,11833.0,4068.0,7758.0,1549.0,3268.0,0.0,3335.0,20.9,378.0,130.0,247.9,260.4,8152.0,1549.0,10.351510291365946,19.001472031403335,54.47741245656241,78.61356932153393,14.474975466143277,12.40985576923077
I3102,반도체,1999,24247.0,12396.0,3800.0,1775.0,10042.0,1172.0,14206.0,5770.0,8430.0,762.0,2465.0,0.0,4334.0,41.4,141.5,57.5,84.0,75.3,7561.0,762.0,3.1426568235245598,10.078032006348367,31.18323916360787,65.8578856152513,15.500595159370453,62.03555199144615
I3102,반도체,2000,23414.0,13035.0,3686.0,1492.0,8398.0,1340.0,15015.0,10222.0,4793.0,1004.0,2329.0,0.0,1703.0,35.9,178.8,121.7,57.1,60.0,5036.0,1004.0,4.288032800888358,19.936457505957108,21.50849918851969,36.059479553903344,26.608419380460685,-3.435476553800465
I3102,반도체,2001,17317.0,9421.0,2623.0,733.0,7233.0,1136.0,10084.0,3435.0,6648.0,718.0,1995.0,0.0,3772.0,41.8,139.4,47.5,91.9,89.7,6485.0,718.0,4.1462147023156435,11.071703932151118,37.44874978344979,76.36098981077147,17.517347725520434,-26.039976082685566
I3102,반도체,2002,14305.0,7474.0,2855.0,861.0,6447.0,589.0,7858.0,2805.0,5054.0,760.0,1942.0,0.0,2348.0,45.1,121.9,43.5,78.4,78.3,5050.0,760.0,5.312827682628452,15.049504950495049,35.302341838518004,101.7825311942959,11.663366336633665,-17.393312929491255
I3102,반도체,2003,12295.0,6585.0,3244.0,889.0,4716.0,382.0,7580.0,2932.0,4647.0,857.0,1661.0,0.0,2228.0,38.4,160.7,62.2,98.6,100.6,4746.0,857.0,6.970313135420902,18.05731142014328,38.60105734038227,110.64120054570259,8.048883270122207,-14.051031108004198
I3102,반도체,2004,14019.0,7114.0,4421.0,1019.0,6755.0,330.0,7263.0,3398.0,3865.0,716.0,1079.0,0.0,2055.0,48.2,107.5,50.3,57.2,57.0,3850.0,716.0,5.10735430487196,18.5974025974026,27.46272915329196,130.10594467333726,8.571428571428571,14.02196014640098
I3102,반도체,2005,16636.0,8821.0,5325.0,1128.0,8786.0,304.0,7849.0,3769.0,4080.0,821.0,1460.0,0.0,1454.0,52.8,89.3,42.9,46.4,42.5,3735.0,821.0,4.935080548208704,21.981258366800535,22.451310411156527,141.28416025470946,8.139223560910308,18.66752264783509
I3102,반도체,2006,20757.0,10653.0,7090.0,1291.0,11842.0,317.0,8915.0,4631.0,4285.0,601.0,1435.0,0.0,1644.0,57.0,75.3,39.1,36.2,31.1,3680.0,601.0,2.895408777761719,16.331521739130434,17.728958905429494,153.09868278989418,8.61413043478261,24.771579706660262
I3102,반도체,2007,25164.0,14130.0,6835.0,1542.0,13369.0,390.0,11795.0,5611.0,6184.0,957.0,3159.0,40.0,1952.0,53.1,88.2,42.0,46.3,45.7,6108.0,997.0,3.962009219519949,16.32285527177472,24.272770624701955,121.81429335234361,6.385068762278978,21.23139181962712
I3102,반도체,2008,24588.0,13764.0,5529.0,1785.0,9556.0,598.0,15032.0,7736.0,7296.0,2093.0,3419.0,15.0,2830.0,38.9,157.3,81.0,76.4,87.5,8357.0,2108.0,8.573287782658207,25.224362809620676,33.9881242882707,71.47104446742503,7.155677874835467,-2.288984263233196
I3102,반도체,2009,25295.0,12007.0,8304.0,1815.0,10873.0,650.0,14422.0,7883.0,6539.0,1675.0,2909.0,116.0,2618.0,43.0,132.6,72.5,60.1,67.3,7318.0,1791.0,7.0804506819529545,24.47389997267013,28.930618699347697,105.34060636813396,8.882208253621208,2.8753863673336655
I3102,반도체,2010,29714.0,13324.0,10583.0,2237.0,15130.0,575.0,14583.0,8749.0,5834.0,1143.0,2894.0,25.0,1901.0,50.9,96.4,57.8,38.6,39.4,5963.0,1168.0,3.9308070269906437,19.587455978534297,20.0679814228983,120.96239570236598,9.642797249706524,17.46985570270805
I3102,반도체,2011,31812.0,14938.0,10203.0,2395.0,15991.0,523.0,15821.0,9413.0,6408.0,2358.0,2199.0,0.0,3151.0,50.3,98.9,58.9,40.1,48.2,7708.0,2358.0,7.412297246322143,30.591593149974056,24.22985037092921,108.39264846488899,6.785158277114686,7.060644813892436
I3102,반도체,2012,33852.0,16016.0,10750.0,2688.0,17920.0,554.0,15932.0,8859.0,7073.0,1953.0,3517.0,0.0,2323.0,52.9,88.9,49.4,39.5,43.5,7793.0,1953.0,5.769230769230769,25.060952136532787,23.020796407893183,121.34552432554464,7.10894392403439,6.412674462466983
I3102,반도체,2013,35043.0,16016.0,11725.0,2221.0,21022.0,500.0,14021.0,6875.0,7146.0,1003.0,3161.0,0.0,2474.0,60.0,66.7,32.7,34.0,31.6,6638.0,1003.0,2.8621978711868277,15.109972883398616,18.94244214251063,170.54545454545456,7.532389273877674,3.5182559376107703
I3102,반도체,2014,40981.0,17631.0,14975.0,2549.0,25501.0,406.0,15480.0,9866.0,5614.0,1500.0,3042.0,0.0,1382.0,62.2,60.7,38.7,22.0,23.2,5924.0,1500.0,3.6602327908054955,25.320729237002027,14.455479368487836,151.7839043178593,6.853477380148548,16.944896270296496
I3102,반도체,2015,44644.0,20599.0,15117.0,2831.0,28870.0,319.0,15773.0,9150.0,6623.0,1207.0,3658.0,0.0,1670.0,64.7,54.6,31.7,22.9,22.6,6535.0,1207.0,2.7036107875638384,18.469778117827083,14.638025266553175,165.21311475409837,4.881407804131599,8.938288475147015
I3102,반도체,2016,48085.0,23184.0,14997.0,3219.0,32018.0,300.0,16067.0,9299.0,6767.0,1306.0,3957.0,0.0,1771.0,66.6,50.2,29.0,21.1,22.0,7034.0,1306.0,2.716023708017053,18.566960477679842,14.62826245190808,161.27540595762986,4.264998578333807,7.707642684347271
I3102,반도체,2017,62326.0,28692.0,23295.0,3981.0,42527.0,295.0,19800.0,13230.0,6570.0,1343.0,3813.0,0.0,1656.0,68.2,46.6,31.1,15.4,16.0,6812.0,1343.0,2.1547989603054907,19.71520845566647,10.929628084587492,176.07709750566895,4.330593071051086,29.61630446085057
I3102,반도체,2018,80340.0,38149.0,23876.0,5718.0,56262.0,280.0,24078.0,17136.0,6941.0,1226.0,3937.0,0.0,1944.0,70.0,42.8,30.5,12.3,12.6,7107.0,1226.0,1.5260144386357979,17.250598001969887,8.846153846153847,139.33239962651726,3.939777683973547,28.90286557776851
I3102,반도체,2019,81899.0,42784.0,21609.0,7005.0,58116.0,396.0,23783.0,13522.0,10261.0,2395.0,4508.0,0.0,3614.0,71.0,40.9,23.3,17.7,18.1,10517.0,2395.0,2.9243336304472582,22.77265379861177,12.84142663524585,159.80624168022482,3.7653323191024053,1.9405028628329601
I3102,반도체,2020,91242.0,43589.0,24159.0,7802.0,64041.0,376.0,27201.0,14589.0,12611.0,1730.0,4955.0,0.0,5155.0,70.2,42.5,22.8,19.7,18.5,11840.0,1730.0,1.8960566405821881,14.611486486486486,12.9764801297648,165.59736787990954,3.175675675675676,11.407953699068374
I3102,반도체,2021,117164.0,48992.0,30642.0,9111.0,76409.0,429.0,40755.0,20786.0,20051.0,1850.0,8741.0,20.0,8598.0,65.2,53.3,27.2,26.2,25.1,19209.0,1870.0,1.5960533952408589,9.735020042688323,16.3949677375303,147.41653035697104,2.233328127440262,28.410161986804326
I3102,반도체,2022,128900.0,58485.0,33293.0,15145.0,80678.0,665.0,48222.0,24770.0,23452.0,4280.0,11038.0,0.0,8304.0,62.6,59.8,30.7,29.1,29.3,23622.0,4280.0,3.3204034134988363,18.118702904072475,18.325833979829326,134.4085587404118,2.8151722970112605,10.016728687992904
I3102,반도체,2023,132298.0,57027.0,33501.0,13414.0,76337.0,1595.0,55960.0,25948.0,30012.0,4937.0,13918.0,0.0,10737.0,57.7,73.3,34.0,39.3,38.8,29592.0,4937.0,3.731726859060606,16.683563125168966,22.367685074604303,129.10821643286573,5.389970262233036,2.636152055857255
I3102,반도체,2024,155009.0,67390.0,43972.0,13712.0,94728.0,1644.0,60281.0,33558.0,26723.0,3682.0,9244.0,0.0,13213.0,61.1,63.6,35.4,28.2,27.6,26139.0,3682.0,2.3753459476546523,14.086231301886071,16.86289183208717,131.03283866738184,6.2894525421783545,17.166548247139033
I3102,반도체,2025,213411.0,87205.0,63865.0,14975.0,142067.0,1242.0,71344.0,47381.0,23963.0,3657.0,6085.0,0.0,13018.0,66.6,50.2,33.4,16.9,16.0,22760.0,3657.0,1.7135948943587724,16.067662565905096,10.66486732174068,134.79031679365144,5.456942003514938,37.6765220083995
I3103,디스플레이,1994,146.0,67.0,56.0,23.0,20.0,6.0,126.0,65.0,61.0,27.0,30.0,0.0,5.0,13.5,641.0,330.6,310.4,313.5,62.0,27.0,18.493150684931507,43.54838709677419,42.465753424657535,86.15384615384616,9.67741935483871,
I3103,디스플레이,1995,189.0,62.0,62.0,21.0,24.0,8.0,166.0,111.0,55.0,63.0,21.0,0.0,10.0,12.4,703.3,470.3,233.0,397.1,94.0,63.0,33.33333333333333,67.02127659574468,49.735449735449734,55.85585585585585,8.51063829787234,29.452054794520556
I3103,디스플레이,1996,219.0,59.0,68.0,9.0,31.0,11.0,188.0,140.0,48.0,82.0,16.0,0.0,5.0,14.0,615.8,458.0,157.8,335.9,103.0,82.0,37.44292237442922,79.6116504854369,47.03196347031963,48.57142857142857,10.679611650485436,15.873015873015884
I3103,디스플레이,1997,309.0,67.0,117.0,10.0,48.0,15.0,261.0,190.0,71.0,106.0,22.0,0.0,22.0,15.5,544.1,396.0,148.1,311.9,150.0,106.0,34.3042071197411,70.66666666666667,48.54368932038835,61.578947368421055,10.0,41.095890410958916
I3103,디스플레이,1998,2651.0,1880.0,621.0,129.0,755.0,19.0,1896.0,748.0,1148.0,275.0,402.0,0.0,709.0,28.5,251.2,99.1,152.1,183.7,1386.0,275.0,10.37344398340249,19.841269841269842,52.282157676348554,83.02139037433155,1.3708513708513708,757.9288025889967
I3103,디스플레이,1999,3493.0,1961.0,1009.0,133.0,1979.0,147.0,1514.0,714.0,800.0,36.0,207.0,0.0,518.0,56.7,76.5,36.1,40.4,38.4,761.0,36.0,1.030632693959347,4.730617608409987,21.78643000286287,141.31652661064427,19.316688567674113,31.761599396454177
I3103,디스플레이,2000,3858.0,2724.0,669.0,326.0,2149.0,36.0,1710.0,1334.0,376.0,18.0,303.0,0.0,39.0,55.7,79.6,62.1,17.5,16.7,360.0,18.0,0.46656298600311047,5.0,9.331259720062208,50.14992503748126,10.0,10.449470369310054
I3103,디스플레이,2001,4421.0,3237.0,650.0,242.0,1931.0,80.0,2489.0,1053.0,1436.0,45.0,139.0,0.0,1253.0,43.7,128.9,54.5,74.4,74.4,1437.0,45.0,1.0178692603483375,3.1315240083507305,32.50395838045691,61.72839506172839,5.567153792623522,14.593053395541734
I3103,디스플레이,2002,5240.0,3591.0,1118.0,421.0,2303.0,67.0,2937.0,1334.0,1603.0,111.0,91.0,0.0,1466.0,44.0,127.5,57.9,69.6,72.4,1668.0,111.0,2.118320610687023,6.654676258992806,31.832061068702288,83.80809595202399,4.016786570743405,18.525220538339738
I3103,디스플레이,2003,7908.0,4741.0,2578.0,423.0,3664.0,107.0,4244.0,2542.0,1702.0,152.0,417.0,0.0,1188.0,46.3,115.8,69.4,46.4,47.9,1757.0,152.0,1.9221041982802227,8.65110984632897,22.218007081436518,101.4162077104642,6.089926010244735,50.916030534351144
I3103,디스플레이,2004,11326.0,7216.0,3397.0,606.0,6542.0,68.0,4785.0,2464.0,2321.0,142.0,491.0,0.0,1722.0,57.8,73.1,37.7,35.5,36.0,2355.0,142.0,1.253752428041674,6.029723991507431,20.792865972099595,137.86525974025975,2.8874734607218686,43.22205361659079
I3103,디스플레이,2005,15140.0,9964.0,4082.0,633.0,8502.0,141.0,6638.0,3378.0,3260.0,201.0,534.0,0.0,2593.0,56.2,78.1,39.7,38.3,39.1,3328.0,201.0,1.3276089828269486,6.039663461538462,21.981505944517835,120.84073416222616,4.236778846153847,33.67473070810525
I3103,디스플레이,2006,15072.0,9963.0,3573.0,887.0,7703.0,221.0,7369.0,3676.0,3693.0,173.0,993.0,0.0,2510.0,51.1,95.7,47.7,47.9,47.7,3676.0,173.0,1.1478237791932058,4.706202393906421,24.3895966029724,97.19804134929271,6.0119695321001085,-0.44914134742404244
I3103,디스플레이,2007,15669.0,7767.0,6565.0,820.0,9450.0,242.0,6220.0,2938.0,3282.0,181.0,934.0,0.0,2012.0,60.3,65.8,31.1,34.7,33.1,3127.0,181.0,1.1551471057502074,5.788295490885833,19.95660220818176,223.4513274336283,7.739047009913655,3.960987261146487
I3103,디스플레이,2008,19031.0,9389.0,7284.0,1009.0,10770.0,147.0,8261.0,4923.0,3338.0,165.0,1185.0,0.0,1599.0,56.6,76.7,45.7,31.0,27.4,2949.0,165.0,0.8670064631390889,5.595116988809766,15.495770059376806,147.95856185252893,4.984740590030519,21.456378837194467
I3103,디스플레이,2009,21710.0,9648.0,9131.0,1446.0,11664.0,150.0,10046.0,6701.0,3344.0,751.0,1383.0,0.0,815.0,53.7,86.1,57.4,28.7,25.3,2949.0,751.0,3.45923537540304,25.466259749067483,13.583602026715798,136.26324429189674,5.0864699898270604,14.077032210603747
I3103,디스플레이,2010,26530.0,12769.0,10073.0,2026.0,12576.0,119.0,13954.0,9759.0,4195.0,1455.0,872.0,0.0,1841.0,47.4,111.0,77.6,33.4,33.1,4168.0,1455.0,5.4843573313230305,34.908829174664106,15.71051639653223,103.21754278102264,2.855086372360845,22.201750345462923
I3103,디스플레이,2011,28033.0,14770.0,9033.0,2183.0,11683.0,175.0,16350.0,10739.0,5610.0,449.0,1584.0,0.0,2525.0,41.7,139.9,91.9,48.0,39.0,4558.0,449.0,1.6016837298897728,9.85081175954366,16.259408554203976,84.11397709283919,3.8394032470381747,5.665284583490382
I3103,디스플레이,2012,61595.0,30420.0,21326.0,2861.0,36530.0,278.0,25065.0,17076.0,7989.0,1563.0,2698.0,4.0,2788.0,59.3,68.6,46.7,21.9,19.3,7053.0,1567.0,2.544037665394918,22.21749610094995,11.450604756879617,124.8887327242914,3.9415851410747202,119.72318339100347
I3103,디스플레이,2013,60484.0,28490.0,21114.0,2761.0,41167.0,271.0,19317.0,14028.0,5289.0,942.0,1137.0,0.0,2205.0,68.1,46.9,34.1,12.8,10.4,4284.0,942.0,1.5574366774684214,21.988795518207283,7.082864889888235,150.51325919589394,6.325863678804855,-1.803717834239793
I3103,디스플레이,2014,63291.0,25638.0,23612.0,2878.0,44347.0,196.0,18944.0,14807.0,4137.0,2409.0,678.0,0.0,2320.0,70.1,42.7,33.4,9.3,12.2,5407.0,2409.0,3.8062283737024223,44.55335675975587,8.543078794773349,159.46511784966572,3.6249306454595898,4.640896766086899
I3103,디스플레이,2015,63459.0,23118.0,26290.0,2869.0,46564.0,173.0,16895.0,13180.0,3714.0,1837.0,832.0,0.0,1292.0,73.4,36.3,28.3,8.0,8.5,3961.0,1837.0,2.8947824579649852,46.377177480434234,6.241825430592981,199.4688922610015,4.367583943448624,0.2654405839692897
I3103,디스플레이,2016,69180.0,27785.0,27074.0,2498.0,49750.0,155.0,19430.0,14198.0,5232.0,2395.0,2743.0,0.0,1521.0,71.9,39.1,28.5,10.5,13.4,6659.0,2395.0,3.46198323214802,35.96636131551284,9.625614339404452,190.68882941259332,2.3276768283526055,9.015269701697148
I3103,디스플레이,2017,80117.0,36139.0,29207.0,2731.0,54646.0,120.0,25471.0,18382.0,7089.0,2424.0,3480.0,0.0,1526.0,68.2,46.6,33.6,13.0,13.6,7430.0,2424.0,3.0255750964214836,32.62449528936743,9.273936867331528,158.8891306713089,1.6150740242261103,15.809482509395778
I3103,디스플레이,2018,78125.0,35584.0,26227.0,2912.0,55367.0,114.0,22758.0,14904.0,7854.0,2182.0,3522.0,0.0,1776.0,70.9,41.1,26.9,14.2,13.5,7480.0,2182.0,2.79296,29.171122994652404,9.574399999999999,175.9728931830381,1.5240641711229945,-2.4863636930988475
I3103,디스플레이,2019,78156.0,29994.0,29411.0,2256.0,53375.0,199.0,24782.0,16128.0,8654.0,2343.0,4487.0,0.0,2745.0,68.3,46.4,30.2,16.2,17.9,9575.0,2343.0,2.9978504529402734,24.469973890339425,12.251138748144736,182.35987103174602,2.0783289817232378,0.0396800000000086
I3103,디스플레이,2020,80986.0,27605.0,34530.0,2318.0,55410.0,265.0,25576.0,18467.0,7109.0,2602.0,4250.0,0.0,1977.0,68.4,46.2,33.3,12.8,15.9,8829.0,2602.0,3.2129009952337437,29.47106127534262,10.901884276294668,186.98218443710402,3.0014724204326653,3.620963201801519
I3103,디스플레이,2021,89069.0,25466.0,43074.0,3314.0,59523.0,265.0,29546.0,22987.0,6559.0,2787.0,4347.0,0.0,1055.0,66.8,49.6,38.6,11.0,13.8,8189.0,2787.0,3.1290347932501765,34.03345951886677,9.193995666281198,187.38417366337495,3.2360483575528147,9.980737411404439
I3103,디스플레이,2022,91471.0,25823.0,44805.0,2824.0,60568.0,275.0,30904.0,24150.0,6754.0,3623.0,4249.0,0.0,1210.0,66.2,51.0,39.9,11.2,15.0,9082.0,3623.0,3.960818182812039,39.89209425236732,9.92882990237343,185.527950310559,3.0279674080598986,2.696785638100807
I3103,디스플레이,2023,99967.0,24803.0,29129.0,2618.0,67110.0,523.0,32857.0,24308.0,8549.0,2891.0,5004.0,0.0,1158.0,67.1,49.0,36.2,12.7,13.5,9053.0,2891.0,2.8919543449338283,31.93416547000994,9.055988476197145,119.83297679776206,5.777090467248426,9.288189699467587
I3103,디스플레이,2024,102631.0,25467.0,31085.0,2413.0,66912.0,730.0,35719.0,29697.0,6022.0,4593.0,4014.0,0.0,553.0,65.2,53.4,44.4,9.0,13.7,9160.0,4593.0,4.475256014264696,50.14192139737991,8.92517855228927,104.67387278176248,7.969432314410481,2.6648794102053674
I3103,디스플레이,2025,107104.0,24151.0,35621.0,2806.0,75822.0,574.0,31283.0,25012.0,6270.0,4798.0,5107.0,0.0,133.0,70.8,41.3,33.0,8.3,13.2,10038.0,4798.0,4.47975799223185,47.79836620840805,9.372198984164925,142.41564049256357,5.718270571827057,4.358332277771826
I3104,컴퓨터,1994,4.0,0.0,4.0,1.0,1.0,0.0,3.0,3.0,0.0,1.0,0.0,0.0,0.0,31.1,221.1,212.4,8.7,69.2,1.0,1.0,25.0,100.0,25.0,133.33333333333331,0.0,
I3104,컴퓨터,1995,14.0,1.0,11.0,4.0,4.0,1.0,10.0,9.0,1.0,1.0,1.0,0.0,0.0,26.2,281.2,244.5,36.7,66.8,2.0,1.0,7.142857142857142,50.0,14.285714285714285,122.22222222222223,50.0,250.0
I3104,컴퓨터,1996,22.0,2.0,16.0,5.0,5.0,1.0,17.0,14.0,3.0,2.0,3.0,0.0,0.0,21.0,375.5,316.1,59.4,96.9,5.0,2.0,9.090909090909092,40.0,22.727272727272727,114.28571428571428,20.0,57.14285714285714
I3104,컴퓨터,1997,36.0,4.0,29.0,15.0,5.0,1.0,31.0,26.0,5.0,7.0,4.0,0.0,0.0,15.0,565.5,480.3,85.1,217.6,11.0,7.0,19.444444444444446,63.63636363636363,30.555555555555557,111.53846153846155,9.090909090909092,63.63636363636365
I3104,컴퓨터,1998,34.0,5.0,26.0,11.0,8.0,2.0,26.0,20.0,6.0,8.0,6.0,0.0,0.0,22.5,344.7,260.2,84.4,187.6,14.0,8.0,23.52941176470588,57.14285714285714,41.17647058823529,130.0,14.285714285714285,-5.555555555555558
I3104,컴퓨터,1999,63.0,10.0,48.0,21.0,26.0,1.0,38.0,33.0,5.0,10.0,4.0,0.0,0.0,40.4,147.3,128.6,18.6,55.5,14.0,10.0,15.873015873015872,71.42857142857143,22.22222222222222,145.45454545454547,7.142857142857142,85.29411764705883
I3104,컴퓨터,2000,94.0,15.0,70.0,24.0,41.0,1.0,53.0,46.0,7.0,13.0,2.0,0.0,2.0,44.0,127.3,111.4,15.9,42.0,17.0,13.0,13.829787234042554,76.47058823529412,18.085106382978726,152.17391304347828,5.88235294117647,49.20634920634921
I3104,컴퓨터,2001,146.0,20.0,112.0,34.0,70.0,1.0,75.0,66.0,9.0,20.0,5.0,0.0,1.0,48.3,106.8,93.9,12.9,36.5,26.0,20.0,13.698630136986301,76.92307692307693,17.80821917808219,169.6969696969697,3.8461538461538463,55.3191489361702
I3104,컴퓨터,2002,204.0,39.0,150.0,39.0,101.0,2.0,102.0,84.0,18.0,22.0,9.0,0.0,1.0,49.8,101.0,83.0,17.9,31.9,32.0,22.0,10.784313725490197,68.75,15.686274509803921,178.57142857142858,6.25,39.726027397260275
I3104,컴퓨터,2003,275.0,61.0,181.0,49.0,120.0,5.0,154.0,113.0,41.0,30.0,11.0,0.0,9.0,43.7,128.6,94.1,34.6,41.6,50.0,30.0,10.909090909090908,60.0,18.181818181818183,160.1769911504425,10.0,34.80392156862746
I3104,컴퓨터,2004,305.0,73.0,203.0,55.0,146.0,5.0,159.0,117.0,42.0,34.0,11.0,0.0,11.0,47.7,109.6,80.5,29.0,38.5,56.0,34.0,11.147540983606557,60.71428571428571,18.360655737704917,173.5042735042735,8.928571428571429,10.909090909090914
I3104,컴퓨터,2005,352.0,84.0,237.0,74.0,172.0,5.0,180.0,147.0,33.0,43.0,12.0,0.0,3.0,48.9,104.3,85.1,19.2,33.5,58.0,43.0,12.215909090909092,74.13793103448276,16.477272727272727,161.22448979591837,8.620689655172415,15.409836065573778
I3104,컴퓨터,2006,444.0,101.0,313.0,86.0,251.0,6.0,193.0,158.0,35.0,55.0,19.0,0.0,2.0,56.6,76.8,63.0,13.8,30.2,76.0,55.0,12.387387387387387,72.36842105263158,17.117117117117118,198.1012658227848,7.894736842105263,26.136363636363647
I3104,컴퓨터,2007,518.0,130.0,326.0,90.0,294.0,6.0,224.0,167.0,57.0,56.0,41.0,0.0,2.0,56.8,76.0,56.7,19.4,33.7,99.0,56.0,10.81081081081081,56.56565656565656,19.111969111969113,195.20958083832335,6.0606060606060606,16.666666666666675
I3104,컴퓨터,2008,581.0,147.0,360.0,109.0,292.0,8.0,289.0,213.0,76.0,91.0,57.0,0.0,2.0,50.3,99.0,72.9,26.0,51.3,150.0,91.0,15.66265060240964,60.66666666666667,25.817555938037867,169.01408450704224,5.333333333333334,12.162162162162172
I3104,컴퓨터,2009,645.0,163.0,387.0,109.0,350.0,10.0,294.0,212.0,82.0,106.0,58.0,0.0,4.0,54.4,84.0,60.6,23.4,48.0,168.0,106.0,16.434108527131784,63.095238095238095,26.046511627906977,182.54716981132074,5.952380952380952,11.015490533562833
I3104,컴퓨터,2010,732.0,196.0,441.0,128.0,405.0,12.0,327.0,233.0,94.0,109.0,67.0,0.0,7.0,55.3,80.7,57.6,23.1,45.1,183.0,109.0,14.89071038251366,59.56284153005464,25.0,189.27038626609442,6.557377049180328,13.488372093023248
I3104,컴퓨터,2011,813.0,194.0,513.0,129.0,442.0,13.0,372.0,264.0,108.0,104.0,68.0,0.0,14.0,54.3,84.2,59.8,24.4,42.1,186.0,104.0,12.792127921279212,55.91397849462365,22.878228782287824,194.3181818181818,6.989247311827956,11.065573770491799
I3104,컴퓨터,2012,927.0,214.0,595.0,147.0,492.0,13.0,434.0,301.0,133.0,92.0,99.0,0.0,4.0,53.1,88.2,61.1,27.1,39.6,195.0,92.0,9.924487594390508,47.179487179487175,21.035598705501616,197.67441860465115,6.666666666666667,14.022140221402225
I3104,컴퓨터,2013,1025.0,215.0,687.0,167.0,526.0,12.0,500.0,396.0,104.0,149.0,67.0,0.0,5.0,51.3,95.0,75.3,19.7,41.9,221.0,149.0,14.536585365853657,67.42081447963801,21.5609756097561,173.4848484848485,5.429864253393665,10.571736785329012
I3104,컴퓨터,2014,1050.0,248.0,665.0,163.0,575.0,13.0,475.0,334.0,141.0,103.0,99.0,0.0,13.0,54.8,82.6,58.1,24.6,37.3,215.0,103.0,9.80952380952381,47.906976744186046,20.476190476190474,199.10179640718565,6.046511627906977,2.4390243902439046
I3104,컴퓨터,2015,1101.0,235.0,693.0,181.0,596.0,14.0,506.0,370.0,136.0,128.0,93.0,0.0,13.0,54.1,84.8,62.1,22.7,39.2,234.0,128.0,11.625794732061761,54.700854700854705,21.25340599455041,187.2972972972973,5.982905982905983,4.857142857142849
I3104,컴퓨터,2016,1298.0,271.0,815.0,215.0,740.0,14.0,558.0,402.0,156.0,126.0,96.0,0.0,20.0,57.0,75.3,54.3,21.0,32.6,242.0,126.0,9.70724191063174,52.066115702479344,18.64406779661017,202.7363184079602,5.785123966942149,17.892824704813815
I3104,컴퓨터,2017,1434.0,277.0,914.0,254.0,849.0,12.0,586.0,436.0,150.0,150.0,83.0,0.0,24.0,59.2,69.0,51.4,17.6,30.2,257.0,150.0,10.460251046025103,58.36575875486382,17.921896792189678,209.6330275229358,4.669260700389105,10.477657935285055
I3104,컴퓨터,2018,1631.0,336.0,1017.0,286.0,992.0,14.0,639.0,454.0,185.0,165.0,106.0,0.0,25.0,60.8,64.4,45.7,18.7,29.8,296.0,165.0,10.116492949110976,55.74324324324324,18.148375229920294,224.00881057268722,4.72972972972973,13.73779637377963
I3104,컴퓨터,2019,2615.0,534.0,1697.0,405.0,1051.0,19.0,1564.0,1318.0,246.0,195.0,138.0,0.0,31.0,40.2,148.8,125.4,23.4,34.7,364.0,195.0,7.45697896749522,53.57142857142857,13.919694072657743,128.7556904400607,5.21978021978022,60.331085223789096
I3104,컴퓨터,2020,2798.0,736.0,1734.0,396.0,1554.0,22.0,1244.0,927.0,317.0,327.0,148.0,0.0,16.0,55.5,80.1,59.7,20.4,31.6,491.0,327.0,11.686919228020013,66.59877800407332,17.548248749106506,187.05501618122977,4.480651731160896,6.998087954110899
I3104,컴퓨터,2021,3434.0,915.0,2103.0,617.0,1862.0,19.0,1572.0,1326.0,246.0,340.0,181.0,1.0,9.0,54.2,84.4,71.2,13.2,28.5,531.0,341.0,9.930110658124637,64.21845574387947,15.463016889924287,158.5972850678733,3.5781544256120528,22.730521801286628
I3104,컴퓨터,2022,3731.0,1019.0,2297.0,625.0,1964.0,26.0,1767.0,1516.0,251.0,764.0,181.0,0.0,8.0,52.6,90.0,77.2,12.8,48.6,953.0,764.0,20.47708389171804,80.16789087093389,25.542749932993836,151.51715039577834,2.728226652675761,8.648806057076296
I3104,컴퓨터,2023,3829.0,1121.0,2244.0,601.0,2487.0,37.0,1342.0,1046.0,296.0,304.0,222.0,0.0,5.0,64.9,54.0,42.1,11.9,21.3,531.0,304.0,7.939409767563332,57.250470809792844,13.867850613737268,214.53154875717019,6.96798493408663,2.6266416510319024
I3104,컴퓨터,2024,3488.0,874.0,2117.0,580.0,2077.0,44.0,1411.0,1059.0,352.0,380.0,248.0,0.0,12.0,59.5,67.9,51.0,17.0,30.8,640.0,380.0,10.894495412844037,59.375,18.34862385321101,199.9055712936733,6.875000000000001,-8.90571950901019
I3104,컴퓨터,2025,3731.0,894.0,2277.0,653.0,2188.0,37.0,1543.0,1112.0,431.0,374.0,292.0,0.0,30.0,58.7,70.5,50.8,19.7,31.9,696.0,374.0,10.024122219244171,53.735632183908045,18.654516215491824,204.7661870503597,5.316091954022988,6.966743119266061
I3105,통신기기,1994,9509.0,3703.0,4198.0,1237.0,2956.0,330.0,6553.0,3627.0,2925.0,650.0,1540.0,0.0,904.0,31.1,221.7,122.7,99.0,104.7,3094.0,650.0,6.8356294037227885,21.008403361344538,32.53759596172048,115.74303832368349,10.665804783451842,
I3105,통신기기,1995,14087.0,5055.0,6151.0,2235.0,5625.0,396.0,8462.0,3746.0,4716.0,327.0,1433.0,0.0,987.0,39.9,150.5,66.6,83.8,48.8,2747.0,327.0,2.3212891318236673,11.903895158354569,19.500248456023282,164.2018152696209,14.415726246814705,48.14386370806605
I3105,통신기기,1996,16567.0,6350.0,6135.0,2374.0,5256.0,432.0,11311.0,3799.0,7512.0,891.0,2744.0,0.0,2108.0,31.7,215.2,72.3,142.9,109.3,5743.0,891.0,5.378161405203115,15.51453943931743,34.66529848493994,161.48986575414582,7.522200940275117,17.604883935543402
I3105,통신기기,1997,24142.0,7426.0,8365.0,2542.0,6169.0,801.0,17973.0,6356.0,11615.0,1495.0,4271.0,0.0,3705.0,25.6,291.3,103.0,188.3,153.5,9471.0,1495.0,6.19252754535664,15.785027980149932,39.230386877640626,131.6079295154185,8.457396262274312,45.72342608800628
I3105,통신기기,1998,21969.0,7834.0,6570.0,2074.0,7385.0,1181.0,14584.0,5939.0,8644.0,482.0,2085.0,0.0,4983.0,33.6,197.5,80.4,117.0,102.2,7550.0,482.0,2.194000637261596,6.3841059602649,34.36660749237562,110.62468429028456,15.642384105960264,-9.000911274956502
I3105,통신기기,1999,26416.0,10224.0,7171.0,2514.0,14121.0,771.0,12295.0,7363.0,4932.0,194.0,1161.0,0.0,3048.0,53.5,87.1,52.1,34.9,31.2,4403.0,194.0,0.7344033918837068,4.406086759027936,16.66792852816475,97.39236724161347,17.510788099023394,20.242159406436343
I3105,통신기기,2000,29727.0,13001.0,9420.0,3255.0,17443.0,400.0,12285.0,9576.0,2708.0,291.0,904.0,0.0,1332.0,58.7,70.4,54.9,15.5,14.5,2527.0,291.0,0.9789080633767282,11.515631183221211,8.50068960877317,98.37092731829574,15.829046299960428,12.534070260448216
I3105,통신기기,2001,30777.0,13973.0,8288.0,2368.0,20732.0,300.0,10045.0,7410.0,2635.0,436.0,392.0,0.0,1763.0,67.4,48.5,35.7,12.7,12.5,2591.0,436.0,1.4166422978198006,16.82747973755307,8.418624297364916,111.84885290148448,11.57854110382092,3.5321424967201587
I3105,통신기기,2002,47472.0,17866.0,16670.0,3862.0,28758.0,342.0,18714.0,14206.0,4508.0,428.0,232.0,0.0,3406.0,60.6,65.1,49.4,15.7,14.1,4066.0,428.0,0.9015840916750928,10.526315789473683,8.56504887091338,117.34478389412924,8.411214953271028,54.24505312408616
I3105,통신기기,2003,53500.0,21061.0,19049.0,4409.0,34376.0,359.0,19124.0,15483.0,3641.0,766.0,237.0,0.0,2550.0,64.3,55.6,45.0,10.6,10.3,3553.0,766.0,1.4317757009345793,21.55924570785252,6.641121495327103,123.03171220047795,10.10413734871939,12.698011459386581
I3105,통신기기,2004,60496.0,24230.0,20081.0,5315.0,41268.0,312.0,19228.0,14938.0,4290.0,607.0,540.0,0.0,2708.0,68.2,46.6,36.2,10.4,9.3,3855.0,607.0,1.0033721237767788,15.745784695201037,6.372322137000793,134.42897308876692,8.093385214007782,13.076635514018697
I3105,통신기기,2005,68620.0,29855.0,20498.0,4867.0,47941.0,293.0,20679.0,14973.0,5706.0,494.0,935.0,0.0,1709.0,69.9,43.1,31.2,11.9,6.5,3138.0,494.0,0.7199067327309823,15.742511153601018,4.57301078402798,136.8997528885327,9.337157425111537,13.42898704046549
I3105,통신기기,2006,75700.0,34305.0,20410.0,4956.0,53758.0,270.0,21942.0,16185.0,5758.0,567.0,1211.0,0.0,976.0,71.0,40.8,30.1,10.7,5.1,2754.0,567.0,0.7490092470277411,20.588235294117645,3.6380449141347424,126.10441767068272,9.803921568627452,10.317691635091819
I3105,통신기기,2007,84742.0,35153.0,22283.0,4966.0,61525.0,246.0,23217.0,17301.0,5916.0,653.0,574.0,5.0,1522.0,72.6,37.7,28.1,9.6,4.5,2754.0,658.0,0.7764744754667107,23.89251997095134,3.2498642939746523,128.79602335125136,8.932461873638346,11.944517833553503
I3105,통신기기,2008,95906.0,36559.0,25510.0,5399.0,69355.0,248.0,26551.0,20093.0,6458.0,1226.0,803.0,4.0,1791.0,72.3,38.3,29.0,9.3,5.5,3824.0,1230.0,1.2825057869163556,32.1652719665272,3.9872375033887346,126.95963768476584,6.485355648535565,13.1741049302589
I3105,통신기기,2009,114380.0,34018.0,38169.0,5176.0,80280.0,340.0,34100.0,27161.0,6939.0,1170.0,1105.0,7.0,1576.0,70.2,42.5,33.8,8.6,4.8,3858.0,1177.0,1.0290260535058575,30.508035251425607,3.3729673019758697,140.52869923787782,8.812856402280975,19.262611306904674
I3105,통신기기,2010,137947.0,45494.0,48395.0,6750.0,93707.0,578.0,44240.0,37458.0,6782.0,7120.0,1873.0,4.0,1938.0,67.9,47.2,40.0,7.2,11.7,10935.0,7124.0,5.164302232016644,65.14860539551897,7.926957454674621,129.19803513268192,5.285779606767261,20.604126595558657
I3105,통신기기,2011,150109.0,50394.0,51934.0,7350.0,102874.0,606.0,47235.0,39346.0,7889.0,6140.0,2611.0,0.0,2214.0,68.5,45.9,38.2,7.7,10.7,10965.0,6140.0,4.090361004336848,55.99635202918377,7.304691923868656,131.99308697199208,5.5266757865937075,8.816429498285583
I3105,통신기기,2012,165975.0,47535.0,56183.0,7363.0,120308.0,505.0,45667.0,36576.0,9091.0,4668.0,2674.0,0.0,2334.0,72.5,38.0,30.4,7.6,8.0,9676.0,4668.0,2.8124717577948486,48.243075651095495,5.829793643621027,153.6061898512686,5.219098801157504,10.56965271902417
I3105,통신기기,2013,189351.0,50012.0,73418.0,7923.0,136930.0,446.0,52421.0,40730.0,11691.0,4179.0,1747.0,0.0,3585.0,72.3,38.3,29.7,8.5,6.9,9511.0,4179.0,2.2070123738453984,43.93859741352119,5.022946802499063,180.25534004419347,4.689307118073809,14.084048802530491
I3105,통신기기,2014,200435.0,52688.0,76198.0,7906.0,147235.0,568.0,53200.0,42212.0,10988.0,4512.0,1837.0,0.0,4179.0,73.5,36.1,28.7,7.5,7.2,10528.0,4512.0,2.2511038491281465,42.857142857142854,5.252575647965674,180.512650431157,5.395136778115502,5.853679146136015
I3105,통신기기,2015,205422.0,54113.0,80708.0,8847.0,151029.0,641.0,54393.0,43135.0,11258.0,8560.0,2350.0,3.0,4146.0,73.5,36.0,28.6,7.5,10.0,15059.0,8563.0,4.168492177079378,56.863005511654166,7.330763014672235,187.10559870175032,4.256590743077229,2.488088407713218
I3105,통신기기,2016,212563.0,57014.0,83820.0,8393.0,152501.0,676.0,60063.0,48481.0,11582.0,10409.0,2172.0,2.0,4619.0,71.7,39.4,31.8,7.6,11.3,17202.0,10411.0,4.897842051532957,60.52203232182305,8.092659587980975,172.89247334007138,3.9297756074875014,3.4762586285792096
I3105,통신기기,2017,238159.0,72845.0,85384.0,10445.0,167741.0,704.0,70418.0,60180.0,10238.0,13884.0,2593.0,2.0,4679.0,70.4,42.0,35.9,6.1,12.6,21158.0,13886.0,5.830558576413237,65.63002174118536,8.883980869923034,141.88102359587901,3.327346630116268,12.041606488429313
I3105,통신기기,2018,259692.0,81010.0,94362.0,15409.0,189702.0,770.0,69990.0,58154.0,11836.0,11874.0,3061.0,0.0,4883.0,73.0,36.9,30.7,6.2,10.4,19818.0,11874.0,4.572339540686659,59.91522858007872,7.631347904440646,162.26226914743611,3.8853567463921683,9.04143870271541
I3105,통신기기,2019,257766.0,84433.0,87482.0,14854.0,194841.0,767.0,62925.0,51406.0,11519.0,11922.0,3512.0,3.0,4765.0,75.6,32.3,26.4,5.9,10.4,20202.0,11925.0,4.626288959754196,59.02880902880903,7.8373408440213215,170.17857837606505,3.7966537966537968,-0.7416477981608938
I3105,통신기기,2020,274060.0,96520.0,90776.0,16921.0,201766.0,475.0,72294.0,61096.0,11198.0,14287.0,3326.0,1.0,4740.0,73.6,35.8,30.3,5.5,11.1,22354.0,14288.0,5.213456907246589,63.91697235394113,8.156608042034591,148.57928505957835,2.124899346873043,6.3212370910050275
I3105,통신기기,2021,298080.0,113466.0,93175.0,19620.0,212329.0,458.0,85750.0,72092.0,13659.0,10976.0,3292.0,0.0,4850.0,71.2,40.4,34.0,6.4,9.0,19118.0,10976.0,3.6822329575952764,57.411863165603094,6.413714439076758,129.24457637463243,2.395648080343132,8.764504123184702
I3105,통신기기,2022,307366.0,132751.0,77942.0,32007.0,230231.0,685.0,77135.0,64165.0,12971.0,4478.0,3971.0,1.0,4244.0,74.9,33.5,27.9,5.6,5.5,12694.0,4479.0,1.4572203822153393,35.28438632424768,4.129929790542871,121.47120704433883,5.396250196943438,3.1152710681696227
I3105,통신기기,2023,347433.0,149731.0,89069.0,33273.0,246479.0,1106.0,100955.0,61314.0,39641.0,8300.0,26744.0,4.0,4642.0,70.9,41.0,24.9,16.1,16.1,39690.0,8304.0,2.390101113020352,20.922146636432352,11.423785305368229,145.26698633264834,2.7865961199294533,13.035599253007813
I3105,통신기기,2024,379705.0,161009.0,104014.0,32948.0,259679.0,1354.0,120026.0,101042.0,18984.0,13122.0,7234.0,48.0,3230.0,68.4,46.2,38.9,7.3,9.1,23634.0,13170.0,3.4684821111125745,55.72480324955572,6.224305711012496,102.94135112131588,5.729034441905729,9.28869738913689
I3105,통신기기,2025,415154.0,165215.0,122053.0,31767.0,279595.0,1419.0,135559.0,93514.0,42045.0,17902.0,27080.0,27.0,5104.0,67.3,48.5,33.4,15.0,17.9,50113.0,17929.0,4.318638384792149,35.77714365533893,12.070942349104188,130.5184250486558,2.8316005826831363,9.335931841824575
I3106,가전,1994,1548.0,434.0,932.0,278.0,434.0,53.0,1114.0,716.0,398.0,267.0,104.0,0.0,210.0,28.0,256.9,165.1,91.7,133.8,581.0,267.0,17.248062015503876,45.955249569707405,37.53229974160207,130.16759776536313,9.122203098106713,
I3106,가전,1995,1800.0,487.0,1055.0,333.0,532.0,64.0,1267.0,893.0,374.0,355.0,115.0,0.0,147.0,29.6,238.1,167.8,70.3,116.0,617.0,355.0,19.72222222222222,57.53646677471637,34.27777777777778,118.1410974244121,10.372771474878444,16.279069767441868
I3106,가전,1996,2451.0,641.0,1399.0,516.0,645.0,80.0,1806.0,1259.0,547.0,571.0,157.0,0.0,247.0,26.3,279.9,195.0,84.8,151.0,975.0,571.0,23.296613627090984,58.56410256410256,39.7796817625459,111.11993645750596,8.205128205128204,36.16666666666666
I3106,가전,1997,2714.0,651.0,1603.0,522.0,492.0,203.0,2222.0,1640.0,581.0,933.0,173.0,0.0,258.0,18.1,451.8,333.5,118.2,277.3,1364.0,933.0,34.377302873986736,68.40175953079178,50.25792188651437,97.74390243902438,14.882697947214076,10.730314157486731
I3106,가전,1998,2550.0,629.0,1511.0,419.0,-6.0,289.0,2556.0,2097.0,458.0,1159.0,214.0,0.0,123.0,-0.2,-43356.6,-35584.2,-7769.7,-25381.6,1496.0,1159.0,45.450980392156865,77.47326203208557,58.666666666666664,72.0553171196948,19.318181818181817,-6.042741341193814
I3106,가전,1999,2966.0,885.0,1647.0,315.0,-97.0,270.0,3063.0,2496.0,567.0,1173.0,224.0,0.0,199.0,-3.3,-3144.8,-2563.0,-581.8,-1638.6,1596.0,1173.0,39.54821308159137,73.49624060150376,53.80984490896831,65.98557692307693,16.917293233082706,16.313725490196074
I3106,가전,2000,3270.0,967.0,1869.0,413.0,1169.0,104.0,2101.0,1173.0,929.0,202.0,594.0,0.0,148.0,35.8,179.7,100.3,79.4,80.8,944.0,202.0,6.17737003058104,21.398305084745765,28.868501529051986,159.33503836317135,11.016949152542372,10.249494268374914
I3106,가전,2001,3543.0,1032.0,2054.0,426.0,1316.0,98.0,2226.0,1256.0,970.0,229.0,733.0,0.0,77.0,37.2,169.1,95.4,73.7,78.9,1039.0,229.0,6.46344905447361,22.040423484119344,29.325430426192494,163.53503184713375,9.432146294513956,8.348623853211002
I3106,가전,2002,3666.0,1066.0,2099.0,450.0,1568.0,91.0,2098.0,1372.0,726.0,270.0,527.0,0.0,41.0,42.8,133.8,87.5,46.3,53.4,838.0,270.0,7.3649754500818325,32.21957040572792,22.858701582105837,152.9883381924198,10.859188544152746,3.471634208298058
I3106,가전,2003,4019.0,1118.0,2337.0,467.0,1826.0,83.0,2194.0,1385.0,809.0,267.0,521.0,0.0,132.0,45.4,120.2,75.9,44.3,50.4,920.0,267.0,6.643443642697189,29.02173913043478,22.89126648420005,168.73646209386283,9.021739130434783,9.629023458810693
I3106,가전,2004,4098.0,1148.0,2366.0,505.0,1926.0,79.0,2172.0,1500.0,672.0,348.0,505.0,0.0,20.0,47.0,112.7,77.9,34.9,45.3,873.0,348.0,8.49194729136164,39.86254295532646,21.30307467057101,157.73333333333332,9.049255441008018,1.9656631002737068
I3106,가전,2005,4781.0,1229.0,2622.0,488.0,2555.0,73.0,2226.0,1451.0,775.0,340.0,589.0,0.0,50.0,53.4,87.1,56.8,30.3,38.3,979.0,340.0,7.111482953357038,34.72931562819203,20.47688768040159,180.70296347346658,7.456588355464761,16.666666666666675
I3106,가전,2006,5383.0,1457.0,2959.0,515.0,3053.0,79.0,2330.0,1566.0,765.0,438.0,426.0,0.0,182.0,56.7,76.3,51.3,25.1,34.3,1046.0,438.0,8.136726732305407,41.87380497131931,19.431543748838937,188.95274584929757,7.552581261950286,12.591508052708633
I3106,가전,2007,5454.0,1593.0,2904.0,571.0,3213.0,65.0,2241.0,1599.0,641.0,449.0,397.0,1.0,68.0,58.9,69.7,49.8,20.0,28.5,915.0,450.0,8.25082508250825,49.18032786885246,16.776677667766776,181.61350844277672,7.103825136612022,1.3189671187070484
I3106,가전,2008,5929.0,1812.0,2975.0,688.0,3382.0,77.0,2547.0,1821.0,726.0,640.0,426.0,0.0,54.0,57.0,75.3,53.9,21.5,33.1,1120.0,640.0,10.794400404790014,57.14285714285714,18.890200708382526,163.37177375068643,6.875000000000001,8.709204253758717
I3106,가전,2009,7274.0,2063.0,3839.0,725.0,4167.0,77.0,3107.0,2440.0,667.0,852.0,387.0,1.0,16.0,57.3,74.6,58.5,16.0,30.1,1256.0,853.0,11.726697827880121,67.9140127388535,17.266978278801208,157.3360655737705,6.130573248407643,22.685107100691514
I3106,가전,2010,7769.0,2072.0,4108.0,815.0,4520.0,84.0,3250.0,2635.0,614.0,931.0,335.0,1.0,43.0,58.2,71.9,58.3,13.6,29.0,1310.0,932.0,11.996395932552453,71.14503816793894,16.86188698674218,155.9013282732448,6.412213740458015,6.805059114654943
I3106,가전,2011,8397.0,2071.0,4494.0,911.0,4875.0,88.0,3522.0,2805.0,717.0,973.0,406.0,0.0,47.0,58.1,72.3,57.6,14.7,29.3,1426.0,973.0,11.587471716089079,68.2328190743338,16.98225556746457,160.2139037433155,6.171107994389901,8.083408418071825
I3106,가전,2012,8609.0,2172.0,4508.0,942.0,5146.0,90.0,3462.0,2695.0,767.0,1011.0,412.0,0.0,83.0,59.8,67.3,52.4,14.9,29.3,1506.0,1011.0,11.743524218840747,67.13147410358566,17.493320943198977,167.27272727272725,5.9760956175298805,2.5247112063832233
I3106,가전,2013,9658.0,2563.0,4969.0,1119.0,5592.0,88.0,4067.0,3164.0,902.0,1131.0,477.0,0.0,132.0,57.9,72.7,56.6,16.1,31.1,1740.0,1131.0,11.710499068130048,65.0,18.016152412507765,157.04804045512012,5.057471264367816,12.184922755256133
I3106,가전,2014,10687.0,2813.0,5420.0,1255.0,6135.0,99.0,4552.0,3560.0,992.0,1428.0,504.0,0.0,149.0,57.4,74.2,58.0,16.2,33.9,2081.0,1428.0,13.362028632918499,68.62085535800097,19.47225601197717,152.24719101123597,4.757328207592504,10.654379788776147
I3106,가전,2015,11219.0,3032.0,5549.0,1220.0,6695.0,93.0,4524.0,3505.0,1019.0,1338.0,581.0,0.0,113.0,59.7,67.6,52.4,15.2,30.3,2032.0,1338.0,11.92619663071575,65.84645669291339,18.11213120598984,158.3166904422254,4.576771653543307,4.978010667165722
I3106,가전,2016,11948.0,3436.0,5845.0,1270.0,7042.0,88.0,4906.0,3754.0,1152.0,1366.0,764.0,0.0,41.0,58.9,69.7,53.3,16.4,30.8,2171.0,1366.0,11.432875795112153,62.920313219714416,18.17040508871778,155.70058604155568,4.053431598341778,6.497905339156795
I3106,가전,2017,12749.0,3695.0,6280.0,1373.0,7275.0,98.0,5474.0,4265.0,1209.0,1453.0,711.0,2.0,123.0,57.1,75.2,58.6,16.6,31.5,2289.0,1455.0,11.412659816456193,63.564875491481,17.954349360734177,147.24501758499414,4.281345565749235,6.704050887177759
I3106,가전,2018,13119.0,3854.0,6273.0,1445.0,7402.0,109.0,5717.0,4273.0,1443.0,1445.0,766.0,0.0,274.0,56.4,77.2,57.7,19.5,33.6,2485.0,1445.0,11.01455903651193,58.14889336016097,18.941992529918437,146.8055230517201,4.386317907444668,2.902188406933881
I3106,가전,2019,14908.0,4289.0,6503.0,1495.0,8703.0,122.0,6205.0,4647.0,1557.0,1482.0,781.0,2.0,253.0,58.4,71.3,53.4,17.9,28.9,2518.0,1484.0,9.954386906359002,58.93566322478158,16.890260262946068,139.9397460727351,4.845115170770453,13.636710115100236
I3106,가전,2020,15645.0,4234.0,7106.0,1512.0,8970.0,110.0,6675.0,4795.0,1880.0,1551.0,904.0,0.0,395.0,57.3,74.4,53.5,21.0,31.8,2850.0,1551.0,9.913710450623201,54.421052631578945,18.21668264621285,148.19603753910323,3.8596491228070176,4.943654413737586
I3106,가전,2021,17033.0,4555.0,7604.0,1896.0,9648.0,123.0,7385.0,5303.0,2082.0,1610.0,942.0,0.0,443.0,56.6,76.5,55.0,21.6,31.0,2995.0,1610.0,9.45223976985851,53.756260434056756,17.583514354488347,143.39053366019235,4.106844741235392,8.871844039629284
I3106,가전,2022,17693.0,4675.0,7674.0,2137.0,10013.0,154.0,7679.0,5573.0,2107.0,1926.0,1014.0,35.0,428.0,56.6,76.7,55.7,21.0,34.0,3403.0,1961.0,11.0834793421127,57.625624449015575,19.23359520714407,137.69962318320475,4.525418748163386,3.874831210004115
I3106,가전,2023,17886.0,4943.0,7564.0,1848.0,10108.0,207.0,7778.0,5892.0,1886.0,1913.0,828.0,20.0,367.0,56.5,76.9,58.3,18.7,31.0,3128.0,1933.0,10.807335346080734,61.79667519181585,17.488538521748854,128.377460964019,6.61764705882353,1.0908268806872679
I3106,가전,2024,18653.0,5208.0,7948.0,1854.0,10579.0,227.0,8074.0,6168.0,1906.0,2082.0,857.0,0.0,354.0,56.7,76.3,58.3,18.0,31.1,3293.0,2082.0,11.161743419289122,63.22502277558457,17.653996676137886,128.8586251621271,6.893410264196781,4.2882701554288305
I3106,가전,2025,18933.0,5415.0,7856.0,1937.0,10547.0,203.0,8386.0,6264.0,2121.0,2214.0,932.0,0.0,561.0,55.7,79.5,59.4,20.1,35.2,3707.0,2214.0,11.693867849786088,59.72484488804963,19.579570062853218,125.41507024265645,5.476126247639601,1.5010990189245677
I3107,정밀기기,1994,580.0,151.0,339.0,82.0,184.0,24.0,396.0,274.0,122.0,103.0,60.0,0.0,18.0,31.7,215.9,149.4,66.5,98.9,181.0,103.0,17.75862068965517,56.9060773480663,31.20689655172414,123.72262773722629,13.259668508287293,
I3107,정밀기기,1995,801.0,210.0,458.0,129.0,230.0,33.0,571.0,367.0,203.0,114.0,81.0,0.0,19.0,28.8,247.7,159.5,88.2,92.7,214.0,114.0,14.232209737827715,53.271028037383175,26.716604244694132,124.79564032697547,15.42056074766355,38.10344827586207
I3107,정밀기기,1996,1041.0,252.0,602.0,152.0,348.0,40.0,693.0,452.0,240.0,135.0,103.0,0.0,20.0,33.5,198.8,129.8,69.0,74.0,258.0,135.0,12.968299711815561,52.32558139534884,24.78386167146974,133.1858407079646,15.503875968992247,29.962546816479406
I3107,정밀기기,1997,1488.0,297.0,865.0,167.0,553.0,54.0,935.0,586.0,341.0,188.0,146.0,0.0,67.0,37.2,168.9,105.8,61.5,72.5,401.0,188.0,12.634408602150538,46.88279301745636,26.948924731182792,147.61092150170649,13.466334164588527,42.93948126801153
I3107,정밀기기,1998,1638.0,335.0,930.0,190.0,724.0,86.0,914.0,504.0,405.0,164.0,157.0,0.0,134.0,44.2,126.4,69.7,56.0,62.9,455.0,164.0,10.012210012210012,36.043956043956044,27.77777777777778,184.52380952380955,18.9010989010989,10.080645161290324
I3107,정밀기기,1999,2369.0,446.0,1075.0,220.0,1312.0,62.0,1057.0,681.0,376.0,158.0,164.0,0.0,93.0,55.4,80.5,51.9,28.6,31.7,415.0,158.0,6.66948079358379,38.0722891566265,17.517940059096667,157.856093979442,14.93975903614458,44.627594627594625
I3107,정밀기기,2000,2484.0,596.0,1358.0,333.0,1273.0,63.0,1211.0,798.0,413.0,202.0,173.0,0.0,128.0,51.3,95.1,62.7,32.4,39.5,503.0,202.0,8.132045088566828,40.15904572564612,20.24959742351047,170.17543859649123,12.524850894632205,4.854368932038833
I3107,정밀기기,2001,2440.0,653.0,1356.0,340.0,1114.0,62.0,1326.0,931.0,395.0,263.0,184.0,0.0,98.0,45.6,119.1,83.6,35.5,48.9,545.0,263.0,10.778688524590164,48.25688073394495,22.33606557377049,145.6498388829216,11.376146788990827,-1.7713365539452464
I3107,정밀기기,2002,2419.0,638.0,1355.0,342.0,1227.0,39.0,1191.0,764.0,427.0,250.0,183.0,0.0,40.0,50.7,97.1,62.3,34.8,38.5,473.0,250.0,10.334849111202976,52.85412262156448,19.55353451839603,177.35602094240838,8.24524312896406,-0.8606557377049184
I3107,정밀기기,2003,2809.0,723.0,1583.0,382.0,1451.0,43.0,1359.0,956.0,402.0,298.0,205.0,0.0,32.0,51.6,93.7,65.9,27.7,36.9,535.0,298.0,10.60875756496974,55.700934579439256,19.045923816304736,165.58577405857739,8.037383177570094,16.12236461347665
I3107,정밀기기,2004,3291.0,847.0,1892.0,492.0,1761.0,48.0,1530.0,1099.0,431.0,358.0,221.0,0.0,43.0,53.5,86.9,62.4,24.5,35.3,622.0,358.0,10.878152537222729,57.556270096463024,18.900030385900944,172.1565059144677,7.717041800643088,17.159131363474557
I3107,정밀기기,2005,3836.0,963.0,2217.0,505.0,2118.0,44.0,1718.0,1258.0,460.0,384.0,239.0,0.0,43.0,55.2,81.1,59.4,21.7,31.5,666.0,384.0,10.010427528675704,57.65765765765766,17.361835245046926,176.2321144674086,6.606606606606606,16.560316013369803
I3107,정밀기기,2006,4537.0,1193.0,2489.0,576.0,2479.0,50.0,2058.0,1445.0,613.0,508.0,363.0,0.0,88.0,54.6,83.0,58.3,24.7,38.7,959.0,508.0,11.196826096539564,52.971845672575604,21.13731540665638,172.2491349480969,5.213764337851929,18.274244004171013
I3107,정밀기기,2007,5512.0,1435.0,2967.0,713.0,3036.0,69.0,2476.0,1751.0,725.0,631.0,443.0,1.0,106.0,55.1,81.6,57.7,23.9,38.9,1181.0,632.0,11.46589259796807,53.51397121083827,21.42597968069666,169.4460308395203,5.842506350550381,21.489971346704873
I3107,정밀기기,2008,6639.0,1912.0,3427.0,812.0,3456.0,98.0,3183.0,2332.0,851.0,960.0,525.0,1.0,93.0,52.1,92.1,67.5,24.6,45.7,1579.0,961.0,14.475071546919715,60.86130462317922,23.783702364813976,146.95540308747857,6.206459784673844,20.446298984034826
I3107,정밀기기,2009,7081.0,2015.0,3594.0,793.0,3918.0,109.0,3164.0,2321.0,842.0,989.0,532.0,30.0,79.0,55.3,80.8,59.2,21.5,41.6,1630.0,1019.0,14.390622793390765,62.515337423312886,23.019347549781106,154.84704868591123,6.687116564417178,6.657629161018219
I3107,정밀기기,2010,8226.0,2260.0,4335.0,926.0,4665.0,112.0,3561.0,2584.0,977.0,1007.0,577.0,4.0,136.0,56.7,76.3,55.4,21.0,37.0,1724.0,1011.0,12.290299051787017,58.64269141531323,20.957938244590324,167.76315789473685,6.496519721577726,16.170032481287944
I3107,정밀기기,2011,9219.0,2459.0,4831.0,1050.0,5180.0,124.0,4039.0,3094.0,945.0,1144.0,502.0,16.0,142.0,56.2,78.0,59.7,18.2,34.8,1804.0,1160.0,12.582709621433995,64.30155210643017,19.568282894023213,156.14091790562378,6.873614190687362,12.071480671043044
I3107,정밀기기,2012,10246.0,2828.0,5259.0,1162.0,5931.0,130.0,4314.0,3169.0,1146.0,1253.0,695.0,10.0,169.0,57.9,72.7,53.4,19.3,35.9,2127.0,1263.0,12.326761663088034,59.37940761636107,20.75932071052118,165.95140422846325,6.11189468735308,11.140036880355787
I3107,정밀기기,2013,11839.0,3399.0,6143.0,1334.0,6855.0,127.0,4985.0,3653.0,1332.0,1394.0,828.0,0.0,206.0,57.9,72.7,53.3,19.4,35.4,2428.0,1394.0,11.774643128642621,57.41350906095551,20.50848889264296,168.16315357240623,5.230642504118617,15.54753074370485
I3107,정밀기기,2014,13281.0,3720.0,7007.0,1473.0,7683.0,134.0,5598.0,4136.0,1462.0,1553.0,944.0,0.0,169.0,57.8,72.9,53.8,19.0,34.7,2666.0,1553.0,11.69339658158271,58.25206301575394,20.073789624275282,169.41489361702128,5.026256564141035,12.180082777261592
I3107,정밀기기,2015,15005.0,4104.0,7993.0,1601.0,8917.0,128.0,6088.0,4433.0,1655.0,1624.0,1108.0,0.0,161.0,59.4,68.3,49.7,18.6,32.5,2893.0,1624.0,10.823058980339887,56.13549948150709,19.280239920026656,180.30678998420936,4.4244728655375045,12.980950229651377
I3107,정밀기기,2016,16969.0,4570.0,9170.0,1853.0,10198.0,124.0,6772.0,5010.0,1762.0,1675.0,1074.0,0.0,226.0,60.1,66.4,49.1,17.3,29.2,2975.0,1675.0,9.870941127939183,56.30252100840336,17.531970063056164,183.03393213572855,4.168067226890757,13.08897034321892
I3107,정밀기기,2017,18762.0,5189.0,9665.0,2135.0,11164.0,135.0,7598.0,5461.0,2138.0,1840.0,1217.0,0.0,332.0,59.5,68.1,48.9,19.1,30.4,3389.0,1840.0,9.807056816970473,54.293301858955445,18.06310627864833,176.9822376854056,3.9834759516081437,10.56632683128058
I3107,정밀기기,2018,20546.0,5600.0,10521.0,2193.0,12151.0,177.0,8395.0,5916.0,2478.0,1913.0,1389.0,2.0,348.0,59.1,69.1,48.7,20.4,30.1,3652.0,1915.0,9.320549011973133,52.43702081051479,17.7747493429378,177.8397565922921,4.846659364731654,9.508581174714848
I3107,정밀기기,2019,22860.0,6239.0,11825.0,2483.0,13427.0,205.0,9433.0,6695.0,2738.0,2155.0,1534.0,0.0,308.0,58.7,70.3,49.9,20.4,29.8,3997.0,2155.0,9.426946631671042,53.91543657743307,17.484689413823272,176.62434652725915,5.128846634976232,11.262532853110097
I3107,정밀기기,2020,25878.0,6903.0,13685.0,2865.0,14944.0,201.0,10933.0,7990.0,2948.0,2501.0,1728.0,0.0,317.0,57.7,73.2,53.5,19.7,30.4,4546.0,2501.0,9.664579952082851,55.01539815222173,17.567045366720766,171.27659574468086,4.421469423669159,13.202099737532812
I3107,정밀기기,2021,31594.0,7914.0,17202.0,3371.0,18438.0,251.0,13156.0,9666.0,3490.0,2656.0,1995.0,0.0,464.0,58.4,71.4,52.4,18.9,27.7,5115.0,2656.0,8.406659492308666,51.92570869990225,16.18978287016522,177.96399751707014,4.9071358748778104,22.088260298322894
I3107,정밀기기,2022,34083.0,8953.0,17902.0,3862.0,20765.0,313.0,13318.0,9979.0,3338.0,3120.0,2054.0,0.0,277.0,60.9,64.1,48.1,16.1,26.2,5451.0,3120.0,9.154123756711558,57.23720418271877,15.993310448023943,179.39673313959315,5.742065676022748,7.878078116097997
I3107,정밀기기,2023,36562.0,9915.0,17546.0,4156.0,22157.0,442.0,14405.0,11143.0,3262.0,3659.0,1942.0,0.0,241.0,60.6,65.0,50.3,14.7,26.4,5842.0,3659.0,10.007658224385976,62.63266004792879,15.978338165308243,157.4620838194382,7.565902088325915,7.273420766951255
I3107,정밀기기,2024,40679.0,10806.0,19493.0,4249.0,24961.0,477.0,15719.0,11678.0,4041.0,3832.0,2477.0,0.0,326.0,61.4,63.0,46.8,16.2,26.6,6635.0,3832.0,9.420093905946556,57.754333082140164,16.31062710489442,166.920705600274,7.1891484551620195,11.260324927520383
I3107,정밀기기,2025,44152.0,11688.0,21358.0,4648.0,27597.0,466.0,16555.0,12266.0,4289.0,3898.0,2605.0,0.0,296.0,62.5,60.0,44.4,15.5,24.6,6799.0,3898.0,8.82859213625657,57.33196058243859,15.399075919550642,174.12359367356922,6.85394911016326,8.537574669977133
I3108,전지,1994,1952.0,717.0,817.0,174.0,789.0,59.0,1163.0,741.0,421.0,246.0,214.0,0.0,45.0,40.4,147.3,93.9,53.4,64.1,505.0,246.0,12.602459016393441,48.71287128712871,25.87090163934426,110.25641025641026,11.683168316831685,
I3108,전지,1995,2698.0,948.0,1176.0,245.0,1218.0,83.0,1480.0,747.0,733.0,271.0,321.0,0.0,217.0,45.1,121.5,61.3,60.2,66.4,809.0,271.0,10.044477390659749,33.49814585908529,29.985174203113417,157.429718875502,10.259579728059332,38.2172131147541
I3108,전지,1996,3293.0,1278.0,1308.0,298.0,1430.0,105.0,1863.0,970.0,893.0,425.0,351.0,0.0,317.0,43.4,130.3,67.8,62.4,76.4,1093.0,425.0,12.90616459155785,38.88380603842635,33.19161858487701,134.84536082474227,9.606587374199451,22.053372868791698
I3108,전지,1997,4493.0,1838.0,1690.0,324.0,1544.0,128.0,2949.0,1584.0,1362.0,593.0,593.0,0.0,501.0,34.4,191.0,102.6,88.2,109.3,1687.0,593.0,13.198308479857557,35.15115589804386,37.547295793456485,106.69191919191918,7.587433313574392,36.44093531733981
I3108,전지,1998,5051.0,1783.0,2003.0,245.0,2228.0,279.0,2823.0,1201.0,1621.0,399.0,275.0,0.0,1067.0,44.1,126.7,53.9,72.7,78.2,1741.0,399.0,7.899425856266086,22.917863296955773,34.468422094634725,166.77768526228144,16.025272831705916,12.41931894057422
I3108,전지,1999,4738.0,1738.0,1829.0,235.0,2465.0,199.0,2273.0,1420.0,853.0,124.0,200.0,0.0,441.0,52.0,92.2,57.6,34.6,31.0,765.0,124.0,2.617138032925285,16.209150326797385,16.14605318699873,128.80281690140845,26.01307189542484,-6.196792714313992
I3108,전지,2000,4921.0,1959.0,1830.0,291.0,2860.0,82.0,2061.0,1742.0,319.0,113.0,171.0,0.0,15.0,58.1,72.0,60.9,11.1,10.5,299.0,113.0,2.296281243649665,37.79264214046823,6.076000812842918,105.05166475315728,27.424749163879596,3.8623891937526356
I3108,전지,2001,5088.0,2139.0,1540.0,300.0,3461.0,45.0,1627.0,1053.0,574.0,122.0,60.0,0.0,366.0,68.0,47.0,30.4,16.6,15.8,548.0,122.0,2.397798742138365,22.26277372262774,10.770440251572328,146.24881291547956,8.211678832116789,3.3936191830928664
I3108,전지,2002,5486.0,1784.0,2100.0,354.0,3833.0,31.0,1653.0,1025.0,628.0,103.0,42.0,0.0,377.0,69.9,43.1,26.7,16.4,13.6,522.0,103.0,1.8775063798760483,19.731800766283524,9.51512942034269,204.8780487804878,5.938697318007663,7.822327044025168
I3108,전지,2003,6371.0,2101.0,2315.0,489.0,4522.0,24.0,1850.0,1434.0,416.0,102.0,144.0,0.0,32.0,71.0,40.9,31.7,9.2,6.1,278.0,102.0,1.6010045518756868,36.69064748201439,4.363522210014127,161.4365411436541,8.633093525179856,16.13197229310974
I3108,전지,2004,6781.0,2630.0,1923.0,616.0,5024.0,12.0,1757.0,1212.0,546.0,99.0,125.0,0.0,233.0,74.1,35.0,24.1,10.9,9.1,457.0,99.0,1.4599616575726293,21.663019693654267,6.739418964754461,158.66336633663366,2.62582056892779,6.435410453617951
I3108,전지,2005,7102.0,2548.0,2390.0,598.0,5440.0,20.0,1662.0,1182.0,481.0,165.0,35.0,0.0,218.0,76.6,30.6,21.7,8.8,7.7,418.0,165.0,2.323289214305829,39.473684210526315,5.885666009574768,202.19966159052453,4.784688995215311,4.733815071523373
I3108,전지,2006,7727.0,3151.0,2274.0,576.0,5559.0,12.0,2168.0,1623.0,545.0,136.0,118.0,0.0,211.0,71.9,39.0,29.2,9.8,8.4,465.0,136.0,1.7600621198395239,29.24731182795699,6.017859453863077,140.1109057301294,2.5806451612903225,8.800337932976632
I3108,전지,2007,7998.0,2994.0,2243.0,557.0,5519.0,18.0,2479.0,1302.0,1177.0,175.0,381.0,0.0,410.0,69.0,44.9,23.6,21.3,17.5,966.0,175.0,2.1880470117529383,18.115942028985508,12.07801950487622,172.27342549923193,1.8633540372670807,3.5071826064449363
I3108,전지,2008,7689.0,2165.0,2531.0,495.0,5691.0,33.0,1998.0,1171.0,826.0,96.0,333.0,0.0,273.0,74.0,35.1,20.6,14.5,12.3,702.0,96.0,1.2485368708544675,13.675213675213676,9.129925868123292,216.1400512382579,4.700854700854701,-3.86346586646662
I3108,전지,2009,8650.0,1935.0,3192.0,504.0,6373.0,36.0,2277.0,1645.0,632.0,177.0,153.0,10.0,202.0,73.7,35.7,25.8,9.9,8.5,542.0,187.0,2.161849710982659,34.50184501845018,6.265895953757225,194.04255319148936,6.642066420664207,12.4983743009494
I3108,전지,2010,9765.0,1926.0,3247.0,592.0,7570.0,33.0,2195.0,1553.0,642.0,219.0,80.0,0.0,202.0,77.5,29.0,20.5,8.5,6.6,501.0,219.0,2.2427035330261136,43.712574850299404,5.130568356374808,209.079201545396,6.58682634730539,12.890173410404614
I3108,전지,2011,10436.0,2308.0,3354.0,678.0,7591.0,28.0,2845.0,2321.0,524.0,717.0,186.0,0.0,5.0,72.7,37.5,30.6,6.9,12.0,908.0,717.0,6.870448447681104,78.9647577092511,8.700651590647759,144.50667815596725,3.0837004405286343,6.871479774705591
I3108,전지,2012,14224.0,2224.0,3427.0,621.0,10272.0,37.0,3952.0,2217.0,1735.0,604.0,407.0,0.0,201.0,72.2,38.5,21.6,16.9,11.8,1212.0,604.0,4.246344206974128,49.834983498349835,8.520809898762655,154.5782589084348,3.052805280528053,36.2974319662706
I3108,전지,2013,13869.0,2277.0,3194.0,667.0,10043.0,45.0,3826.0,2168.0,1658.0,742.0,419.0,0.0,401.0,72.4,38.1,21.6,16.5,15.6,1562.0,742.0,5.3500612877640785,47.50320102432779,11.262527940010095,147.32472324723247,2.880921895006402,-2.495781777277839
I3108,전지,2014,19185.0,3851.0,4800.0,918.0,14242.0,59.0,4943.0,3003.0,1940.0,882.0,141.0,0.0,708.0,74.2,34.7,21.1,13.6,12.2,1731.0,882.0,4.597341673182174,50.95320623916811,9.022673964034402,159.84015984015986,3.40843443096476,38.33008868699979
I3108,전지,2015,18856.0,3549.0,5650.0,911.0,13737.0,23.0,5119.0,3501.0,1618.0,768.0,142.0,0.0,512.0,72.9,37.3,25.5,11.8,10.4,1422.0,768.0,4.072974119643614,54.008438818565395,7.541366143402631,161.3824621536704,1.6174402250351618,-1.7148814177743055
I3108,전지,2016,17801.0,2896.0,5034.0,957.0,13307.0,27.0,4494.0,3033.0,1462.0,578.0,231.0,0.0,317.0,74.8,33.8,22.8,11.0,8.5,1126.0,578.0,3.2470085950227516,51.332149200710475,6.32548733217235,165.97428288822948,2.3978685612788633,-5.595036062791681
I3108,전지,2017,18168.0,3220.0,5054.0,1119.0,13467.0,34.0,4700.0,3512.0,1189.0,1138.0,214.0,0.0,110.0,74.1,34.9,26.1,8.8,10.9,1462.0,1138.0,6.263760457948041,77.83857729138167,8.047115808014091,143.90660592255125,2.3255813953488373,2.0616819279815735
I3108,전지,2018,21504.0,4392.0,6944.0,1746.0,14430.0,58.0,7075.0,4750.0,2325.0,1825.0,409.0,0.0,742.0,67.1,49.0,32.9,16.1,20.6,2976.0,1825.0,8.486793154761903,61.3239247311828,13.839285714285715,146.18947368421053,1.9489247311827957,18.36195508586527
I3108,전지,2019,23456.0,5836.0,7059.0,1796.0,15752.0,72.0,7704.0,4512.0,3192.0,1588.0,1010.0,0.0,994.0,67.2,48.9,28.6,20.3,22.8,3592.0,1588.0,6.770122783083219,44.20935412026726,15.313778990450205,156.4494680851064,2.0044543429844097,9.077380952380953
I3108,전지,2020,37793.0,7733.0,11624.0,2675.0,24305.0,84.0,13488.0,7941.0,5547.0,1540.0,1088.0,0.0,2940.0,64.3,55.5,32.7,22.8,22.9,5568.0,1540.0,4.074828671976292,27.65804597701149,14.732887042574022,146.37954917516686,1.5086206896551724,61.12295361527966
I3108,전지,2021,54211.0,9840.0,20129.0,4399.0,33250.0,147.0,20960.0,13472.0,7488.0,2782.0,1196.0,0.0,3846.0,61.3,63.0,40.5,22.5,23.5,7824.0,2782.0,5.131799819224881,35.557259713701434,14.432495250041505,149.41359857482186,1.8788343558282208,43.4419072314979
I3108,전지,2022,75863.0,12205.0,30611.0,7663.0,47700.0,328.0,28164.0,20780.0,7384.0,5590.0,2002.0,0.0,2901.0,62.9,59.0,43.6,15.5,22.0,10493.0,5590.0,7.36854593148175,53.27361097874773,13.83151206780644,147.30991337824832,3.1258934527780426,39.94023353194001
I3108,전지,2023,87271.0,16668.0,27546.0,7024.0,52161.0,649.0,35109.0,21892.0,13217.0,6705.0,3371.0,16.0,7274.0,59.8,67.3,42.0,25.3,33.3,17366.0,6721.0,7.701298254861294,38.702061499481744,19.8989354997651,125.82678604056277,3.7371876079695956,15.037633629041824
I3108,전지,2024,101041.0,19561.0,29222.0,5581.0,54853.0,1150.0,46187.0,25578.0,20610.0,10455.0,5977.0,0.0,12160.0,54.3,84.2,46.6,37.6,52.1,28592.0,10455.0,10.347284765590206,36.566172355903745,28.297423818054057,114.24661818750488,4.022104085058758,15.7784372815712
I3108,전지,2025,109906.0,22293.0,27703.0,5848.0,60733.0,1343.0,49173.0,27149.0,22023.0,8643.0,6852.0,0.0,12699.0,55.3,81.0,44.7,36.3,46.4,28194.0,8643.0,7.8639928666314844,30.655458608214513,25.652830600695136,102.04059081365797,4.763424842165,8.773666135529146
I3109,항공,1994,1274.0,523.0,500.0,252.0,300.0,53.0,974.0,620.0,354.0,264.0,111.0,0.0,127.0,23.6,324.4,206.4,117.9,167.2,502.0,264.0,20.722135007849293,52.589641434262944,39.403453689167975,80.64516129032258,10.557768924302788,
I3109,항공,1995,1721.0,616.0,779.0,410.0,414.0,75.0,1307.0,801.0,506.0,340.0,124.0,0.0,233.0,24.0,316.0,193.8,122.3,168.6,697.0,340.0,19.755955839628122,48.78048780487805,40.49970947123766,97.2534332084894,10.760401721664275,35.086342229199374
I3109,항공,1996,2071.0,733.0,943.0,501.0,439.0,98.0,1632.0,844.0,788.0,449.0,144.0,0.0,443.0,21.2,371.9,192.4,179.5,236.1,1036.0,449.0,21.680347658136164,43.33976833976834,50.02414292612265,111.7298578199052,9.45945945945946,20.337013364323077
I3109,항공,1997,2382.0,828.0,1020.0,429.0,456.0,149.0,1926.0,1015.0,911.0,604.0,199.0,0.0,443.0,19.1,422.4,222.6,199.8,273.4,1246.0,604.0,25.356842989084804,48.47512038523274,52.308984047019315,100.49261083743843,11.958266452648475,15.01690004828584
I3109,항공,1998,2515.0,1041.0,912.0,280.0,550.0,240.0,1965.0,963.0,1002.0,384.0,151.0,0.0,633.0,21.9,357.6,175.3,182.3,212.6,1168.0,384.0,15.268389662027834,32.87671232876712,46.441351888667995,94.70404984423676,20.54794520547945,5.583543240973965
I3109,항공,1999,3306.0,1384.0,1224.0,331.0,913.0,197.0,2393.0,1756.0,637.0,715.0,280.0,0.0,211.0,27.6,262.0,192.2,69.8,132.0,1206.0,715.0,21.62734422262553,59.28689883913765,36.47912885662432,69.70387243735763,16.334991708126037,31.45129224652088
I3109,항공,2000,3281.0,1330.0,1157.0,386.0,776.0,238.0,2505.0,1492.0,1013.0,626.0,271.0,0.0,616.0,23.6,323.0,192.4,130.6,195.1,1513.0,626.0,19.0795489180128,41.374752148050234,46.1139896373057,77.54691689008042,15.730337078651685,-0.7562008469449433
I3109,항공,2001,3207.0,1200.0,1285.0,533.0,827.0,167.0,2379.0,1103.0,1277.0,175.0,605.0,0.0,554.0,25.8,287.6,133.3,154.3,161.4,1334.0,175.0,5.45681322107889,13.118440779610193,41.59650763953851,116.50045330915684,12.518740629685157,-2.255409935995123
I3109,항공,2002,3240.0,1131.0,1405.0,467.0,880.0,135.0,2361.0,1129.0,1232.0,113.0,713.0,0.0,349.0,27.1,268.3,128.3,140.0,133.5,1175.0,113.0,3.4876543209876543,9.617021276595745,36.26543209876543,124.44641275465014,11.48936170212766,1.0289990645462987
I3109,항공,2003,3101.0,1077.0,1435.0,305.0,937.0,104.0,2165.0,1032.0,1133.0,63.0,581.0,0.0,372.0,30.2,231.1,110.2,120.9,108.5,1016.0,63.0,2.0316027088036117,6.200787401574804,32.7636246372138,139.0503875968992,10.236220472440944,-4.290123456790118
I3109,항공,2004,3118.0,1037.0,1485.0,314.0,994.0,71.0,2124.0,1245.0,880.0,145.0,545.0,0.0,159.0,31.9,213.8,125.3,88.5,85.5,849.0,145.0,4.650416933932008,17.078916372202592,27.228992944194996,119.27710843373494,8.362779740871613,0.5482102547565315
I3109,항공,2005,3244.0,1037.0,1659.0,349.0,1067.0,64.0,2177.0,1259.0,918.0,154.0,505.0,0.0,239.0,32.9,204.0,118.0,86.0,84.1,898.0,154.0,4.747225647348952,17.14922048997773,27.681874229346487,131.7712470214456,7.126948775055679,4.041051956382291
I3109,항공,2006,3204.0,1075.0,1419.0,475.0,1326.0,107.0,1878.0,1200.0,678.0,116.0,272.0,0.0,169.0,41.4,141.6,90.5,51.1,42.1,557.0,116.0,3.620474406991261,20.825852782764812,17.384519350811487,118.25000000000001,19.210053859964095,-1.2330456226880449
I3109,항공,2007,3229.0,1040.0,1427.0,518.0,1525.0,33.0,1704.0,1152.0,552.0,30.0,271.0,0.0,0.0,47.2,111.7,75.5,36.2,19.7,301.0,30.0,0.9290802105915144,9.966777408637874,9.321771446268194,123.87152777777777,10.96345514950166,0.7802746566791585
I3109,항공,2008,3791.0,1181.0,1822.0,674.0,1660.0,26.0,2131.0,1573.0,558.0,270.0,275.0,0.0,3.0,43.8,128.3,94.7,33.6,33.0,548.0,270.0,7.122131363756265,49.27007299270073,14.455288841994197,115.82962492053402,4.744525547445255,17.404769278414367
I3109,항공,2009,4109.0,1234.0,2031.0,677.0,1783.0,41.0,2327.0,1443.0,883.0,83.0,266.0,0.0,306.0,43.4,130.5,81.0,49.6,36.8,655.0,83.0,2.0199561937211,12.67175572519084,15.94061815526892,140.74844074844074,6.259541984732825,8.388288050646263
I3109,항공,2010,4713.0,1326.0,2113.0,680.0,1966.0,31.0,2747.0,1715.0,1032.0,524.0,295.0,0.0,401.0,41.7,139.7,87.2,52.5,62.1,1220.0,524.0,11.118183747082536,42.950819672131146,25.885847655421173,123.20699708454809,2.540983606557377,14.699440253102946
I3109,항공,2011,5350.0,1320.0,2433.0,697.0,2553.0,43.0,2797.0,1605.0,1192.0,329.0,391.0,0.0,455.0,47.7,109.5,62.9,46.7,46.0,1175.0,329.0,6.149532710280374,28.000000000000004,21.962616822429908,151.58878504672896,3.6595744680851063,13.515807341396147
I3109,항공,2012,5562.0,1352.0,2705.0,813.0,2569.0,39.0,2993.0,1756.0,1237.0,219.0,379.0,0.0,459.0,46.2,116.5,68.4,48.1,41.1,1057.0,219.0,3.9374325782092776,20.719016083254495,19.0039554117224,154.04328018223234,3.6896877956480605,3.9626168224299096
I3109,항공,2013,5932.0,1519.0,2874.0,896.0,2705.0,31.0,3227.0,2163.0,1064.0,305.0,270.0,0.0,362.0,45.6,119.3,80.0,39.3,34.6,937.0,305.0,5.1416048550236,32.55069370330843,15.795684423465946,132.87101248266296,3.3084311632870866,6.652283351312471
I3109,항공,2014,6342.0,1505.0,3142.0,977.0,2773.0,32.0,3569.0,2464.0,1105.0,427.0,254.0,0.0,361.0,43.7,128.7,88.8,39.9,37.6,1042.0,427.0,6.73289183222958,40.978886756238005,16.43014821822769,127.51623376623375,3.071017274472169,6.9116655428186125
I3109,항공,2015,7998.0,2017.0,4210.0,1073.0,3845.0,48.0,4153.0,2607.0,1546.0,445.0,486.0,0.0,324.0,48.1,108.0,67.8,40.2,32.6,1255.0,445.0,5.563890972743186,35.45816733067729,15.69142285571393,161.48830072880708,3.824701195219123,26.111636707663187
I3109,항공,2016,9075.0,2179.0,4224.0,1167.0,4203.0,56.0,4872.0,2633.0,2239.0,429.0,789.0,0.0,648.0,46.3,115.9,62.6,53.3,44.4,1866.0,429.0,4.7272727272727275,22.990353697749196,20.56198347107438,160.425370300038,3.0010718113612005,13.46586646661665
I3109,항공,2017,8742.0,2068.0,3772.0,1018.0,3888.0,74.0,4854.0,2654.0,2200.0,892.0,612.0,0.0,780.0,44.5,124.8,68.3,56.6,58.8,2284.0,892.0,10.203614733470602,39.05429071803853,26.126744452070465,142.12509419743785,3.239929947460595,-3.669421487603308
I3109,항공,2018,9648.0,2250.0,4360.0,1951.0,3764.0,81.0,5884.0,3441.0,2443.0,550.0,679.0,0.0,677.0,39.0,156.3,91.4,64.9,50.6,1906.0,550.0,5.700663349917081,28.856243441762853,19.755389718076284,126.70735251380411,4.249737670514166,10.363761153054218
I3109,항공,2019,10915.0,2428.0,4762.0,2032.0,4047.0,85.0,6867.0,3793.0,3074.0,662.0,1007.0,0.0,934.0,37.1,169.7,93.7,76.0,64.3,2603.0,662.0,6.065048098946404,25.43219362274299,23.847915712322493,125.54706037437384,3.2654629273914715,13.132255389718072
I3109,항공,2020,11943.0,2551.0,5568.0,2221.0,4073.0,93.0,7870.0,4577.0,3293.0,703.0,933.0,0.0,1278.0,34.1,193.2,112.4,80.8,71.5,2914.0,703.0,5.886293226157582,24.12491420727522,24.399229674286193,121.65173694559755,3.1914893617021276,9.41823179111314
I3109,항공,2021,13273.0,2452.0,6064.0,2182.0,4142.0,105.0,9131.0,5085.0,4046.0,635.0,945.0,0.0,1980.0,31.2,220.4,122.7,97.7,85.9,3560.0,635.0,4.7841482709259395,17.837078651685392,26.82136668424621,119.25270403146509,2.9494382022471908,11.13623042786569
I3109,항공,2022,18878.0,3079.0,10096.0,2938.0,4901.0,117.0,13977.0,10413.0,3563.0,750.0,939.0,0.0,1292.0,26.0,285.2,212.5,72.7,60.8,2981.0,750.0,3.972878482890137,25.159342502515937,15.790867676660664,96.95572841640258,3.924857430392486,42.228584344157305
I3109,항공,2023,23934.0,4280.0,11907.0,4092.0,5613.0,198.0,18320.0,14841.0,3479.0,1299.0,1007.0,0.0,781.0,23.5,326.4,264.4,62.0,55.0,3087.0,1299.0,5.427425419904738,42.07968901846453,12.897969415893707,80.23044269254093,6.41399416909621,26.782498145990054
I3109,항공,2024,28583.0,4572.0,15168.0,5506.0,6724.0,280.0,21859.0,17224.0,4635.0,2501.0,868.0,0.0,2051.0,23.5,325.1,256.2,68.9,80.6,5420.0,2501.0,8.749956267711577,46.14391143911439,18.96232026029458,88.06316767301439,5.166051660516605,19.42425002089079
I3109,항공,2025,38275.0,5046.0,21845.0,7625.0,12685.0,344.0,25590.0,20138.0,5452.0,2557.0,1168.0,0.0,2534.0,33.1,201.7,158.7,43.0,49.3,6259.0,2557.0,6.6806009144350105,40.85317143313628,16.352710646636183,108.47651206673949,5.496085636683176,33.90826715180353
I3201,석유화학,1994,12212.0,6431.0,4510.0,1188.0,3093.0,550.0,9119.0,4349.0,4771.0,1812.0,2269.0,0.0,1907.0,25.3,294.9,140.6,154.3,193.6,5988.0,1812.0,14.837864395676384,30.26052104208417,49.03373730756633,103.70200045987583,9.18503674014696,
I3201,석유화학,1995,14186.0,7045.0,5509.0,1329.0,3988.0,580.0,10198.0,5712.0,4487.0,2160.0,1970.0,0.0,1704.0,28.1,255.7,143.2,112.5,146.3,5834.0,2160.0,15.226279430424361,37.02434007541996,41.1250528690258,96.44607843137256,9.941720946177579,16.164428431051412
I3201,석유화학,1996,16004.0,7900.0,5959.0,1496.0,4388.0,580.0,11616.0,6522.0,5094.0,2543.0,2172.0,0.0,1961.0,27.4,264.7,148.6,116.1,152.1,6676.0,2543.0,15.889777555611099,38.09167165967645,41.714571357160715,91.36767862618828,8.687837028160574,12.815451853940507
I3201,석유화학,1997,19323.0,9526.0,7105.0,1708.0,4948.0,861.0,14375.0,7854.0,6518.0,3545.0,3242.0,0.0,2199.0,25.6,290.5,158.7,131.7,181.6,8986.0,3545.0,18.346012523935208,39.45025595370576,46.50416601976919,90.46345811051694,9.581571333184954,20.738565358660345
I3201,석유화학,1998,20880.0,11199.0,6882.0,1700.0,6712.0,1309.0,14169.0,7821.0,6336.0,2802.0,2880.0,0.0,2374.0,32.1,211.1,116.5,94.4,120.0,8056.0,2802.0,13.419540229885058,34.78152929493545,38.582375478927204,87.99386267740698,16.24875868917577,8.05775500698649
I3201,석유화학,1999,23729.0,12243.0,7685.0,1893.0,9989.0,1113.0,13740.0,8639.0,5100.0,2878.0,2102.0,0.0,1978.0,42.1,137.5,86.5,51.1,69.7,6958.0,2878.0,12.128618989422225,41.3624604771486,29.322769606810233,88.95705521472392,15.995975855130784,13.644636015325663
I3201,석유화학,2000,23387.0,11724.0,7346.0,1887.0,10447.0,963.0,12940.0,7775.0,5165.0,2657.0,2264.0,0.0,2087.0,44.7,123.9,74.4,49.4,67.1,7008.0,2657.0,11.361012528327704,37.91381278538813,29.965365373925685,94.48231511254019,13.741438356164384,-1.4412743899869351
I3201,석유화학,2001,28212.0,15069.0,8091.0,2240.0,12376.0,929.0,15837.0,9169.0,6668.0,2536.0,2277.0,0.0,3573.0,43.9,128.0,74.1,53.9,67.8,8386.0,2536.0,8.989082659861051,30.240877653231575,29.724939741953776,88.24299269276912,11.077987121392798,20.63111985290973
I3201,석유화학,2002,28316.0,14754.0,8351.0,2284.0,12972.0,734.0,15345.0,9454.0,5891.0,2438.0,2286.0,0.0,2520.0,45.8,118.3,72.9,45.4,55.8,7244.0,2438.0,8.609973160050854,33.65543898398675,25.582709422234778,88.33298074888936,10.132523467697405,0.3686374592372088
I3201,석유화학,2003,31617.0,14934.0,9814.0,2506.0,15430.0,603.0,16187.0,10126.0,6061.0,2569.0,2335.0,0.0,2609.0,48.8,104.9,65.6,39.3,48.7,7513.0,2569.0,8.125375589081823,34.194063623053374,23.762532814625043,96.91882283231286,8.026088113935845,11.657720016951556
I3201,석유화학,2004,35156.0,14683.0,12078.0,3481.0,18418.0,526.0,16737.0,10628.0,6110.0,2546.0,1861.0,0.0,2844.0,52.4,90.9,57.7,33.2,39.4,7251.0,2546.0,7.242007054272386,35.11239828989105,20.625213334850383,113.64320662401204,7.254171838367121,11.193345352183947
I3201,석유화학,2005,36754.0,14743.0,13043.0,4214.0,20675.0,457.0,16079.0,11023.0,5057.0,2514.0,1505.0,0.0,2116.0,56.3,77.8,53.3,24.5,29.7,6135.0,2514.0,6.84007182891658,40.97799511002445,16.69206072808402,118.3253197859022,7.449062754686227,4.545454545454541
I3201,석유화학,2006,39104.0,16020.0,14420.0,4562.0,22499.0,451.0,16604.0,11162.0,5442.0,2408.0,1516.0,0.0,2296.0,57.5,73.8,49.6,24.2,27.6,6220.0,2408.0,6.157937806873977,38.71382636655948,15.906301145662848,129.18831750582333,7.2508038585209,6.39386189258313
I3201,석유화학,2007,45644.0,18203.0,17869.0,5789.0,26399.0,496.0,19245.0,12150.0,7095.0,2500.0,2336.0,63.0,2898.0,57.8,72.9,46.0,26.9,29.5,7797.0,2563.0,5.615195863640348,32.87161728870078,17.082201384628867,147.06995884773661,6.361421059381814,16.72463175122749
I3201,석유화학,2008,52754.0,20495.0,21881.0,7106.0,28443.0,663.0,24311.0,15495.0,8816.0,4744.0,3156.0,215.0,3102.0,53.9,85.5,54.5,31.0,39.4,11217.0,4959.0,9.400235053266103,44.20968173308371,21.262842628047164,141.21329461116488,5.910671302487296,15.577074752431862
I3201,석유화학,2009,59405.0,23448.0,24993.0,6638.0,33915.0,701.0,25490.0,16705.0,8785.0,3009.0,2875.0,332.0,3043.0,57.1,75.2,49.3,25.9,27.3,9259.0,3341.0,5.624105715007154,36.08381034668971,15.58623011531016,149.61388805746782,7.571011988335672,12.607574781059249
I3201,석유화학,2010,70277.0,26171.0,29450.0,7883.0,40869.0,630.0,29409.0,19804.0,9605.0,4717.0,3346.0,33.0,3267.0,58.2,72.0,48.5,23.5,27.8,11363.0,4750.0,6.75896808344124,41.80234093109214,16.16887459624059,148.70733185215107,5.544310481386957,18.301489773588074
I3201,석유화학,2011,88069.0,32583.0,39223.0,9888.0,49931.0,748.0,38138.0,25526.0,12611.0,6170.0,4006.0,2.0,5136.0,56.7,76.4,51.1,25.3,30.7,15314.0,6172.0,7.008141343719129,40.30299072743894,17.388638453939524,153.65901433832173,4.884419485438161,25.31696002959716
I3201,석유화학,2012,93879.0,36738.0,38722.0,10801.0,53771.0,731.0,40108.0,24898.0,15210.0,5975.0,5412.0,0.0,6382.0,57.3,74.6,46.3,28.3,33.0,17769.0,5975.0,6.364575677201505,33.62597782655186,18.92755568337967,155.52253193027553,4.113906241206595,6.59710000113547
I3201,석유화학,2013,98057.0,38784.0,39871.0,10948.0,56422.0,706.0,41635.0,25124.0,16510.0,6618.0,6088.0,0.0,6899.0,57.5,73.8,44.5,29.3,34.7,19605.0,6618.0,6.7491357067827895,33.75669472073451,19.993473183964426,158.69686355675847,3.601122162713594,4.450409569765346
I3201,석유화학,2014,100766.0,40173.0,39566.0,11122.0,57872.0,809.0,42894.0,25790.0,17104.0,7488.0,5499.0,0.0,7808.0,57.4,74.1,44.6,29.6,35.9,20795.0,7488.0,7.43107794295695,36.00865592690551,20.63692118373261,153.4160527336177,3.890358259196922,2.76267885005661
I3201,석유화학,2015,103535.0,40453.0,40298.0,9376.0,62456.0,737.0,41079.0,24831.0,16249.0,6438.0,5390.0,0.0,7706.0,60.3,65.8,39.8,26.0,31.3,19534.0,6438.0,6.21818708649249,32.95791952493089,18.867049789926114,162.28907414119448,3.7729087744445584,2.7479506976559653
I3201,석유화학,2016,110899.0,39919.0,41248.0,9317.0,68145.0,708.0,42754.0,27188.0,15566.0,5742.0,5616.0,0.0,6969.0,61.4,62.7,39.9,22.8,26.9,18327.0,5742.0,5.177684199136151,31.330823375347848,16.525847843533306,151.71399146682361,3.863152725486987,7.11257062828996
I3201,석유화학,2017,122682.0,42199.0,47160.0,10771.0,77057.0,642.0,45625.0,30081.0,15543.0,4537.0,6065.0,1.0,6494.0,62.8,59.2,39.0,20.2,22.2,17097.0,4538.0,3.698994147470697,26.542668304380886,13.936029735413507,156.77670290216417,3.7550447446920514,10.624983092724015
I3201,석유화학,2018,128508.0,45554.0,47140.0,12753.0,82243.0,742.0,46265.0,30027.0,16238.0,5018.0,5329.0,0.0,8349.0,64.0,56.3,36.5,19.7,22.7,18696.0,5018.0,3.904815264419336,26.839965768078734,14.548510598561956,156.99204049688612,3.9687633718442443,4.748862913874885
I3201,석유화학,2019,134344.0,48558.0,45071.0,12816.0,83996.0,767.0,50348.0,28654.0,21694.0,4750.0,5027.0,0.0,13617.0,62.5,59.9,34.1,25.8,27.9,23394.0,4750.0,3.5356993985589233,20.304351543130718,17.413505627344726,157.293920569554,3.278618449175002,4.541351511189973
I3201,석유화학,2020,138804.0,51309.0,45027.0,10312.0,83557.0,782.0,55247.0,33763.0,21484.0,5455.0,5851.0,0.0,11970.0,60.2,66.1,40.4,25.7,27.9,23276.0,5455.0,3.930002017232933,23.436157415363464,16.768969193971355,133.36196428042533,3.3596837944664033,3.319835645804803
I3201,석유화학,2021,162144.0,55224.0,56942.0,17369.0,99755.0,691.0,62389.0,37304.0,25085.0,7536.0,7427.0,0.0,13603.0,61.5,62.5,37.4,25.1,28.6,28566.0,7536.0,4.647720544701007,26.381012392354545,17.617673179396093,152.6431481878619,2.418959602324442,16.815077375291775
I3201,석유화학,2022,175218.0,58794.0,58585.0,18369.0,105778.0,1075.0,69440.0,40571.0,28869.0,10456.0,10148.0,0.0,14724.0,60.4,65.6,38.4,27.3,33.4,35328.0,10456.0,5.967423438231232,29.59692028985507,20.162312091223505,144.40117325183013,3.0429121376811596,8.063203078744818
I3201,석유화학,2023,183059.0,62631.0,55333.0,16415.0,108862.0,1863.0,74197.0,44899.0,29298.0,11301.0,12285.0,0.0,13687.0,59.5,68.2,41.2,26.9,34.2,37273.0,11301.0,6.173419498631589,30.319534247310386,20.361195024554927,123.23882491814962,4.998256110321144,4.474996861053082
I3201,석유화학,2024,191308.0,65724.0,56111.0,16921.0,112405.0,2151.0,78903.0,52375.0,26529.0,12073.0,11787.0,20.0,11108.0,58.8,70.2,46.6,23.6,31.1,34988.0,12093.0,6.321220231250131,34.5632788384589,18.288832667739978,107.13317422434368,6.147822110437865,4.5061974554651885
I3201,석유화학,2025,194039.0,65209.0,57964.0,16469.0,118057.0,2140.0,75982.0,49961.0,26021.0,12362.0,12746.0,51.0,9693.0,60.8,64.4,42.3,22.0,29.5,34852.0,12413.0,6.397167579713356,35.61632044072076,17.96133766923144,116.01849442565202,6.140250200849306,1.4275409287640928
I3202,정밀화학,1994,5697.0,2390.0,2418.0,770.0,1933.0,198.0,3764.0,2389.0,1376.0,1026.0,378.0,0.0,614.0,33.9,194.8,123.6,71.2,104.4,2018.0,1026.0,18.009478672985782,50.842418235877105,35.42215200982973,101.2138970280452,9.81169474727453,
I3202,정밀화학,1995,6875.0,2870.0,2887.0,948.0,2249.0,264.0,4626.0,2985.0,1641.0,1361.0,513.0,0.0,666.0,32.7,205.7,132.7,73.0,113.0,2540.0,1361.0,19.796363636363637,53.58267716535433,36.945454545454545,96.71691792294807,10.393700787401574,20.677549587502185
I3202,정밀화학,1996,8257.0,3370.0,3455.0,1131.0,2632.0,310.0,5625.0,3426.0,2199.0,1542.0,705.0,0.0,950.0,31.9,213.7,130.2,83.6,121.5,3197.0,1542.0,18.67506358241492,48.23271817328746,38.71866295264624,100.84646818447169,9.696590553644041,20.101818181818174
I3202,정밀화학,1997,9881.0,3741.0,4385.0,1239.0,2808.0,501.0,7073.0,4454.0,2619.0,2079.0,1003.0,0.0,1037.0,28.4,251.9,158.6,93.3,146.7,4119.0,2079.0,21.04038052828661,50.47341587764021,41.6860641635462,98.45083071396498,12.163146394756009,19.66816034879497
I3202,정밀화학,1998,11775.0,4982.0,4323.0,1280.0,4062.0,768.0,7713.0,5094.0,2618.0,2405.0,976.0,0.0,1105.0,34.5,189.9,125.4,64.4,110.4,4486.0,2405.0,20.42462845010616,53.61123495318769,38.09766454352442,84.86454652532392,17.119928666963887,19.168100394696896
I3202,정밀화학,1999,13266.0,5522.0,4374.0,1529.0,5329.0,639.0,7938.0,4617.0,3321.0,1552.0,1244.0,0.0,1489.0,40.2,149.0,86.6,62.3,80.4,4285.0,1552.0,11.699080355796774,36.21936989498249,32.300618121513644,94.73684210526315,14.912485414235707,12.662420382165607
I3202,정밀화학,2000,14951.0,6506.0,5158.0,1831.0,6140.0,564.0,8811.0,5914.0,2897.0,2090.0,865.0,0.0,1390.0,41.1,143.5,96.3,47.2,70.8,4345.0,2090.0,13.978998060330413,48.10126582278481,29.06160123068691,87.21677375718635,12.980437284234753,12.701643298658215
I3202,정밀화학,2001,16126.0,7244.0,5643.0,2040.0,6422.0,567.0,9704.0,6367.0,3338.0,1692.0,963.0,0.0,1692.0,39.8,151.1,99.1,52.0,67.7,4347.0,1692.0,10.492372566042416,38.923395445134574,26.9564678159494,88.62886759855505,13.043478260869565,7.859006086549392
I3202,정밀화학,2002,15665.0,6768.0,5511.0,1802.0,6743.0,474.0,8922.0,5884.0,3038.0,1954.0,818.0,0.0,1459.0,43.0,132.3,87.3,45.1,62.7,4231.0,1954.0,12.473667411426748,46.18293547624675,27.009256303862113,93.66077498300476,11.203025289529663,-2.8587374426392143
I3202,정밀화학,2003,17170.0,6985.0,6066.0,1916.0,8136.0,391.0,9034.0,6152.0,2882.0,2325.0,662.0,0.0,1394.0,47.4,111.0,75.6,35.4,53.8,4381.0,2325.0,13.541059988351774,53.070075325268206,25.51543389633081,98.60208062418727,8.92490299018489,9.6074050430897
I3202,정밀화학,2004,19111.0,7113.0,7001.0,2307.0,9363.0,366.0,9747.0,6530.0,3217.0,2439.0,749.0,0.0,1763.0,49.0,104.1,69.7,34.4,52.9,4951.0,2439.0,12.762283501648266,49.262775196929915,25.906545968290512,107.21286370597242,7.392445970511008,11.304601048340125
I3202,정밀화학,2005,21677.0,7980.0,8273.0,2463.0,10775.0,338.0,10902.0,6804.0,4098.0,2399.0,952.0,0.0,1953.0,49.7,101.2,63.1,38.0,49.2,5304.0,2399.0,11.067029570512526,45.23001508295626,24.468330488536235,121.59024103468548,6.372549019607843,13.426822248966563
I3202,정밀화학,2006,25946.0,8554.0,9354.0,2877.0,12927.0,369.0,13019.0,8355.0,4664.0,3267.0,1162.0,0.0,1910.0,49.8,100.7,64.6,36.1,49.0,6339.0,3267.0,12.591536267632774,51.538097491717934,24.431511601017498,111.95691202872531,5.821107430194037,19.693684550445177
I3202,정밀화학,2007,30661.0,8843.0,10470.0,3059.0,15780.0,412.0,14882.0,8415.0,6467.0,2832.0,1647.0,39.0,2638.0,51.5,94.3,53.3,41.0,45.3,7156.0,2871.0,9.363686768207168,40.12017887087759,23.339095267603795,124.42067736185382,5.757406372275014,18.172357974254226
I3202,정밀화학,2008,33827.0,10349.0,11563.0,3896.0,16926.0,563.0,16900.0,10477.0,6423.0,4426.0,2154.0,8.0,2502.0,50.0,99.8,61.9,37.9,53.7,9090.0,4434.0,13.107872409613622,48.77887788778878,26.872025305229553,110.3655626610671,6.193619361936194,10.325821075633534
I3202,정밀화학,2009,36561.0,11896.0,12485.0,3806.0,19290.0,587.0,17271.0,11298.0,5973.0,3698.0,1782.0,221.0,2248.0,52.8,89.5,58.6,31.0,41.2,7949.0,3919.0,10.719072235442137,49.3017989684237,21.741746669948853,110.50628429810585,7.384576676311486,8.082301120406775
I3202,정밀화학,2010,42220.0,13418.0,13918.0,4424.0,23486.0,590.0,18734.0,12050.0,6683.0,3853.0,1669.0,346.0,2471.0,55.6,79.8,51.3,28.5,35.5,8339.0,4199.0,9.94552344860256,50.35375944357837,19.751302700142112,115.50207468879667,7.075188871567334,15.478241842400365
I3202,정밀화학,2011,45336.0,15378.0,16524.0,5189.0,24737.0,550.0,20599.0,13849.0,6750.0,4696.0,1489.0,65.0,2904.0,54.6,83.3,56.0,27.3,37.0,9154.0,4761.0,10.501588141874008,52.01005025125628,20.191459325922004,119.31547404144705,6.00830238147258,7.38038844149691
I3202,정밀화학,2012,47299.0,16872.0,15991.0,5292.0,26869.0,522.0,20430.0,13366.0,7064.0,4835.0,2374.0,47.0,2504.0,56.8,76.0,49.7,26.3,36.3,9760.0,4882.0,10.321571280576757,50.02049180327869,20.634685722742553,119.63938351039951,5.3483606557377055,4.329892359272991
I3202,정밀화학,2013,50310.0,18405.0,17196.0,5188.0,28245.0,466.0,22065.0,13154.0,8911.0,4129.0,3159.0,0.0,3585.0,56.1,78.1,46.6,31.5,38.5,10873.0,4129.0,8.207115881534486,37.97479996321162,21.612005565493938,130.72829557549034,4.2858456727674055,6.365885113850189
I3202,정밀화학,2014,55588.0,19615.0,19708.0,5537.0,31506.0,495.0,24082.0,14955.0,9127.0,4476.0,3014.0,1.0,3546.0,56.7,76.4,47.5,29.0,35.0,11037.0,4477.0,8.053896524429733,40.56355893811725,19.855004677268475,131.782012704781,4.4849143789073125,10.49095607235142
I3202,정밀화학,2015,59587.0,20319.0,20858.0,5643.0,34134.0,503.0,25453.0,16273.0,9180.0,5575.0,3205.0,0.0,3330.0,57.3,74.6,47.7,26.9,35.5,12110.0,5575.0,9.356067598637287,46.036333608587945,20.323224864483862,128.17550543845636,4.153592072667217,7.193998704756432
I3202,정밀화학,2016,65126.0,22205.0,23223.0,5952.0,38594.0,457.0,26532.0,17938.0,8594.0,6066.0,3448.0,0.0,2697.0,59.3,68.7,46.5,22.3,31.6,12211.0,6066.0,9.314252372324418,49.67652116943739,18.749808064367535,129.46259337718809,3.7425272295471297,9.295651736116927
I3202,정밀화학,2017,68817.0,23768.0,24019.0,6168.0,41704.0,454.0,27113.0,18549.0,8564.0,6257.0,3285.0,0.0,2574.0,60.6,65.0,44.5,20.5,29.1,12116.0,6257.0,9.092230117558161,51.64245625619016,17.60611476815322,129.48946034826676,3.7471112578408716,5.6674753554647905
I3202,정밀화학,2018,71222.0,24307.0,25215.0,7179.0,44040.0,513.0,27181.0,17468.0,9713.0,5952.0,3284.0,0.0,3634.0,61.8,61.7,39.7,22.1,29.2,12870.0,5952.0,8.35696835247536,46.24708624708625,18.070259189576255,144.34966796427753,3.986013986013986,3.494776000116251
I3202,정밀화학,2019,76991.0,25405.0,28144.0,7498.0,46182.0,678.0,30809.0,21078.0,9730.0,6534.0,3117.0,3.0,3286.0,60.0,66.7,45.6,21.1,28.0,12940.0,6537.0,8.490602797729604,50.5177743431221,16.80715927835721,133.52310465888604,5.239567233384853,8.100025273089773
I3202,정밀화학,2020,79869.0,25831.0,27925.0,7303.0,50013.0,470.0,29857.0,20245.0,9611.0,6705.0,3518.0,0.0,2724.0,62.6,59.7,40.5,19.2,25.9,12947.0,6705.0,8.394996807271909,51.78805900980922,16.2102943570096,137.93529266485552,3.630184598748745,3.7380992583548656
I3202,정밀화학,2021,85989.0,26156.0,31709.0,8629.0,53540.0,462.0,32449.0,22190.0,10259.0,6803.0,4282.0,0.0,2866.0,62.3,60.6,41.4,19.2,26.1,13951.0,6803.0,7.911477049390038,48.76352949609347,16.224168207561434,142.89770166741775,3.311590566984446,7.662547421402555
I3202,정밀화학,2022,91457.0,26176.0,34600.0,9462.0,55483.0,600.0,35974.0,24486.0,11488.0,7545.0,5029.0,20.0,2735.0,60.7,64.8,44.1,20.7,27.6,15329.0,7565.0,8.271646784827842,49.350903516211105,16.76088216320238,141.30523564485827,3.914149650988323,6.358952889323044
I3202,정밀화학,2023,96232.0,28077.0,35148.0,9494.0,59027.0,973.0,37205.0,25720.0,11485.0,8611.0,4969.0,0.0,2432.0,61.3,63.0,43.6,19.5,27.1,16012.0,8611.0,8.948166929919362,53.7784161878591,16.63895585667969,136.65629860031103,6.07669248063952,5.221032835102846
I3202,정밀화학,2024,103248.0,30060.0,37656.0,10526.0,63000.0,1069.0,40248.0,27552.0,12696.0,9895.0,5692.0,2.0,2931.0,61.0,63.9,43.7,20.2,29.4,18520.0,9897.0,9.585657833565783,53.439524838012964,17.93739346040601,136.6724738675958,5.772138228941684,7.2907141075733595
I3202,정밀화학,2025,115263.0,33012.0,40697.0,11049.0,70916.0,967.0,44347.0,30262.0,14085.0,10610.0,6053.0,0.0,2895.0,61.5,62.5,42.7,19.9,27.6,19558.0,10610.0,9.20503544068782,54.24890070559362,16.96815109792388,134.4821888837486,4.944268330095102,11.637029288702937
I3203,기타 전자부품,1994,2257.0,795.0,957.0,335.0,767.0,84.0,1489.0,891.0,598.0,361.0,231.0,0.0,186.0,34.0,194.2,116.2,78.0,101.4,778.0,361.0,15.99468320779796,46.40102827763496,34.47053610988037,107.40740740740742,10.796915167095115,
I3203,기타 전자부품,1995,3034.0,1085.0,1275.0,454.0,1071.0,101.0,1964.0,1112.0,851.0,408.0,377.0,0.0,234.0,35.3,183.4,103.9,79.5,95.1,1019.0,408.0,13.447593935398814,40.03925417075565,33.586025049439684,114.65827338129498,9.911678115799804,34.42622950819671
I3203,기타 전자부품,1996,3969.0,1642.0,1532.0,519.0,1296.0,130.0,2673.0,1418.0,1255.0,548.0,661.0,0.0,338.0,32.6,206.3,109.5,96.9,119.4,1547.0,548.0,13.80700428319476,35.423400129282484,38.97707231040564,108.03949224259522,8.403361344537815,30.81740276862228
I3203,기타 전자부품,1997,5380.0,2080.0,2180.0,567.0,1502.0,176.0,3879.0,2125.0,1750.0,872.0,891.0,0.0,418.0,27.9,258.3,141.5,116.5,145.3,2181.0,872.0,16.20817843866171,39.98165978908757,40.53903345724907,102.58823529411765,8.069692801467216,35.550516502897445
I3203,기타 전자부품,1998,5781.0,2454.0,2182.0,592.0,2133.0,314.0,3647.0,1883.0,1763.0,563.0,640.0,0.0,793.0,36.9,171.0,88.3,82.6,93.6,1996.0,563.0,9.738799515654732,28.2064128256513,34.526898460473966,115.87891662241105,15.731462925851702,7.453531598513008
I3203,기타 전자부품,1999,7192.0,2784.0,3010.0,672.0,3254.0,255.0,3938.0,2378.0,1559.0,458.0,537.0,0.0,724.0,45.2,121.0,73.1,47.9,52.8,1719.0,458.0,6.368186874304784,26.643397324025596,23.901557285873192,126.57695542472666,14.834205933682373,24.407541947759892
I3203,기타 전자부품,2000,8835.0,3411.0,3580.0,897.0,4311.0,235.0,4523.0,3098.0,1426.0,651.0,610.0,0.0,545.0,48.8,104.9,71.8,33.1,41.9,1806.0,651.0,7.368421052631578,36.04651162790697,20.441426146010187,115.5584247901872,13.01218161683278,22.844827586206897
I3203,기타 전자부품,2001,9317.0,3573.0,3601.0,857.0,4867.0,223.0,4450.0,2886.0,1564.0,660.0,598.0,0.0,714.0,52.2,91.4,59.3,32.1,40.5,1972.0,660.0,7.083825265643448,33.46855983772819,21.165611248255875,124.77477477477477,11.308316430020284,5.455574419920772
I3203,기타 전자부품,2002,9765.0,3602.0,4011.0,841.0,5317.0,171.0,4448.0,3114.0,1334.0,809.0,532.0,0.0,500.0,54.4,83.7,58.6,25.1,34.6,1841.0,809.0,8.284690220174092,43.94350896252037,18.85304659498208,128.8053949903661,9.288430200977729,4.808414725770094
I3203,기타 전자부품,2003,10380.0,3829.0,4489.0,945.0,5630.0,143.0,4750.0,3579.0,1171.0,861.0,578.0,0.0,253.0,54.2,84.4,63.6,20.8,30.1,1692.0,861.0,8.294797687861271,50.88652482269504,16.300578034682083,125.4260966750489,8.451536643026005,6.298003072196612
I3203,기타 전자부품,2004,10932.0,4242.0,4556.0,1121.0,6150.0,131.0,4782.0,3133.0,1649.0,968.0,809.0,0.0,469.0,56.3,77.8,50.9,26.8,36.5,2246.0,968.0,8.854738382729602,43.098842386464824,20.545188437614343,145.41972550271305,5.832591273374889,5.317919075144517
I3203,기타 전자부품,2005,12062.0,4461.0,5106.0,1223.0,6824.0,140.0,5238.0,3570.0,1668.0,1025.0,996.0,0.0,261.0,56.6,76.8,52.3,24.4,33.4,2282.0,1025.0,8.497761565246229,44.916739702015775,18.91891891891892,143.0252100840336,6.134969325153374,10.336626417855843
I3203,기타 전자부품,2006,13726.0,4977.0,5797.0,1303.0,7554.0,162.0,6172.0,4443.0,1730.0,1355.0,1121.0,0.0,131.0,55.0,81.7,58.8,22.9,34.5,2607.0,1355.0,9.871776191170042,51.97545070962792,18.99315168293749,130.4749043439118,6.214039125431531,13.795390482507042
I3203,기타 전자부품,2007,15235.0,5072.0,6663.0,1476.0,8380.0,192.0,6855.0,4662.0,2193.0,1525.0,1559.0,4.0,100.0,55.0,81.8,55.6,26.2,38.0,3188.0,1529.0,10.036101083032491,47.96110414052698,20.925500492287497,142.92149292149293,6.022584692597239,10.993734518432174
I3203,기타 전자부품,2008,17356.0,5566.0,7644.0,1689.0,9628.0,239.0,7728.0,5407.0,2321.0,1961.0,1586.0,12.0,95.0,55.5,80.3,56.2,24.1,37.9,3654.0,1973.0,11.367826688176999,53.99562123700055,21.053238073288778,141.37229517292397,6.540777230432402,13.921890383984238
I3203,기타 전자부품,2009,21713.0,6658.0,9867.0,1803.0,11749.0,260.0,9964.0,7443.0,2521.0,2523.0,1135.0,19.0,710.0,54.1,84.8,63.4,21.5,37.3,4387.0,2542.0,11.707272141113618,57.943925233644855,20.20448579192189,132.56751309955663,5.926601322087987,25.10371053238074
I3203,기타 전자부품,2010,27056.0,8952.0,11763.0,2455.0,14509.0,296.0,12547.0,8649.0,3898.0,2925.0,1955.0,12.0,1277.0,53.6,86.5,59.6,26.9,42.5,6169.0,2937.0,10.855263157894738,47.609012805965314,22.800857480780603,136.0041623309053,4.798184470740801,24.60737806843827
I3203,기타 전자부품,2011,30224.0,10155.0,13548.0,2847.0,15432.0,384.0,14791.0,10434.0,4358.0,3956.0,2471.0,0.0,1074.0,51.1,95.8,67.6,28.2,48.6,7501.0,3956.0,13.088935944944415,52.73963471537129,24.818025410269982,129.84473835537665,5.119317424343421,11.709047900650503
I3203,기타 전자부품,2012,33524.0,11174.0,15160.0,3053.0,16847.0,463.0,16678.0,11756.0,4922.0,3779.0,2528.0,20.0,1296.0,50.3,99.0,69.8,29.2,45.3,7623.0,3799.0,11.332179930795848,49.83602256329529,22.73893330151533,128.95542701599183,6.073724255542437,10.918475383800953
I3203,기타 전자부품,2013,35296.0,11783.0,15661.0,3074.0,18797.0,410.0,16499.0,11345.0,5154.0,3817.0,2627.0,1.0,1326.0,53.3,87.8,60.4,27.4,41.3,7771.0,3818.0,10.817089755213056,49.131385922017756,22.016659111514052,138.04319083296605,5.27602625144769,5.285765421787381
I3203,기타 전자부품,2014,36949.0,12121.0,16907.0,2943.0,20627.0,372.0,16322.0,12077.0,4245.0,4132.0,2505.0,8.0,591.0,55.8,79.1,58.5,20.6,35.1,7236.0,4140.0,11.204633413624185,57.2139303482587,19.583750575117055,139.99337583837047,5.140961857379768,4.6832502266545895
I3203,기타 전자부품,2015,37206.0,12450.0,16367.0,2957.0,20890.0,317.0,16316.0,11582.0,4733.0,4245.0,2668.0,1.0,854.0,56.1,78.1,55.4,22.7,37.2,7768.0,4246.0,11.412137827232167,54.660144181256435,20.878352953824653,141.31410809877397,4.080844490216272,0.6955533302660521
I3203,기타 전자부품,2016,38604.0,12523.0,17165.0,3070.0,21586.0,311.0,17018.0,12486.0,4532.0,3939.0,2368.0,0.0,862.0,55.9,78.8,57.8,21.0,33.2,7169.0,3939.0,10.203605843953994,54.944901659924675,18.570614444099057,137.47397084734902,4.338122471753382,3.757458474439601
I3203,기타 전자부품,2017,41860.0,13975.0,18720.0,3615.0,22776.0,317.0,19084.0,14090.0,4995.0,4087.0,2544.0,43.0,1094.0,54.4,83.8,61.9,21.9,34.1,7768.0,4130.0,9.866220735785953,53.16683831101957,18.55709507883421,132.86018452803407,4.080844490216272,8.434359133768531
I3203,기타 전자부품,2018,43550.0,14603.0,19544.0,3910.0,24434.0,359.0,19116.0,13752.0,5364.0,4036.0,2743.0,5.0,1063.0,56.1,78.2,56.3,22.0,32.1,7847.0,4041.0,9.278989667049368,51.49738753663821,18.018369690011482,142.1175101803374,4.574996814069071,4.037267080745344
I3203,기타 전자부품,2019,45998.0,14514.0,20991.0,4012.0,26418.0,355.0,19580.0,14932.0,4648.0,4204.0,2360.0,53.0,719.0,57.4,74.1,56.5,17.6,27.8,7336.0,4257.0,9.25475020653072,58.028898582333696,15.948519500847864,140.5772836860434,4.839149400218103,5.621125143513206
I3203,기타 전자부품,2020,49541.0,14951.0,23696.0,4663.0,28989.0,298.0,20551.0,15585.0,4979.0,4525.0,2529.0,39.0,884.0,58.5,70.9,53.8,17.2,27.5,7977.0,4564.0,9.212571405502514,57.214491663532655,16.101814658565633,152.0436316971447,3.735740253228031,7.702508804730646
I3203,기타 전자부품,2021,59436.0,17038.0,29962.0,6305.0,35708.0,284.0,23728.0,18264.0,5464.0,4111.0,2597.0,23.0,1177.0,60.1,66.4,51.1,15.3,22.1,7908.0,4134.0,6.955380577427822,52.27617602427921,13.305067635776297,164.04949627682873,3.5912999494183104,19.97335540259584
I3203,기타 전자부품,2022,66047.0,19232.0,31992.0,7479.0,39628.0,401.0,26419.0,20150.0,6269.0,5072.0,3389.0,191.0,848.0,60.0,66.7,50.8,15.8,24.0,9500.0,5263.0,7.968567838054719,55.400000000000006,14.383696458582524,158.76923076923077,4.221052631578948,11.122888485093219
I3203,기타 전자부품,2023,70453.0,20864.0,31674.0,6911.0,42031.0,608.0,28422.0,21513.0,6909.0,5518.0,3779.0,18.0,960.0,59.7,67.6,51.2,16.4,24.4,10275.0,5536.0,7.857720750003548,53.87834549878345,14.584190879025732,147.23190628922046,5.917274939172749,6.671007010159435
I3203,기타 전자부품,2024,76302.0,21829.0,35141.0,7072.0,45823.0,692.0,30479.0,22613.0,7866.0,6178.0,4087.0,10.0,1290.0,60.1,66.5,49.3,17.2,25.2,11565.0,6188.0,8.10987916437315,53.50626891482923,15.156876621844775,155.40176004952903,5.98357111975789,8.301988559749063
I3203,기타 전자부품,2025,86877.0,21785.0,39281.0,8257.0,51571.0,700.0,35305.0,25671.0,9634.0,7452.0,4686.0,0.0,1736.0,59.4,68.5,49.8,18.7,26.9,13874.0,7452.0,8.577644255671812,53.71197924174715,15.969704294577392,153.0170230999961,5.045408678102927,13.859400802075971
I3204,전기기기,1994,2491.0,658.0,1492.0,289.0,813.0,76.0,1678.0,1210.0,467.0,402.0,150.0,0.0,152.0,32.7,206.2,148.8,57.4,86.5,704.0,402.0,16.13809714973906,57.10227272727273,28.261742272179845,123.30578512396696,10.795454545454545,
I3204,전기기기,1995,4254.0,1339.0,2296.0,541.0,1034.0,121.0,3221.0,2301.0,919.0,1011.0,386.0,0.0,281.0,24.3,311.5,222.6,88.9,162.4,1678.0,1011.0,23.76586741889986,60.25029797377831,39.445228020686415,99.78270317253369,7.210965435041716,70.77478924126856
I3204,전기기기,1996,4714.0,1451.0,2471.0,552.0,1161.0,204.0,3554.0,2322.0,1231.0,1000.0,399.0,0.0,531.0,24.6,306.2,200.1,106.1,166.2,1930.0,1000.0,21.21340687314383,51.813471502590666,40.94187526516759,106.41688199827735,10.569948186528498,10.813352139163147
I3204,전기기기,1997,6030.0,1886.0,3013.0,554.0,1699.0,324.0,4330.0,2797.0,1511.0,1168.0,459.0,0.0,731.0,28.2,254.8,164.6,88.9,138.8,2358.0,1168.0,19.369817578772803,49.53350296861747,39.1044776119403,107.72255988559169,13.740458015267176,27.91684344505727
I3204,전기기기,1998,5888.0,2242.0,2696.0,490.0,2018.0,436.0,3870.0,2646.0,1223.0,1009.0,355.0,0.0,561.0,34.3,191.8,131.1,60.6,95.4,1925.0,1009.0,17.136548913043477,52.41558441558441,32.69361413043478,101.88964474678761,22.649350649350648,-2.3548922056384702
I3204,전기기기,1999,6637.0,2042.0,3006.0,459.0,2196.0,501.0,4441.0,2825.0,1616.0,975.0,322.0,0.0,1028.0,33.1,202.2,128.6,73.6,105.9,2325.0,975.0,14.690372156094622,41.935483870967744,35.030887449148715,106.4070796460177,21.548387096774192,12.72078804347827
I3204,전기기기,2000,5964.0,2142.0,2787.0,587.0,2193.0,370.0,3772.0,2482.0,1289.0,986.0,335.0,0.0,768.0,36.8,172.0,113.2,58.8,95.3,2089.0,986.0,16.53252850435949,47.19961704164672,35.02682763246144,112.28847703464947,17.711823839157493,-10.140123549796598
I3204,전기기기,2001,6342.0,2300.0,3145.0,629.0,2666.0,221.0,3676.0,2516.0,1159.0,816.0,394.0,0.0,609.0,42.0,137.9,94.4,43.5,68.2,1819.0,816.0,12.866603595080417,44.85981308411215,28.68180384736676,125.0,12.149532710280374,6.338028169014076
I3204,전기기기,2002,6489.0,2335.0,3167.0,704.0,2937.0,174.0,3553.0,2409.0,1144.0,996.0,390.0,0.0,587.0,45.3,121.0,82.0,38.9,67.2,1973.0,996.0,15.349052242256125,50.48150025342119,30.405301279087688,131.4653383146534,8.819057273188038,2.3178807947019875
I3204,전기기기,2003,7057.0,2502.0,3422.0,809.0,3268.0,165.0,3789.0,2581.0,1208.0,1037.0,429.0,0.0,594.0,46.3,115.9,79.0,37.0,63.0,2060.0,1037.0,14.694629445940203,50.33980582524272,29.19087430919654,132.58426966292134,8.009708737864079,8.753274772692254
I3204,전기기기,2004,7501.0,2507.0,3835.0,943.0,3660.0,160.0,3841.0,2746.0,1095.0,1050.0,364.0,0.0,541.0,48.8,104.9,75.0,29.9,53.4,1955.0,1050.0,13.99813358218904,53.70843989769821,26.06319157445674,139.65768390386015,8.184143222506394,6.291625336545281
I3204,전기기기,2005,8364.0,2492.0,4582.0,1112.0,4359.0,138.0,4005.0,2790.0,1215.0,918.0,400.0,0.0,571.0,52.1,91.9,64.0,27.9,43.3,1889.0,918.0,10.975609756097562,48.597141344626785,22.58488761358202,164.2293906810036,7.305452620434092,11.505132648980144
I3204,전기기기,2006,9435.0,2613.0,5458.0,1168.0,4882.0,143.0,4553.0,3342.0,1212.0,1062.0,580.0,0.0,372.0,51.7,93.3,68.5,24.8,41.3,2014.0,1062.0,11.255961844197138,52.73088381330685,21.346051934287228,163.31538001196887,7.100297914597816,12.804878048780477
I3204,전기기기,2007,11673.0,2792.0,6468.0,1318.0,5581.0,166.0,6092.0,4421.0,1671.0,1942.0,642.0,0.0,782.0,47.8,109.1,79.2,29.9,60.3,3366.0,1942.0,16.636682943544933,57.69459298871064,28.835774865073244,146.30174168740103,4.931669637551991,23.720190779014306
I3204,전기기기,2008,17236.0,4313.0,8809.0,1714.0,6653.0,334.0,10583.0,7703.0,2879.0,3238.0,1149.0,0.0,1329.0,38.6,159.1,115.8,43.3,85.9,5716.0,3238.0,18.78626131352982,56.64800559832051,33.16314690183337,114.35804232117357,5.843247025892232,47.65698620748737
I3204,전기기기,2009,18603.0,5191.0,9356.0,1863.0,7647.0,441.0,10956.0,7961.0,2995.0,2651.0,1182.0,1.0,1397.0,41.1,143.3,104.1,39.2,68.4,5231.0,2652.0,14.255765199161424,50.697763333970556,28.119120571950763,117.52292425574677,8.430510418658,7.931074495242507
I3204,전기기기,2010,19954.0,5747.0,10474.0,2139.0,8557.0,423.0,11397.0,8479.0,2917.0,2734.0,1215.0,5.0,1269.0,42.9,133.2,99.1,34.1,61.0,5223.0,2739.0,13.726571113561189,52.44112578977599,26.175202966823697,123.5287180091992,8.09879379666858,7.262269526420462
I3204,전기기기,2011,21933.0,6153.0,11433.0,2349.0,8835.0,441.0,13098.0,9443.0,3655.0,2987.0,1292.0,0.0,1783.0,40.3,148.2,106.9,41.4,68.6,6062.0,2987.0,13.618748005288833,49.27416694160343,27.638717913646104,121.07381128878534,7.274826789838337,9.917810965219997
I3204,전기기기,2012,22664.0,6367.0,12209.0,2549.0,9594.0,392.0,13070.0,9265.0,3805.0,2655.0,1564.0,0.0,1645.0,42.3,136.2,96.6,39.7,61.1,5864.0,2655.0,11.714613483939287,45.2762619372442,25.87363219202259,131.77549919050188,6.684856753069577,3.332877399352574
I3204,전기기기,2013,21913.0,6615.0,11715.0,2438.0,10006.0,355.0,11907.0,8355.0,3551.0,2469.0,2262.0,0.0,710.0,45.7,119.0,83.5,35.5,54.4,5441.0,2469.0,11.267284260484644,45.37768792501378,24.830009583352346,140.21543985637345,6.524535930895056,-3.313625132368514
I3204,전기기기,2014,23252.0,6813.0,12348.0,2618.0,10731.0,272.0,12522.0,9159.0,3362.0,2861.0,1981.0,0.0,743.0,46.1,116.7,85.4,31.3,52.0,5585.0,2861.0,12.304317908136934,51.22649955237243,24.019439188026837,134.8182115951523,4.8701880035810206,6.1105279970793624
I3204,전기기기,2015,24467.0,7201.0,12971.0,2639.0,11951.0,249.0,12516.0,8741.0,3774.0,2719.0,1868.0,0.0,1160.0,48.8,104.7,73.1,31.6,48.1,5747.0,2719.0,11.112927616789962,47.31164085609883,23.488780806800996,148.3926324219197,4.332695319297025,5.225356958541205
I3204,전기기기,2016,26182.0,7554.0,13913.0,2730.0,13113.0,229.0,13069.0,9313.0,3756.0,2835.0,1907.0,2.0,1163.0,50.1,99.7,71.0,28.6,45.0,5907.0,2837.0,10.835688641051105,48.027763670221766,22.56130165762738,149.39332116396434,3.8767563907228713,7.009441288265816
I3204,전기기기,2017,29572.0,8303.0,16362.0,3440.0,14680.0,244.0,14892.0,10467.0,4425.0,2987.0,2146.0,1.0,1305.0,49.6,101.4,71.3,30.1,43.9,6439.0,2988.0,10.104152576761802,46.40472123000466,21.77397538211822,156.31986242476356,3.789408293213232,12.947826751203117
I3204,전기기기,2018,33502.0,9490.0,18113.0,3947.0,15979.0,312.0,17523.0,12452.0,5072.0,3842.0,2385.0,1.0,1451.0,47.7,109.7,77.9,31.7,48.1,7679.0,3843.0,11.470956957793565,50.04557885141294,22.92101964061847,145.462576292965,4.0630290402396145,13.289598268632496
I3204,전기기기,2019,36576.0,10062.0,19906.0,4328.0,17195.0,347.0,19381.0,13646.0,5750.0,3549.0,2333.0,5.0,1964.0,47.0,112.7,79.4,33.4,45.7,7851.0,3554.0,9.716754155730534,45.268118710992226,21.464895013123357,145.874248864136,4.419819131320851,9.175571607665223
I3204,전기기기,2020,37993.0,10204.0,20670.0,4394.0,18214.0,316.0,19779.0,14455.0,5324.0,3449.0,2146.0,0.0,1618.0,47.9,108.6,79.4,29.2,39.6,7213.0,3449.0,9.077988050430342,47.81644253431305,18.985076198247043,142.9955032860602,4.380978788298904,3.874125109361337
I3204,전기기기,2021,41642.0,11132.0,22823.0,5434.0,20263.0,274.0,21379.0,15555.0,5824.0,3932.0,2611.0,0.0,1592.0,48.7,105.5,76.8,28.7,40.1,8135.0,3932.0,9.442389894817731,48.33435771358328,19.535565054512272,146.72452587592414,3.368162261831592,9.604400810675662
I3204,전기기기,2022,45834.0,11712.0,25850.0,7088.0,22121.0,389.0,23713.0,17774.0,5939.0,5086.0,2632.0,1.0,1567.0,48.3,107.2,80.3,26.8,42.0,9286.0,5087.0,11.09874765457957,54.78139134180486,20.260068944451717,145.43715539552156,4.189101873788499,10.066759521636804
I3204,전기기기,2023,48942.0,12996.0,26961.0,7696.0,23613.0,614.0,25329.0,19050.0,6279.0,5255.0,2721.0,0.0,1665.0,48.2,107.3,80.7,26.6,40.8,9641.0,5255.0,10.737199133668424,54.506793901047615,19.69882718319644,141.5275590551181,6.36863395913287,6.780992276475972
I3204,전기기기,2024,56849.0,15897.0,30656.0,8192.0,27486.0,644.0,29364.0,22121.0,7242.0,5668.0,3279.0,0.0,1419.0,48.3,106.8,80.5,26.3,37.7,10366.0,5668.0,9.970272124399726,54.678757476365035,18.23426973209731,138.5832466886669,6.212618174802238,16.15585795431327
I3204,전기기기,2025,65005.0,17886.0,35199.0,9616.0,30035.0,618.0,34969.0,27509.0,7460.0,6338.0,3074.0,0.0,1635.0,46.2,116.4,91.6,24.8,36.8,11047.0,6338.0,9.750019229290055,57.37304245496515,16.99407737866318,127.95448762223272,5.594278989770979,14.34677830744604
I3205,일반목적기계,1994,4278.0,1050.0,2708.0,631.0,1333.0,116.0,2945.0,2082.0,863.0,545.0,426.0,0.0,86.0,31.2,220.9,156.1,64.8,79.3,1057.0,545.0,12.739597942964002,51.561021759697255,24.707807386629266,130.06724303554276,10.974456007568591,
I3205,일반목적기계,1995,5581.0,1337.0,3539.0,916.0,1657.0,158.0,3924.0,2892.0,1032.0,899.0,479.0,0.0,116.0,29.7,236.7,174.5,62.2,90.1,1494.0,899.0,16.10822433255689,60.17402945113789,26.769396165561727,122.37206085753805,10.575635876840696,30.458158017765303
I3205,일반목적기계,1996,6333.0,1548.0,4037.0,867.0,2137.0,184.0,4197.0,2926.0,1270.0,905.0,605.0,0.0,127.0,33.7,196.4,137.0,59.5,76.6,1637.0,905.0,14.290225801357966,55.28405620036653,25.84872888046739,137.9699248120301,11.2400733048259,13.47428776204982
I3205,일반목적기계,1997,7356.0,1792.0,4378.0,873.0,2339.0,236.0,5017.0,3349.0,1665.0,1186.0,887.0,0.0,70.0,31.8,214.6,143.2,71.2,91.7,2143.0,1186.0,16.12289287656335,55.342977134857676,29.13268080478521,130.7255897282771,11.012599160055997,16.15348176219802
I3205,일반목적기계,1998,7809.0,2751.0,3962.0,870.0,3249.0,327.0,4560.0,2832.0,1726.0,911.0,740.0,0.0,317.0,41.6,140.3,87.2,53.1,60.6,1968.0,911.0,11.66602637981816,46.290650406504064,25.20169035728006,139.90112994350284,16.615853658536587,6.158238172920072
I3205,일반목적기계,1999,9729.0,3154.0,4820.0,877.0,4197.0,256.0,5532.0,3778.0,1753.0,1379.0,641.0,0.0,401.0,43.1,131.8,90.0,41.8,57.7,2421.0,1379.0,14.17411861445164,56.959933911606775,24.88436632747456,127.58073054526204,10.574142916150352,24.58701498271225
I3205,일반목적기계,2000,9969.0,3357.0,4778.0,957.0,4395.0,250.0,5574.0,3704.0,1870.0,789.0,879.0,0.0,330.0,44.1,126.8,84.3,42.6,45.5,1998.0,789.0,7.914535058681913,39.489489489489486,20.042130604875112,128.99568034557237,12.512512512512513,2.466851680542703
I3205,일반목적기계,2001,10041.0,3447.0,4776.0,1089.0,4701.0,209.0,5340.0,4084.0,1256.0,838.0,628.0,0.0,109.0,46.8,113.6,86.9,26.7,33.5,1575.0,838.0,8.345782292600338,53.2063492063492,15.68568867642665,116.9441723800196,13.26984126984127,0.7222389407162133
I3205,일반목적기계,2002,10790.0,3561.0,5414.0,1069.0,5382.0,159.0,5408.0,3899.0,1509.0,965.0,900.0,0.0,75.0,49.9,100.5,72.5,28.0,36.0,1940.0,965.0,8.943466172381836,49.74226804123711,17.979610750695088,138.85611695306488,8.195876288659793,7.459416392789553
I3205,일반목적기계,2003,11861.0,3681.0,5981.0,1194.0,6021.0,127.0,5839.0,4333.0,1506.0,1066.0,893.0,0.0,58.0,50.8,97.0,72.0,25.0,33.5,2017.0,1066.0,8.987437821431582,52.85076846802181,17.005311525166512,138.03369489960767,6.296479920674268,9.925857275254856
I3205,일반목적기계,2004,14055.0,3938.0,7651.0,1401.0,6882.0,144.0,7173.0,5542.0,1631.0,1300.0,722.0,0.0,118.0,49.0,104.2,80.5,23.7,31.1,2140.0,1300.0,9.249377445748843,60.747663551401864,15.225898256848097,138.05485384337783,6.728971962616822,18.497597167186576
I3205,일반목적기계,2005,16374.0,4223.0,7940.0,1490.0,7345.0,206.0,9029.0,6282.0,2747.0,1739.0,1800.0,0.0,131.0,44.9,122.9,85.5,37.4,50.0,3670.0,1739.0,10.620495908147062,47.3841961852861,22.413582508855505,126.39286851321233,5.61307901907357,16.499466382070427
I3205,일반목적기계,2006,19051.0,4837.0,9263.0,1708.0,8253.0,250.0,10798.0,8233.0,2565.0,2173.0,844.0,0.0,788.0,43.3,130.8,99.8,31.1,46.1,3805.0,2173.0,11.40622539499239,57.10906701708278,19.972704844890032,112.51062796064618,6.57030223390276,16.349090020764635
I3205,일반목적기계,2007,22705.0,5587.0,10456.0,2032.0,9983.0,285.0,12723.0,8891.0,3832.0,2182.0,1562.0,4.0,1192.0,44.0,127.5,89.1,38.4,49.5,4940.0,2186.0,9.627835278573002,44.25101214574899,21.75732217573222,117.60206950849172,5.769230769230769,19.180095533042895
I3205,일반목적기계,2008,33322.0,8339.0,15804.0,2891.0,12356.0,395.0,20966.0,15382.0,5584.0,3767.0,1884.0,2.0,905.0,37.1,169.7,124.5,45.2,53.1,6558.0,3769.0,11.310845687533762,57.4717901799329,19.68069143508793,102.74346638928617,6.02317779810918,46.760625412904645
I3205,일반목적기계,2009,32821.0,9065.0,15360.0,2649.0,13515.0,521.0,19306.0,14363.0,4942.0,3769.0,1945.0,232.0,1154.0,41.2,142.8,106.3,36.6,52.5,7100.0,4001.0,12.190365924255813,56.35211267605634,21.632491392705887,106.94144677295829,7.338028169014084,-1.5035111938058954
I3205,일반목적기계,2010,35455.0,9772.0,16832.0,3044.0,15711.0,504.0,19744.0,14711.0,5034.0,3728.0,1829.0,6.0,1319.0,44.3,125.7,93.6,32.0,43.8,6882.0,3734.0,10.531659850514737,54.25748328974136,19.41052037794387,114.41778261165115,7.323452484742806,8.025349623716526
I3205,일반목적기계,2011,40887.0,10806.0,19777.0,3804.0,17128.0,455.0,23758.0,18259.0,5499.0,4965.0,2082.0,0.0,1371.0,41.9,138.7,106.6,32.1,49.1,8418.0,4965.0,12.143224007630787,58.980755523877406,20.588451096925674,108.31370830823155,5.405084343074364,15.320829220138199
I3205,일반목적기계,2012,42303.0,11677.0,20920.0,4022.0,18058.0,581.0,24245.0,16718.0,7527.0,4399.0,3333.0,0.0,1967.0,42.7,134.3,92.6,41.7,53.7,9699.0,4399.0,10.398789683946765,45.3551912568306,22.927451953762144,125.13458547673166,5.990308279204042,3.463203463203457
I3205,일반목적기계,2013,43587.0,13255.0,19911.0,4019.0,19533.0,617.0,24054.0,16268.0,7787.0,4068.0,4516.0,7.0,1278.0,44.8,123.1,83.3,39.9,50.5,9869.0,4075.0,9.34911785624154,41.29091093322525,22.642072177484113,122.39365625768379,6.251899888539872,3.0352457272533773
I3205,일반목적기계,2014,43916.0,13734.0,19623.0,4092.0,20310.0,567.0,23606.0,16354.0,7252.0,4539.0,4318.0,0.0,1134.0,46.2,116.2,80.5,35.7,49.2,9991.0,4539.0,10.335640768740323,45.43088779901912,22.750250478185627,119.98899351840528,5.675107596837154,0.7548122146511682
I3205,일반목적기계,2015,45896.0,14619.0,20775.0,3970.0,21161.0,511.0,24735.0,17309.0,7426.0,5661.0,3796.0,0.0,1557.0,46.1,116.9,81.8,35.1,52.0,11014.0,5661.0,12.334408227296496,51.39822044670419,23.9977340073209,120.02426483332371,4.639549664063919,4.508607341287907
I3205,일반목적기계,2016,47214.0,15171.0,20609.0,3938.0,21181.0,620.0,26033.0,18930.0,7103.0,4732.0,3478.0,1.0,1728.0,44.9,122.9,89.4,33.5,46.9,9939.0,4733.0,10.024568983775998,47.6204849582453,21.05095946117677,108.86951928156365,6.238052117919308,2.871709952937085
I3205,일반목적기계,2017,49081.0,15949.0,21143.0,4159.0,23472.0,507.0,25609.0,18300.0,7309.0,5645.0,2765.0,1.0,2424.0,47.8,109.1,78.0,31.1,46.2,10835.0,5646.0,11.503433100385077,52.10890632210429,22.07575232778468,115.53551912568305,4.679280110752192,3.9543355784301237
I3205,일반목적기계,2018,49880.0,16361.0,22524.0,4648.0,23188.0,568.0,26692.0,18647.0,8045.0,5113.0,3302.0,0.0,2690.0,46.5,115.1,80.4,34.7,47.9,11105.0,5113.0,10.250601443464316,46.042323277802794,22.26343223736969,120.79154823832252,5.114813147230977,1.6279211914997704
I3205,일반목적기계,2019,53606.0,16829.0,23514.0,5221.0,24138.0,603.0,29467.0,21131.0,8336.0,6708.0,3976.0,0.0,2168.0,45.0,122.1,87.5,34.5,53.2,12852.0,6708.0,12.513524605454613,52.194211017740436,23.974928179681378,111.27727036108088,4.69187675070028,7.469927826784284
I3205,일반목적기계,2020,54271.0,16822.0,23691.0,4995.0,24588.0,574.0,29683.0,21658.0,8029.0,8554.0,3826.0,0.0,2161.0,45.3,120.7,88.1,32.7,59.1,14541.0,8554.0,15.761640655230233,58.82676569699471,26.793315030126585,109.38683165573921,3.9474589092909707,1.2405327761817686
I3205,일반목적기계,2021,62277.0,18652.0,27050.0,5980.0,29123.0,543.0,33154.0,24139.0,9015.0,8453.0,4233.0,0.0,2592.0,46.8,113.8,82.9,31.0,52.5,15278.0,8453.0,13.573229282078456,55.32792250294541,24.532331358286367,112.05932308712043,3.554130121743684,14.751893276335437
I3205,일반목적기계,2022,64771.0,18987.0,29089.0,7035.0,30743.0,613.0,34027.0,24382.0,9646.0,7119.0,5099.0,0.0,2105.0,47.5,110.7,79.3,31.4,46.6,14323.0,7119.0,10.991029936236895,49.7032744536759,22.113291442157756,119.30522516610615,4.279829644627522,4.004688729386441
I3205,일반목적기계,2023,71876.0,20222.0,32166.0,7372.0,35157.0,867.0,36719.0,27385.0,9334.0,7766.0,4496.0,0.0,2265.0,48.9,104.4,77.9,26.5,41.3,14527.0,7766.0,10.804719238688854,53.459076202932465,20.211197061606097,117.45846266204127,5.968197150134233,10.969415324759545
I3205,일반목적기계,2024,76440.0,21613.0,34434.0,7755.0,38025.0,961.0,38415.0,28523.0,9892.0,9461.0,4501.0,0.0,2396.0,49.7,101.0,75.0,26.0,43.0,16358.0,9461.0,12.377027734170591,57.83714390512288,21.39979068550497,120.72362654699715,5.874801320454823,6.3498246980911555
I3205,일반목적기계,2025,81431.0,22938.0,36143.0,7897.0,42060.0,887.0,39371.0,28887.0,10484.0,8717.0,5482.0,2.0,1402.0,51.7,93.6,68.7,24.9,37.1,15603.0,8719.0,10.707224521373924,55.88027943344228,19.16100747872432,125.11856544466369,5.684804204319683,6.529304029304028
I3206,특수목적기계,1994,1677.0,464.0,1039.0,374.0,402.0,72.0,1274.0,868.0,406.0,284.0,232.0,0.0,79.0,24.0,316.9,215.9,101.1,148.1,595.0,284.0,16.93500298151461,47.73109243697479,35.48002385211688,119.70046082949308,12.100840336134453,
I3206,특수목적기계,1995,2133.0,571.0,1305.0,458.0,498.0,93.0,1636.0,1102.0,533.0,369.0,330.0,0.0,87.0,23.3,328.7,221.5,107.2,157.8,786.0,369.0,17.29957805907173,46.94656488549619,36.849507735583686,118.42105263157893,11.83206106870229,27.191413237924866
I3206,특수목적기계,1996,2553.0,667.0,1552.0,550.0,595.0,108.0,1958.0,1302.0,657.0,416.0,357.0,0.0,142.0,23.3,329.4,218.9,110.4,153.8,915.0,416.0,16.294555424990207,45.46448087431694,35.84018801410106,119.20122887864824,11.80327868852459,19.690576652601965
I3206,특수목적기계,1997,3015.0,787.0,1790.0,557.0,605.0,156.0,2410.0,1646.0,763.0,623.0,421.0,0.0,166.0,20.1,398.4,272.1,126.1,200.0,1210.0,623.0,20.663349917081263,51.48760330578512,40.13266998341625,108.74848116646416,12.892561983471074,18.096357226792016
I3206,특수목적기계,1998,3574.0,1245.0,1881.0,542.0,958.0,212.0,2616.0,1702.0,913.0,739.0,670.0,0.0,71.0,26.8,273.0,177.6,95.3,154.4,1480.0,739.0,20.677112479015108,49.932432432432435,41.41018466703973,110.51703877790835,14.324324324324325,18.540630182421225
I3206,특수목적기계,1999,4236.0,1402.0,2418.0,624.0,1619.0,153.0,2617.0,1551.0,1065.0,366.0,654.0,0.0,81.0,38.2,161.6,95.8,65.8,68.0,1101.0,366.0,8.640226628895183,33.2425068119891,25.991501416430594,155.89941972920695,13.896457765667575,18.522663682148853
I3206,특수목적기계,2000,7406.0,2618.0,3982.0,1016.0,2698.0,174.0,4708.0,2648.0,2060.0,557.0,1308.0,0.0,309.0,36.4,174.5,98.1,76.4,80.6,2174.0,557.0,7.5209289765055365,25.62097516099356,29.35457736970024,150.37764350453173,8.003679852805888,74.83474976392823
I3206,특수목적기계,2001,7490.0,2716.0,4028.0,917.0,3094.0,231.0,4396.0,2549.0,1847.0,618.0,1442.0,0.0,141.0,41.3,142.1,82.4,59.7,71.2,2201.0,618.0,8.251001335113486,28.078146297137664,29.385847797062752,158.02275402118477,10.495229441163108,1.1342155009451904
I3206,특수목적기계,2002,7967.0,2832.0,4422.0,1042.0,3281.0,190.0,4686.0,2931.0,1755.0,773.0,1213.0,0.0,257.0,41.2,142.8,89.3,53.5,68.4,2243.0,773.0,9.70252290699134,34.46277307177887,28.153633739174094,150.87001023541453,8.470798038341506,6.3684913217623595
I3206,특수목적기계,2003,9066.0,2984.0,5210.0,1286.0,3860.0,167.0,5207.0,3581.0,1625.0,856.0,1188.0,0.0,154.0,42.6,134.9,92.8,42.1,56.9,2198.0,856.0,9.441870725788661,38.944494995450405,24.244429737480697,145.49008656799776,7.597816196542312,13.794401907869958
I3206,특수목적기계,2004,10806.0,3354.0,6397.0,1820.0,4786.0,155.0,6020.0,4503.0,1517.0,1054.0,1138.0,0.0,77.0,44.3,125.8,94.1,31.7,47.4,2269.0,1054.0,9.753840459004257,46.45218157778757,20.99759392929854,142.06084832334,6.831203173204055,19.192587690271345
I3206,특수목적기계,2005,12183.0,3852.0,6969.0,1841.0,5728.0,155.0,6455.0,4881.0,1574.0,1139.0,1123.0,0.0,76.0,47.0,112.7,85.2,27.5,40.8,2338.0,1139.0,9.349092998440451,48.716852010265185,19.19067553147829,142.7781192378611,6.629597946963216,12.742920599666864
I3206,특수목적기계,2006,14117.0,4439.0,7991.0,2128.0,6635.0,166.0,7482.0,5598.0,1883.0,1371.0,1176.0,0.0,276.0,47.0,112.8,84.4,28.4,42.5,2823.0,1371.0,9.711695119359637,48.565356004250795,19.997166536799604,142.74740978921042,5.880269217144881,15.874579331855854
I3206,특수목적기계,2007,16645.0,5175.0,8769.0,2320.0,7520.0,214.0,9125.0,6234.0,2891.0,1539.0,2058.0,20.0,317.0,45.2,121.4,82.9,38.4,52.3,3934.0,1559.0,9.366176028837488,39.62887646161668,23.634725142685493,140.6641000962464,5.439755973563803,17.907487426507053
I3206,특수목적기계,2008,22368.0,7016.0,11439.0,3190.0,9321.0,328.0,13047.0,9208.0,3839.0,2505.0,2595.0,8.0,258.0,41.7,140.0,98.8,41.2,57.6,5366.0,2513.0,11.234799713876967,46.83190458442043,23.989628040057227,124.22893136403128,6.112560566530004,34.382697506758795
I3206,특수목적기계,2009,23137.0,7296.0,11297.0,2741.0,9790.0,440.0,13347.0,9268.0,4079.0,3236.0,2342.0,50.0,853.0,42.3,136.3,94.7,41.7,66.2,6481.0,3286.0,14.202359856506893,50.70205215244561,28.011410295198168,121.89253344842467,6.789075759913593,3.4379470672389223
I3206,특수목적기계,2010,27845.0,8336.0,14716.0,3802.0,12024.0,465.0,15822.0,11430.0,4391.0,2890.0,2415.0,12.0,1011.0,43.2,131.6,95.1,36.5,52.6,6328.0,2902.0,10.42197881127671,45.85967130214918,22.72580355539594,128.74890638670166,7.348293299620733,20.34835977006526
I3206,특수목적기계,2011,32655.0,9584.0,16554.0,4176.0,14439.0,407.0,18216.0,12469.0,5745.0,3477.0,2670.0,2.0,2047.0,44.2,126.2,86.4,39.8,56.8,8196.0,3479.0,10.653804930332262,42.44753538311372,25.098759761139185,132.76124789477905,4.965836993655442,17.274196444604062
I3206,특수목적기계,2012,34402.0,10700.0,16009.0,3937.0,15984.0,521.0,18417.0,12355.0,6062.0,4340.0,2895.0,7.0,2061.0,46.5,115.2,77.3,37.9,58.2,9303.0,4347.0,12.635893262019652,46.72686230248307,27.042032439974424,129.57507082152975,5.600343975061808,5.349869851477562
I3206,특수목적기계,2013,38120.0,12333.0,17659.0,4336.0,18151.0,573.0,19969.0,13127.0,6842.0,4457.0,3512.0,2.0,2181.0,47.6,110.0,72.3,37.7,55.9,10152.0,4459.0,11.697271773347325,43.922379826635144,26.63168940188877,134.52426296945228,5.6442080378250585,10.807511191209818
I3206,특수목적기계,2014,43649.0,13500.0,18943.0,4554.0,21765.0,561.0,21885.0,14322.0,7563.0,5249.0,4027.0,1.0,2346.0,49.9,100.6,65.8,34.7,53.4,11623.0,5250.0,12.027766959151412,45.169061343887115,26.62833054594607,132.2650467811758,4.826636840746795,14.504197271773345
I3206,특수목적기계,2015,44203.0,14570.0,18614.0,4653.0,22419.0,531.0,21785.0,15083.0,6701.0,5610.0,3832.0,0.0,1528.0,50.7,97.2,67.3,29.9,48.9,10970.0,5610.0,12.691446281926567,51.13947128532361,24.81732009139651,123.41046210965989,4.840474020054695,1.269215789594269
I3206,특수목적기계,2016,51010.0,15345.0,23029.0,5171.0,26145.0,496.0,24865.0,17739.0,7126.0,5380.0,4185.0,1.0,1522.0,51.3,95.1,67.8,27.3,42.4,11088.0,5381.0,10.54891197804352,48.529942279942276,21.736914330523426,129.8212977056204,4.473304473304474,15.399407280048871
I3206,특수목적기계,2017,59584.0,17209.0,29184.0,6975.0,30303.0,562.0,29281.0,21495.0,7786.0,6671.0,4127.0,28.0,2044.0,50.9,96.6,70.9,25.7,42.5,12870.0,6699.0,11.242951127819548,52.05128205128206,21.599758324382385,135.77110956036287,4.366744366744367,16.808468927661234
I3206,특수목적기계,2018,61996.0,18245.0,29906.0,8179.0,32266.0,657.0,29729.0,21143.0,8586.0,6749.0,4890.0,2.0,1933.0,52.0,92.1,65.5,26.6,42.1,13574.0,6751.0,10.889412220143235,49.734787092971864,21.89496096522356,141.44634157877312,4.840135553263592,4.048066595059074
I3206,특수목적기계,2019,66038.0,19507.0,31474.0,8583.0,34786.0,679.0,31253.0,23046.0,8207.0,6756.0,4725.0,13.0,1578.0,52.7,89.8,66.3,23.6,37.6,13072.0,6769.0,10.250158999364002,51.782435740514074,19.794663678488142,136.57033758569816,5.194308445532435,6.519775469385114
I3206,특수목적기계,2020,69789.0,20082.0,33255.0,8764.0,37424.0,618.0,32365.0,22846.0,9519.0,7114.0,5173.0,5.0,2320.0,53.6,86.5,61.0,25.4,39.0,14612.0,7119.0,10.200747968877618,48.72022994798795,20.93739701099027,145.56158627330825,4.229400492745689,5.680062994033741
I3206,특수목적기계,2021,79047.0,21402.0,39027.0,10874.0,42716.0,581.0,36331.0,26044.0,10329.0,6596.0,6208.0,3.0,1982.0,54.0,85.1,61.0,24.2,34.6,14789.0,6599.0,8.348197907573974,44.621002096152544,18.709122420838238,149.8502534172938,3.9285955777943067,13.265700898422384
I3206,특수목적기계,2022,86014.0,22811.0,44011.0,13970.0,46931.0,711.0,39083.0,28913.0,10170.0,7366.0,6636.0,0.0,1150.0,54.6,83.3,61.6,21.7,32.3,15152.0,7366.0,8.563722184760621,48.614044350580784,17.6157369730509,152.21872514094005,4.692449841605069,8.813743722089384
I3206,특수목적기계,2023,93959.0,25019.0,48099.0,15161.0,52307.0,964.0,41652.0,31860.0,9792.0,8583.0,6491.0,1.0,671.0,55.7,79.6,60.9,18.7,30.1,15746.0,8584.0,9.135899700933386,54.51543249079131,16.758373333049523,150.969868173258,6.122189762479359,9.236868416769362
I3206,특수목적기계,2024,99061.0,27830.0,49381.0,14833.0,56293.0,1000.0,42769.0,32464.0,10304.0,9426.0,6580.0,0.0,1083.0,56.8,76.0,57.7,18.3,30.4,17089.0,9426.0,9.515349128314876,55.15828895780912,17.250986765730207,152.11002957121735,5.8517174790801105,5.430027990932218
I3206,특수목적기계,2025,101068.0,28803.0,49700.0,13330.0,58763.0,904.0,42305.0,31731.0,10574.0,9897.0,6795.0,60.0,908.0,58.1,72.0,54.0,18.0,30.1,17660.0,9957.0,9.851782958008469,56.38165345413364,17.473384256144378,156.62916390911096,5.118912797281993,2.0260243688232427
I3207,자동차,1994,23440.0,9395.0,10768.0,2376.0,4857.0,865.0,18583.0,11559.0,7024.0,3270.0,2723.0,0.0,2601.0,20.7,382.6,238.0,144.6,176.9,8594.0,3270.0,13.95051194539249,38.04980218757272,36.66382252559727,93.15684747815554,10.06516174074936,
I3207,자동차,1995,27688.0,11202.0,12103.0,2840.0,5701.0,1066.0,21986.0,14554.0,7433.0,4414.0,2820.0,0.0,2713.0,20.6,385.6,255.3,130.4,174.5,9947.0,4414.0,15.941924299335453,44.37518849904494,35.925310603871715,83.15926892950391,10.71679903488489,18.122866894197955
I3207,자동차,1996,31243.0,13330.0,12843.0,3049.0,5771.0,1314.0,25472.0,16066.0,9406.0,5365.0,3612.0,0.0,3526.0,18.5,441.4,278.4,163.0,216.6,12503.0,5365.0,17.17184649361457,42.90970167159882,40.018564158371476,79.93900161832441,10.509477725345917,12.839497255128585
I3207,자동차,1997,38038.0,15068.0,16523.0,3382.0,5350.0,2033.0,32688.0,17884.0,14797.0,6041.0,7784.0,0.0,4793.0,14.1,610.9,334.2,276.6,348.0,18618.0,6041.0,15.881486934118513,32.44709420990439,48.94579105105421,92.38984567210915,10.919540229885058,21.74887174727138
I3207,자동차,1998,35122.0,17910.0,12006.0,2698.0,4688.0,2982.0,30434.0,17925.0,12499.0,3804.0,6442.0,0.0,3886.0,13.3,649.2,382.3,266.6,301.5,14132.0,3804.0,10.830818290530152,26.91763373903198,40.236888559877,66.97907949790795,21.101047268610245,-7.666018192333979
I3207,자동차,1999,42566.0,21526.0,13226.0,3112.0,14089.0,2009.0,28477.0,16850.0,11622.0,3371.0,6030.0,0.0,2940.0,33.1,202.1,119.6,82.5,87.6,12341.0,3371.0,7.919466240661562,27.31545255651892,28.992623220410657,78.49258160237389,16.27906976744186,21.194692785148916
I3207,자동차,2000,46566.0,22552.0,15123.0,3728.0,15290.0,1699.0,31277.0,19164.0,12113.0,3440.0,5507.0,0.0,2838.0,32.8,204.6,125.3,79.2,77.1,11785.0,3440.0,7.387364171283769,29.189647857445905,25.308164755400934,78.91358797745774,14.416631310988546,9.397171451393138
I3207,자동차,2001,49040.0,22891.0,15631.0,3190.0,19272.0,1542.0,29768.0,17520.0,12247.0,2968.0,4081.0,0.0,4691.0,39.3,154.5,90.9,63.5,60.9,11740.0,2968.0,6.052202283849918,25.281090289608176,23.93964110929853,89.21803652968036,13.134582623509369,5.312889232487228
I3207,자동차,2002,57540.0,24831.0,21459.0,3619.0,25267.0,1111.0,32274.0,20188.0,12086.0,3009.0,3005.0,0.0,3449.0,43.9,127.7,79.9,47.8,37.5,9463.0,3009.0,5.229405630865485,31.797527211243793,16.445950643030933,106.29581929859322,11.740462855331291,17.332789559543226
I3207,자동차,2003,66338.0,26522.0,25905.0,5116.0,29652.0,841.0,36686.0,23975.0,12711.0,4166.0,3227.0,0.0,2428.0,44.7,123.7,80.9,42.9,33.1,9821.0,4166.0,6.279960203804757,42.419305569697585,14.804486116554614,108.05005213764338,8.56328276142959,15.290232881473752
I3207,자동차,2004,72689.0,28794.0,29434.0,5708.0,32940.0,839.0,39750.0,25872.0,13878.0,4260.0,3906.0,0.0,2499.0,45.3,120.7,78.5,42.1,32.4,10665.0,4260.0,5.8605841323996755,39.943741209563996,14.672096190620316,113.7677798392084,7.86685419596812,9.573698332780612
I3207,자동차,2005,81243.0,32213.0,32501.0,6149.0,37648.0,832.0,43595.0,29493.0,14102.0,4939.0,4299.0,0.0,2747.0,46.3,115.8,78.3,37.5,31.8,11985.0,4939.0,6.079292985241805,41.20984564038381,14.752040175768991,110.19903027837114,6.942010846891948,11.767942879940563
I3207,자동차,2006,87065.0,34117.0,34670.0,6849.0,41167.0,943.0,45898.0,31338.0,14560.0,5075.0,3414.0,0.0,3975.0,47.3,111.5,76.1,35.4,30.3,12464.0,5075.0,5.828978349508987,40.71726572528883,14.31574111296158,110.63245899546877,7.565789473684211,7.1661558534273695
I3207,자동차,2007,95191.0,35432.0,37343.0,7801.0,45718.0,1057.0,49472.0,33472.0,16001.0,5845.0,3851.0,59.0,4108.0,48.0,108.2,73.2,35.0,30.3,13863.0,5904.0,6.202267021041905,42.588184375676256,14.563351577355002,111.56489005736138,7.624612277284859,9.333256762189169
I3207,자동차,2008,106720.0,39480.0,40369.0,9160.0,49679.0,1287.0,57041.0,38692.0,18349.0,9864.0,5246.0,55.0,3683.0,46.6,114.8,77.9,36.9,37.9,18848.0,9919.0,9.294415292353824,52.62627334465195,17.661169415292356,104.3342292980461,6.828310696095076,12.111439106638233
I3207,자동차,2009,118556.0,40375.0,45223.0,8008.0,58595.0,1509.0,59962.0,42064.0,17898.0,8462.0,4615.0,130.0,4198.0,49.4,102.3,71.8,30.5,29.7,17405.0,8592.0,7.247208070447721,49.36512496409078,14.680825938796854,107.5099847850894,8.669922436081585,11.090704647676164
I3207,자동차,2010,135966.0,42700.0,52335.0,10220.0,72740.0,1220.0,63225.0,45944.0,17282.0,7731.0,4213.0,11.0,3285.0,53.5,86.9,63.2,23.8,21.0,15240.0,7742.0,5.694070576467646,50.800524934383205,11.208684524072195,113.91041267630158,8.005249343832022,14.685043355038975
I3207,자동차,2011,164922.0,49922.0,66370.0,12466.0,87747.0,1337.0,77175.0,56890.0,20285.0,14250.0,4837.0,45.0,3746.0,53.2,88.0,64.8,23.1,26.1,22878.0,14295.0,8.66773383781424,62.48360870705481,13.872012223960418,116.66373703638601,5.844042311390856,21.29650059573718
I3207,자동차,2012,176246.0,54070.0,70888.0,11873.0,97903.0,1303.0,78343.0,55117.0,23226.0,13755.0,7259.0,1.0,3711.0,55.5,80.0,56.3,23.7,25.3,24726.0,13756.0,7.804999829783371,55.633745854566044,14.029254564642601,128.61367636119527,5.269756531586185,6.866276179042208
I3207,자동차,2013,188947.0,57137.0,77636.0,12200.0,110064.0,1190.0,78883.0,55434.0,23450.0,12516.0,8908.0,1.0,3158.0,58.3,71.7,50.4,21.3,22.3,24583.0,12517.0,6.624609017343489,50.917300573567104,13.010526761472793,140.05123209582567,4.840743603303096,7.2064046843616225
I3207,자동차,2014,208574.0,63643.0,86943.0,13069.0,121940.0,1195.0,86633.0,60597.0,26036.0,14383.0,10774.0,0.0,2918.0,58.5,71.0,49.7,21.4,23.0,28075.0,14383.0,6.895873886486331,51.23063223508459,13.460450487596729,143.47739987128077,4.2564559216384685,10.387569000830933
I3207,자동차,2015,227099.0,77839.0,87784.0,13751.0,131964.0,1224.0,95135.0,66871.0,28264.0,15706.0,12380.0,0.0,3374.0,58.1,72.1,50.7,21.4,23.8,31460.0,15706.0,6.915926534242775,49.92371265098538,13.852989224963563,131.27364627416966,3.890654799745709,8.881739814166668
I3207,자동차,2016,240715.0,80734.0,95467.0,14457.0,141245.0,1287.0,99469.0,69251.0,30219.0,17404.0,13215.0,0.0,4452.0,58.7,70.4,49.0,21.4,24.8,35071.0,17404.0,7.23012691356999,49.62504633457843,14.56951166317014,137.8564930470318,3.6696986113883265,5.995623054262689
I3207,자동차,2017,246740.0,82854.0,96741.0,15432.0,145494.0,1451.0,101246.0,69417.0,31829.0,17943.0,11911.0,0.0,6104.0,59.0,69.6,47.7,21.9,24.7,35958.0,17943.0,7.272027235146308,49.89988319706324,14.573234984193888,139.36211590820693,4.03526336281217,2.5029599318696416
I3207,자동차,2018,251229.0,83984.0,97206.0,15959.0,150536.0,1488.0,100694.0,70930.0,29764.0,18289.0,10045.0,86.0,6157.0,59.9,66.9,47.1,19.8,23.0,34577.0,18375.0,7.314044158914775,53.14226219741447,13.763140401784826,137.0449739179473,4.30343870202736,1.8193239847612785
I3207,자동차,2019,267160.0,89740.0,103187.0,17405.0,157128.0,1452.0,110032.0,78823.0,31209.0,20685.0,10093.0,11.0,6295.0,58.8,70.0,50.2,19.9,23.6,37084.0,20696.0,7.7466686629735,55.80843490454104,13.8808204821081,130.90975984167056,3.91543522813073,6.341226530376676
I3207,자동차,2020,279518.0,90547.0,110383.0,18246.0,157098.0,1428.0,122421.0,87086.0,35335.0,23612.0,13304.0,17.0,7209.0,56.2,77.9,55.4,22.5,28.1,44142.0,23629.0,8.453480634520853,53.52951837252503,15.792185118668565,126.75171669384287,3.2350142721217887,4.625692468932474
I3207,자동차,2021,290586.0,92063.0,113066.0,19435.0,162602.0,1329.0,127984.0,91264.0,36720.0,23290.0,12300.0,84.0,8782.0,56.0,78.7,56.1,22.6,27.3,44456.0,23374.0,8.043746085496204,52.577829764261296,15.298741164405719,123.88893758765778,2.989472737088357,3.959673437846578
I3207,자동차,2022,306695.0,92840.0,121209.0,23451.0,173666.0,1844.0,133029.0,100072.0,32958.0,21593.0,10542.0,127.0,7024.0,56.6,76.6,57.6,19.0,22.6,39286.0,21720.0,7.0819543846492445,55.28687064094079,12.809468690392736,121.12179230953713,4.693784045206944,5.543625639225569
I3207,자동차,2023,325397.0,96387.0,127601.0,25443.0,192990.0,2209.0,132408.0,100415.0,31993.0,18119.0,9610.0,115.0,5899.0,59.3,68.6,52.0,16.6,17.5,33743.0,18234.0,5.603616505376509,54.03787452212311,10.36979443572006,127.07364437584026,6.546542986693536,6.097914866561238
I3207,자동차,2024,355140.0,102869.0,137219.0,26283.0,214036.0,2214.0,141104.0,106984.0,34120.0,20771.0,10337.0,7.0,5606.0,60.3,65.9,50.0,15.9,17.2,36721.0,20778.0,5.850650447710762,56.58342637727731,10.339865968350509,128.2612353249084,6.029247569510635,9.140526802644144
I3207,자동차,2025,371518.0,109415.0,136766.0,27699.0,224174.0,2154.0,147344.0,111725.0,35620.0,22385.0,12162.0,147.0,4895.0,60.3,65.7,49.8,15.9,17.7,39589.0,22532.0,6.064847463649137,56.91479956553588,10.656011283437142,122.41306780040277,5.440905301977822,4.611702427211806
I3208,철도,1994,16.0,6.0,8.0,3.0,4.0,1.0,12.0,9.0,3.0,2.0,3.0,0.0,0.0,25.9,286.2,216.2,70.0,121.2,5.0,2.0,12.5,40.0,31.25,88.88888888888889,20.0,
I3208,철도,1995,21.0,7.0,11.0,5.0,5.0,1.0,17.0,12.0,5.0,3.0,4.0,0.0,0.0,22.1,351.5,243.9,107.6,158.3,7.0,3.0,14.285714285714285,42.857142857142854,33.33333333333333,91.66666666666666,14.285714285714285,31.25
I3208,철도,1996,31.0,9.0,19.0,3.0,7.0,1.0,25.0,17.0,8.0,3.0,6.0,0.0,0.0,21.2,371.9,252.0,119.9,145.6,9.0,3.0,9.67741935483871,33.33333333333333,29.03225806451613,111.76470588235294,11.11111111111111,47.61904761904763
I3208,철도,1997,38.0,11.0,23.0,7.0,7.0,1.0,31.0,23.0,8.0,4.0,6.0,0.0,0.0,18.9,427.9,313.3,114.6,140.6,10.0,4.0,10.526315789473683,40.0,26.31578947368421,100.0,10.0,22.580645161290324
I3208,철도,1998,48.0,14.0,30.0,9.0,12.0,1.0,35.0,28.0,7.0,3.0,6.0,0.0,0.0,25.7,289.1,227.9,60.9,70.8,9.0,3.0,6.25,33.33333333333333,18.75,107.14285714285714,11.11111111111111,26.315789473684205
I3208,철도,1999,937.0,487.0,361.0,48.0,198.0,12.0,739.0,528.0,211.0,39.0,10.0,0.0,0.0,21.2,372.6,266.4,106.2,24.6,49.0,39.0,4.16221985058698,79.59183673469387,5.229455709711846,68.37121212121212,24.489795918367346,1852.0833333333333
I3208,철도,2000,855.0,514.0,263.0,90.0,212.0,22.0,643.0,444.0,200.0,51.0,30.0,0.0,0.0,24.8,303.8,209.5,94.2,38.3,81.0,51.0,5.964912280701754,62.96296296296296,9.473684210526317,59.23423423423423,27.160493827160494,-8.75133404482391
I3208,철도,2001,1010.0,522.0,409.0,107.0,229.0,21.0,781.0,576.0,205.0,92.0,130.0,0.0,48.0,22.7,341.2,251.5,89.7,117.7,270.0,92.0,9.108910891089108,34.074074074074076,26.732673267326735,71.00694444444444,7.777777777777778,18.128654970760238
I3208,철도,2002,1237.0,707.0,430.0,85.0,299.0,36.0,938.0,419.0,518.0,81.0,281.0,0.0,190.0,24.2,313.5,140.3,173.3,184.7,552.0,81.0,6.548100242522231,14.673913043478262,44.62409054163298,102.6252983293556,6.521739130434782,22.475247524752472
I3208,철도,2003,1382.0,717.0,577.0,74.0,376.0,39.0,1006.0,696.0,310.0,228.0,54.0,0.0,183.0,27.2,267.2,184.8,82.4,123.5,465.0,228.0,16.49782923299566,49.03225806451613,33.64688856729378,82.90229885057471,8.38709677419355,11.721907841552138
I3208,철도,2004,1446.0,727.0,642.0,72.0,324.0,45.0,1123.0,744.0,378.0,259.0,92.0,0.0,230.0,22.4,346.8,229.9,116.9,179.6,581.0,259.0,17.911479944674966,44.57831325301205,40.179806362378976,86.29032258064517,7.74526678141136,4.630969609261948
I3208,철도,2005,1616.0,698.0,808.0,116.0,361.0,40.0,1255.0,933.0,322.0,138.0,60.0,0.0,199.0,22.3,347.9,258.7,89.2,110.2,397.0,138.0,8.53960396039604,34.76070528967254,24.566831683168317,86.60235798499464,10.075566750629724,11.756569847856158
I3208,철도,2006,1677.0,641.0,871.0,89.0,521.0,33.0,1157.0,949.0,208.0,90.0,76.0,0.0,50.0,31.0,222.2,182.3,39.9,41.4,216.0,90.0,5.366726296958855,41.66666666666667,12.880143112701253,91.78082191780823,15.277777777777779,3.7747524752475226
I3208,철도,2007,1975.0,650.0,1130.0,131.0,560.0,30.0,1414.0,1146.0,268.0,360.0,88.0,0.0,100.0,28.4,252.3,204.4,47.9,97.7,548.0,360.0,18.227848101265824,65.69343065693431,27.746835443037977,98.60383944153578,5.474452554744526,17.769827072152644
I3208,철도,2008,3362.0,1291.0,1800.0,281.0,977.0,58.0,2385.0,1732.0,653.0,553.0,165.0,0.0,199.0,29.1,244.2,177.4,66.8,93.9,917.0,553.0,16.448542534205828,60.30534351145038,27.275431290898272,103.92609699769054,6.324972737186478,70.22784810126583
I3208,철도,2009,3697.0,1369.0,2029.0,251.0,1103.0,68.0,2594.0,1857.0,737.0,373.0,179.0,0.0,357.0,29.8,235.1,168.3,66.8,82.4,909.0,373.0,10.089261563429808,41.03410341034103,24.587503381119827,109.26225094238018,7.48074807480748,9.964306960142766
I3208,철도,2010,3569.0,1363.0,1904.0,285.0,1237.0,66.0,2332.0,1619.0,713.0,284.0,86.0,0.0,392.0,34.7,188.5,130.9,57.6,61.6,762.0,284.0,7.957411039506865,37.270341207349084,21.350518352479686,117.60345892526252,8.661417322834646,-3.462266702731942
I3208,철도,2011,3691.0,1328.0,1979.0,188.0,1245.0,61.0,2446.0,1493.0,953.0,232.0,105.0,0.0,541.0,33.7,196.4,119.9,76.5,70.5,878.0,232.0,6.2855594689785965,26.42369020501139,23.787591438634518,132.55190890823846,6.947608200455581,3.4183244606332375
I3208,철도,2012,3786.0,1295.0,2084.0,197.0,1311.0,57.0,2475.0,1541.0,934.0,170.0,213.0,0.0,412.0,34.6,188.7,117.5,71.2,60.6,795.0,170.0,4.490227152667723,21.38364779874214,20.998415213946117,135.23685918234912,7.169811320754717,2.573828230831743
I3208,철도,2013,4462.0,1321.0,2748.0,232.0,1926.0,56.0,2535.0,1713.0,822.0,233.0,281.0,0.0,202.0,43.2,131.6,88.9,42.7,37.2,716.0,233.0,5.221873599282833,32.54189944134078,16.04661586732407,160.4203152364273,7.82122905027933,17.855256207078707
I3208,철도,2014,4566.0,1279.0,2855.0,256.0,1863.0,45.0,2702.0,1437.0,1266.0,167.0,361.0,0.0,601.0,40.8,145.0,77.1,67.9,60.6,1129.0,167.0,3.6574682435392027,14.791851195748452,24.726237406920717,198.6778009742519,3.985828166519043,2.3307933662034985
I3208,철도,2015,5177.0,1275.0,3478.0,262.0,1583.0,56.0,3594.0,2038.0,1555.0,609.0,231.0,0.0,1025.0,30.6,227.0,128.7,98.2,117.8,1865.0,609.0,11.763569634923702,32.65415549597856,36.024724744060265,170.657507360157,3.0026809651474533,13.381515549715296
I3208,철도,2016,4616.0,1214.0,2939.0,185.0,1627.0,59.0,2990.0,1682.0,1308.0,275.0,92.0,0.0,926.0,35.2,183.8,103.4,80.4,79.4,1293.0,275.0,5.957538994800693,21.268368136117555,28.011265164644715,174.73246135552913,4.563031709203403,-10.836391732663708
I3208,철도,2017,4371.0,1196.0,2748.0,210.0,1594.0,49.0,2777.0,1484.0,1293.0,208.0,145.0,0.0,885.0,36.5,174.2,93.1,81.1,77.6,1238.0,208.0,4.758636467627545,16.80129240710824,28.323038206360103,185.17520215633422,3.9579967689822295,-5.30762564991335
I3208,철도,2018,4438.0,1212.0,2825.0,282.0,1320.0,47.0,3118.0,1937.0,1181.0,236.0,213.0,0.0,700.0,29.7,236.2,146.7,89.5,87.0,1149.0,236.0,5.317710680486706,20.539599651871193,25.890040558810274,145.84408879710892,4.090513489991297,1.5328300160146524
I3208,철도,2019,4705.0,1342.0,2957.0,363.0,1062.0,54.0,3644.0,2609.0,1035.0,510.0,193.0,0.0,570.0,22.6,343.2,245.7,97.5,119.9,1273.0,510.0,10.839532412327312,40.062843676355065,27.056323060573856,113.33844384821772,4.241948153967007,6.016223524109954
I3208,철도,2020,5177.0,1643.0,3235.0,370.0,1605.0,45.0,3571.0,2728.0,843.0,551.0,189.0,0.0,357.0,31.0,222.5,170.0,52.5,68.4,1097.0,551.0,10.643229669692872,50.22789425706472,21.18987830790033,118.58504398826979,4.102096627164995,10.031880977683304
I3208,철도,2021,5487.0,1761.0,3349.0,412.0,1604.0,43.0,3883.0,2823.0,1060.0,514.0,375.0,0.0,443.0,29.2,242.1,176.0,66.1,83.1,1332.0,514.0,9.367596136322216,38.58858858858859,24.27556041552761,118.63266029047112,3.2282282282282284,5.988023952095811
I3208,철도,2022,6266.0,1806.0,3975.0,392.0,1829.0,59.0,4436.0,3353.0,1083.0,363.0,507.0,0.0,234.0,29.2,242.5,183.3,59.2,60.3,1104.0,363.0,5.793169486115544,32.880434782608695,17.618895627194384,118.55055174470624,5.344202898550725,14.197193366138139
I3208,철도,2023,6970.0,2025.0,4484.0,524.0,2129.0,54.0,4841.0,4070.0,771.0,225.0,420.0,0.0,171.0,30.5,227.4,191.2,36.2,38.3,816.0,225.0,3.2281205164992826,27.573529411764707,11.707317073170733,110.17199017199017,6.61764705882353,11.235237791254393
I3208,철도,2024,7200.0,2343.0,4425.0,583.0,2622.0,56.0,4578.0,3719.0,859.0,244.0,447.0,0.0,122.0,36.4,174.6,141.9,32.8,31.0,813.0,244.0,3.3888888888888893,30.01230012300123,11.291666666666666,118.98359774132831,6.888068880688807,3.299856527977041
I3208,철도,2025,11508.0,2970.0,8077.0,769.0,3785.0,58.0,7723.0,6564.0,1159.0,287.0,463.0,0.0,201.0,32.9,204.0,173.4,30.6,25.2,951.0,287.0,2.493917274939173,30.17875920084122,8.263816475495307,123.04996953077392,6.0988433228180865,59.833333333333336
I3209,기타 수송장비,1994,83.0,13.0,55.0,13.0,31.0,2.0,52.0,27.0,25.0,10.0,2.0,0.0,18.0,37.1,169.9,88.1,81.8,100.8,30.0,10.0,12.048192771084338,33.33333333333333,36.144578313253014,203.70370370370372,6.666666666666667,
I3209,기타 수송장비,1995,98.0,43.0,39.0,8.0,52.0,2.0,46.0,32.0,13.0,16.0,4.0,0.0,7.0,53.5,87.0,61.7,25.2,51.5,27.0,16.0,16.3265306122449,59.25925925925925,27.55102040816326,121.875,7.4074074074074066,18.07228915662651
I3209,기타 수송장비,1996,256.0,123.0,101.0,30.0,81.0,8.0,175.0,100.0,75.0,63.0,0.0,0.0,68.0,31.5,217.5,124.4,93.1,162.3,131.0,63.0,24.609375,48.091603053435115,51.171875,101.0,6.106870229007633,161.22448979591834
I3209,기타 수송장비,1997,279.0,124.0,115.0,29.0,61.0,21.0,218.0,166.0,51.0,99.0,16.0,0.0,29.0,22.0,354.9,271.1,83.8,234.6,144.0,99.0,35.483870967741936,68.75,51.61290322580645,69.27710843373494,14.583333333333334,8.984375
I3209,기타 수송장비,1998,251.0,115.0,94.0,23.0,34.0,25.0,217.0,38.0,179.0,2.0,173.0,0.0,0.0,13.5,642.0,112.5,529.5,516.7,175.0,2.0,0.796812749003984,1.1428571428571428,69.7211155378486,247.3684210526316,14.285714285714285,-10.035842293906805
I3209,기타 수송장비,1999,209.0,76.0,66.0,23.0,-5.0,20.0,214.0,82.0,132.0,4.0,125.0,0.0,0.0,-2.2,-4624.4,-1766.3,-2858.1,-2793.0,129.0,4.0,1.9138755980861244,3.10077519379845,61.72248803827751,80.48780487804879,15.503875968992247,-16.73306772908366
I3209,기타 수송장비,2000,148.0,77.0,52.0,17.0,-60.0,20.0,209.0,83.0,126.0,5.0,117.0,0.0,0.0,-40.8,-345.0,-137.2,-207.8,-200.6,122.0,5.0,3.3783783783783785,4.098360655737705,82.43243243243244,62.65060240963856,16.39344262295082,-29.186602870813395
I3209,기타 수송장비,2001,172.0,67.0,79.0,21.0,-50.0,21.0,222.0,113.0,109.0,10.0,98.0,0.0,0.0,-29.1,-444.1,-226.6,-217.5,-215.5,108.0,10.0,5.813953488372093,9.25925925925926,62.7906976744186,69.91150442477876,19.444444444444446,16.216216216216207
I3209,기타 수송장비,2002,207.0,72.0,99.0,21.0,57.0,10.0,150.0,88.0,62.0,15.0,50.0,0.0,0.0,27.7,260.8,153.0,107.8,113.3,65.0,15.0,7.246376811594203,23.076923076923077,31.40096618357488,112.5,15.384615384615385,20.348837209302317
I3209,기타 수송장비,2003,202.0,72.0,102.0,22.0,102.0,10.0,100.0,79.0,21.0,20.0,8.0,0.0,0.0,50.4,98.4,77.8,20.5,28.0,28.0,20.0,9.900990099009901,71.42857142857143,13.861386138613863,129.1139240506329,35.714285714285715,-2.4154589371980673
I3209,기타 수송장비,2004,209.0,74.0,105.0,26.0,105.0,4.0,104.0,66.0,37.0,28.0,24.0,0.0,0.0,50.4,98.4,62.8,35.6,49.0,52.0,28.0,13.397129186602871,53.84615384615385,24.880382775119617,159.0909090909091,7.6923076923076925,3.4653465346534684
I3209,기타 수송장비,2005,241.0,76.0,124.0,30.0,126.0,4.0,115.0,83.0,32.0,44.0,13.0,0.0,6.0,52.2,91.7,66.3,25.4,49.6,63.0,44.0,18.25726141078838,69.84126984126983,26.141078838174277,149.39759036144576,6.349206349206349,15.311004784688986
I3209,기타 수송장비,2006,265.0,101.0,121.0,36.0,126.0,5.0,140.0,101.0,39.0,58.0,7.0,0.0,15.0,47.3,111.3,80.6,30.8,64.3,80.0,58.0,21.88679245283019,72.5,30.18867924528302,119.80198019801979,6.25,9.958506224066399
I3209,기타 수송장비,2007,285.0,104.0,127.0,38.0,148.0,6.0,138.0,107.0,31.0,55.0,16.0,0.0,0.0,51.7,93.3,72.3,21.0,48.1,71.0,55.0,19.298245614035086,77.46478873239437,24.912280701754387,118.69158878504673,8.450704225352112,7.547169811320753
I3209,기타 수송장비,2008,371.0,145.0,156.0,44.0,183.0,6.0,188.0,158.0,30.0,81.0,8.0,0.0,0.0,49.4,102.5,86.2,16.3,48.5,89.0,81.0,21.83288409703504,91.01123595505618,23.98921832884097,98.73417721518987,6.741573033707865,30.175438596491233
I3209,기타 수송장비,2009,392.0,153.0,176.0,47.0,184.0,8.0,207.0,173.0,34.0,77.0,16.0,20.0,0.0,47.0,112.5,94.0,18.6,61.5,113.0,97.0,24.744897959183675,85.84070796460178,28.8265306122449,101.73410404624276,7.079646017699115,5.660377358490565
I3209,기타 수송장비,2010,543.0,212.0,238.0,62.0,288.0,9.0,254.0,204.0,50.0,98.0,30.0,0.0,0.0,53.1,88.2,70.8,17.4,44.2,128.0,98.0,18.047882136279927,76.5625,23.572744014732965,116.66666666666667,7.03125,38.520408163265294
I3209,기타 수송장비,2011,586.0,229.0,269.0,65.0,317.0,10.0,268.0,215.0,54.0,117.0,33.0,0.0,0.0,54.2,84.6,67.6,16.9,47.4,150.0,117.0,19.965870307167236,78.0,25.597269624573375,125.11627906976743,6.666666666666667,7.918968692449346
I3209,기타 수송장비,2012,603.0,258.0,267.0,80.0,339.0,10.0,264.0,198.0,67.0,105.0,43.0,0.0,0.0,56.2,77.9,58.2,19.7,43.7,148.0,105.0,17.412935323383085,70.94594594594594,24.543946932006634,134.84848484848484,6.756756756756757,2.901023890784993
I3209,기타 수송장비,2013,638.0,275.0,275.0,77.0,388.0,8.0,249.0,194.0,56.0,87.0,32.0,0.0,0.0,60.9,64.2,49.8,14.3,30.5,119.0,87.0,13.636363636363635,73.10924369747899,18.65203761755486,141.75257731958763,6.722689075630252,5.804311774461035
I3209,기타 수송장비,2014,678.0,292.0,277.0,73.0,405.0,7.0,273.0,212.0,60.0,98.0,32.0,0.0,0.0,59.8,67.3,52.4,14.9,32.1,130.0,98.0,14.454277286135694,75.38461538461539,19.174041297935105,130.66037735849056,5.384615384615385,6.269592476489039
I3209,기타 수송장비,2015,813.0,320.0,286.0,86.0,431.0,7.0,382.0,229.0,153.0,102.0,118.0,0.0,6.0,53.0,88.6,53.1,35.5,52.3,226.0,102.0,12.546125461254611,45.13274336283185,27.79827798277983,124.89082969432314,3.0973451327433628,19.91150442477876
I3209,기타 수송장비,2016,853.0,329.0,264.0,85.0,455.0,8.0,398.0,259.0,140.0,134.0,102.0,0.0,8.0,53.3,87.6,56.8,30.7,53.7,244.0,134.0,15.70926143024619,54.91803278688525,28.604923798358733,101.93050193050193,3.278688524590164,4.920049200492005
I3209,기타 수송장비,2017,796.0,235.0,179.0,57.0,453.0,9.0,343.0,229.0,114.0,118.0,81.0,0.0,17.0,56.9,75.7,50.6,25.1,47.8,216.0,118.0,14.824120603015075,54.629629629629626,27.1356783919598,78.16593886462883,4.166666666666666,-6.682297772567414
I3209,기타 수송장비,2018,826.0,236.0,227.0,68.0,475.0,9.0,351.0,245.0,106.0,89.0,79.0,0.0,8.0,57.5,73.8,51.5,22.3,37.0,176.0,89.0,10.774818401937045,50.56818181818182,21.307506053268767,92.65306122448979,5.113636363636364,3.7688442211055273
I3209,기타 수송장비,2019,846.0,235.0,239.0,59.0,451.0,8.0,395.0,311.0,84.0,147.0,37.0,0.0,8.0,53.3,87.6,68.9,18.7,42.4,192.0,147.0,17.375886524822697,76.5625,22.69503546099291,76.84887459807074,4.166666666666666,2.421307506053272
I3209,기타 수송장비,2020,1053.0,260.0,221.0,68.0,627.0,10.0,426.0,248.0,178.0,87.0,74.0,0.0,25.0,59.6,67.9,39.6,28.3,29.6,186.0,87.0,8.262108262108262,46.774193548387096,17.663817663817664,89.11290322580645,5.376344086021505,24.468085106382986
I3209,기타 수송장비,2021,1527.0,309.0,569.0,104.0,997.0,13.0,530.0,344.0,185.0,98.0,93.0,0.0,9.0,65.3,53.1,34.5,18.6,20.0,200.0,98.0,6.41781270464964,49.0,13.097576948264573,165.40697674418604,6.5,45.01424501424503
I3209,기타 수송장비,2022,1696.0,353.0,603.0,131.0,1133.0,10.0,563.0,376.0,186.0,106.0,79.0,0.0,8.0,66.8,49.6,33.2,16.4,17.0,193.0,106.0,6.25,54.92227979274611,11.379716981132075,160.37234042553192,5.181347150259067,11.06745252128356
I3209,기타 수송장비,2023,1723.0,358.0,620.0,121.0,1120.0,15.0,603.0,376.0,227.0,125.0,95.0,0.0,14.0,65.0,53.8,33.6,20.2,20.8,234.0,125.0,7.254788160185723,53.41880341880342,13.580963435867673,164.8936170212766,6.41025641025641,1.5919811320754818
I3209,기타 수송장비,2024,1776.0,388.0,571.0,107.0,1159.0,15.0,617.0,323.0,294.0,124.0,152.0,0.0,10.0,65.2,53.3,27.9,25.4,24.6,286.0,124.0,6.981981981981981,43.35664335664335,16.103603603603602,176.78018575851394,5.244755244755245,3.076030179918754
I3209,기타 수송장비,2025,1806.0,408.0,577.0,85.0,1153.0,16.0,653.0,345.0,308.0,112.0,157.0,0.0,9.0,63.8,56.7,29.9,26.8,24.1,278.0,112.0,6.2015503875969,40.28776978417266,15.39313399778516,167.2463768115942,5.755395683453238,1.6891891891891886
I3301,석유정제,1994,7283.0,2537.0,3826.0,852.0,2012.0,236.0,5271.0,4059.0,1212.0,2119.0,467.0,0.0,563.0,27.6,262.0,201.8,60.3,156.5,3149.0,2119.0,29.095153096251547,67.29120355668466,43.237676781546064,94.25966986942596,7.494442680215942,
I3301,석유정제,1995,9280.0,3557.0,4655.0,932.0,2276.0,312.0,7005.0,5053.0,1952.0,2781.0,873.0,0.0,861.0,24.5,307.8,222.1,85.8,198.4,4515.0,2781.0,29.967672413793107,61.59468438538206,48.65301724137931,92.12349099544825,6.910299003322259,27.420019222847735
I3301,석유정제,1996,12070.0,4818.0,6157.0,1363.0,2528.0,440.0,9542.0,6902.0,2640.0,3906.0,754.0,0.0,1299.0,20.9,377.4,273.0,104.4,235.7,5959.0,3906.0,32.36122618061309,65.54791072327572,49.370339685169846,89.2060272384816,7.383789226380265,30.06465517241379
I3301,석유정제,1997,15906.0,5617.0,8897.0,1827.0,2639.0,628.0,13267.0,9449.0,3818.0,5812.0,1207.0,0.0,2012.0,16.6,502.8,358.1,144.7,342.2,9031.0,5812.0,36.539670564566826,64.35610674343927,56.77731673582296,94.15811196952059,6.953825711438379,31.78127589063795
I3301,석유정제,1998,14062.0,7038.0,5763.0,1192.0,4201.0,896.0,9861.0,6592.0,3269.0,3136.0,859.0,0.0,1940.0,29.9,234.7,156.9,77.8,141.3,5935.0,3136.0,22.301237377328974,52.83909014321819,42.205945100270235,87.4241504854369,15.096882898062342,-11.593109518420718
I3301,석유정제,1999,16301.0,8137.0,6506.0,1301.0,6109.0,692.0,10192.0,7950.0,2242.0,2591.0,678.0,0.0,1291.0,37.5,166.8,130.1,36.7,74.7,4560.0,2591.0,15.894730384638981,56.820175438596486,27.973743942089442,81.83647798742139,15.175438596491228,15.922343905561087
I3301,석유정제,2000,16402.0,8327.0,6343.0,1377.0,6011.0,620.0,10391.0,8703.0,1688.0,3606.0,571.0,0.0,915.0,36.6,172.9,144.8,28.1,84.7,5092.0,3606.0,21.985123765394466,70.81696779261587,31.04499451286428,72.88291393772262,12.175962293794187,0.6195938899453912
I3301,석유정제,2001,15952.0,8205.0,5613.0,1659.0,5877.0,461.0,10075.0,7683.0,2392.0,3815.0,423.0,0.0,1780.0,36.8,171.4,130.7,40.7,102.4,6018.0,3815.0,23.915496489468406,63.39315387171818,37.72567703109328,73.05739945333855,7.660352276503822,-2.743567857578344
I3301,석유정제,2002,16135.0,8129.0,5905.0,1827.0,6281.0,305.0,9853.0,7130.0,2723.0,2696.0,209.0,0.0,2073.0,38.9,156.9,113.5,43.4,79.3,4978.0,2696.0,16.709017663464518,54.15829650462033,30.852184691664085,82.81907433380084,6.126958617918843,1.1471915747241823
I3301,석유정제,2003,16911.0,7776.0,7046.0,2810.0,6592.0,279.0,10318.0,7991.0,2327.0,2311.0,151.0,0.0,1938.0,39.0,156.5,121.2,35.3,66.7,4400.0,2311.0,13.665661403819998,52.52272727272727,26.018567796109043,88.17419597046677,6.340909090909092,4.809420514409668
I3301,석유정제,2004,17778.0,7589.0,8157.0,2929.0,8549.0,266.0,9229.0,7148.0,2081.0,1928.0,155.0,0.0,1767.0,48.1,108.0,83.6,24.3,45.0,3850.0,1928.0,10.84486443919451,50.077922077922075,21.655979300258746,114.1158365976497,6.909090909090909,5.126840518006026
I3301,석유정제,2005,20592.0,7852.0,10601.0,4040.0,9459.0,275.0,11133.0,8763.0,2370.0,2031.0,163.0,0.0,1952.0,45.9,117.7,92.6,25.1,43.8,4146.0,2031.0,9.863053613053612,48.98697539797395,20.134032634032632,120.97455209403172,6.6328991799324655,15.828552143098218
I3301,석유정제,2006,23037.0,8416.0,12365.0,4199.0,9504.0,353.0,13533.0,10442.0,3091.0,2432.0,792.0,0.0,2024.0,41.3,142.4,109.9,32.5,55.2,5248.0,2432.0,10.556930155836264,46.34146341463415,22.78074402048878,118.41601225818809,6.726371951219512,11.873543123543119
I3301,석유정제,2007,46396.0,14415.0,25718.0,8779.0,17946.0,528.0,28451.0,22535.0,5916.0,6720.0,1127.0,0.0,4353.0,38.7,158.5,125.6,33.0,68.0,12200.0,6720.0,14.48400724200362,55.08196721311476,26.295370290542287,114.12469491901487,4.327868852459017,101.39775144333028
I3301,석유정제,2008,54373.0,20281.0,28112.0,8098.0,19360.0,1072.0,35013.0,23260.0,11753.0,10364.0,2594.0,0.0,8264.0,35.6,180.9,120.1,60.7,109.6,21222.0,10364.0,19.06093097677156,48.83611346715672,39.03040111820204,120.85984522785897,5.051361794364339,17.193292525217686
I3301,석유정제,2009,58782.0,23371.0,28816.0,11771.0,21760.0,1017.0,37022.0,23559.0,13462.0,6830.0,2811.0,0.0,9697.0,37.0,170.1,108.3,61.9,88.9,19338.0,6830.0,11.619203157429144,35.31906091633054,32.89782586506073,122.31418990619296,5.259075395594167,8.10880400198628
I3301,석유정제,2010,67277.0,28462.0,31961.0,14198.0,26507.0,717.0,40770.0,26816.0,13954.0,7283.0,2894.0,0.0,9851.0,39.4,153.8,101.2,52.6,75.6,20028.0,7283.0,10.825393522303314,36.36409027361693,29.769460588313983,119.18630668257757,3.579988016776513,14.451702902248996
I3301,석유정제,2011,85170.0,28010.0,41852.0,19240.0,38462.0,797.0,46708.0,34048.0,12660.0,9171.0,2676.0,0.0,8435.0,45.2,121.4,88.5,32.9,52.7,20282.0,9171.0,10.76787601268052,45.21743417808894,23.813549371844548,122.92058270676691,3.929592742333103,26.596013496440097
I3301,석유정제,2012,80954.0,28822.0,37544.0,17439.0,40595.0,819.0,40359.0,26756.0,13603.0,5601.0,2392.0,0.0,9669.0,50.1,99.4,65.9,33.5,43.5,17662.0,5601.0,6.918743978061616,31.712150379345488,21.817328359315166,140.3199282403947,4.637073944060695,-4.950099800399199
I3301,석유정제,2013,81257.0,30332.0,36309.0,17834.0,40162.0,691.0,41094.0,27463.0,13631.0,5902.0,1637.0,0.0,10601.0,49.4,102.3,68.4,33.9,45.2,18140.0,5902.0,7.263374232373826,32.535832414553475,22.32423052783145,132.21061063976987,3.8092613009922824,0.37428663191441114
I3301,석유정제,2014,75326.0,31399.0,28506.0,11553.0,38029.0,648.0,37297.0,22646.0,14651.0,6551.0,1367.0,0.0,12162.0,50.5,98.1,59.5,38.5,52.8,20080.0,6551.0,8.69686429652444,32.624501992031874,26.657462230836632,125.87653448732668,3.2270916334661357,-7.2990634653014475
I3301,석유정제,2015,72755.0,31394.0,26306.0,8136.0,41189.0,595.0,31565.0,16955.0,14610.0,2537.0,1429.0,0.0,11964.0,56.6,76.6,41.2,35.5,38.7,15930.0,2537.0,3.4870455638787714,15.925925925925927,21.89540237784345,155.15187260395166,3.735091023226617,-3.4131641133207657
I3301,석유정제,2016,79617.0,32599.0,32362.0,10767.0,44422.0,538.0,35195.0,21717.0,13477.0,3024.0,2186.0,0.0,10136.0,55.8,79.2,48.9,30.3,34.5,15346.0,3024.0,3.7981838049662766,19.705460706372996,19.274777999673436,149.01689920338904,3.5057995568877884,9.431654181843175
I3301,석유정제,2017,84619.0,35237.0,34680.0,14184.0,47598.0,485.0,37022.0,23962.0,13060.0,2484.0,2480.0,0.0,9229.0,56.2,77.8,50.3,27.4,29.8,14193.0,2484.0,2.9355109372599535,17.501585288522513,16.77282879731502,144.72915449461647,3.417177481857254,6.282577841415771
I3301,석유정제,2018,87760.0,37585.0,34151.0,15304.0,47235.0,541.0,40525.0,25000.0,15525.0,4372.0,2774.0,0.0,10558.0,53.8,85.8,52.9,32.9,37.5,17704.0,4372.0,4.981768459434822,24.694984184365115,20.173199635369187,136.60399999999998,3.0558065973791235,3.7119323083468325
I3301,석유정제,2019,92330.0,41343.0,33264.0,15214.0,47107.0,727.0,45222.0,25159.0,20063.0,4809.0,2588.0,0.0,13728.0,51.0,96.0,53.4,42.6,44.8,21125.0,4809.0,5.208491281273693,22.764497041420118,22.879887360554534,132.21511188838983,3.4414201183431956,5.207383773928886
I3301,석유정제,2020,89805.0,44932.0,25190.0,9571.0,43197.0,680.0,46608.0,24570.0,22037.0,3643.0,2881.0,0.0,15511.0,48.1,107.9,56.9,51.0,51.0,22035.0,3643.0,4.0565670062914085,16.532788745178127,24.53649574077167,102.52340252340252,3.0859995461765375,-2.734755767356223
I3301,석유정제,2021,105075.0,44454.0,39005.0,16561.0,48652.0,639.0,56423.0,32615.0,23808.0,4831.0,3664.0,0.0,15298.0,46.3,116.0,67.0,48.9,48.9,23793.0,4831.0,4.597668332143707,20.304291178077584,22.643825838686652,119.59221217231335,2.6856638507123947,17.003507599799562
I3301,석유정제,2022,115749.0,44556.0,47933.0,20680.0,55570.0,981.0,60178.0,37649.0,22530.0,6569.0,4165.0,0.0,12996.0,48.0,108.3,67.7,40.5,42.7,23730.0,6569.0,5.675211016941831,27.682258744205647,20.501257030298316,127.3154665462562,4.134007585335019,10.158458244111346
I3301,석유정제,2023,119256.0,44096.0,50276.0,20029.0,57389.0,1431.0,61867.0,38458.0,23408.0,4183.0,5382.0,0.0,12862.0,48.1,107.8,67.0,40.8,39.1,22427.0,4183.0,3.5075803313879383,18.65162527310831,18.805762393506406,130.72962712569557,6.380701832612476,3.0298317912033745
I3301,석유정제,2024,131990.0,45964.0,49219.0,19415.0,58589.0,1485.0,73402.0,45643.0,27759.0,8947.0,9644.0,0.0,13510.0,44.4,125.3,77.9,47.4,54.8,32101.0,8947.0,6.77854382907796,27.871405875206378,24.32078187741496,107.8347172622308,4.626024111398399,10.677869457301936
I3301,석유정제,2025,136471.0,52107.0,43760.0,17948.0,66061.0,1640.0,70409.0,44168.0,26241.0,5396.0,8050.0,0.0,13754.0,48.4,106.6,66.9,39.7,41.2,27200.0,5396.0,3.953953587209004,19.83823529411765,19.930974346198095,99.07625430175693,6.029411764705882,3.394954163194175
I3302,고무,1994,984.0,383.0,383.0,99.0,216.0,52.0,768.0,431.0,337.0,257.0,159.0,0.0,107.0,22.0,355.0,199.1,155.8,241.9,523.0,257.0,26.117886178861788,49.1395793499044,53.15040650406504,88.8631090487239,9.94263862332696,
I3302,고무,1995,1030.0,411.0,431.0,136.0,188.0,62.0,842.0,537.0,305.0,270.0,136.0,0.0,90.0,18.3,447.7,285.4,162.2,263.7,496.0,270.0,26.21359223300971,54.43548387096774,48.15533980582524,80.26070763500931,12.5,4.674796747967469
I3302,고무,1996,1052.0,412.0,466.0,152.0,134.0,74.0,918.0,662.0,257.0,295.0,130.0,0.0,33.0,12.7,685.9,494.3,191.6,341.2,458.0,295.0,28.041825095057032,64.41048034934498,43.536121673003805,70.39274924471299,16.157205240174672,2.1359223300970953
I3302,고무,1997,1167.0,422.0,547.0,153.0,133.0,96.0,1034.0,748.0,284.0,309.0,155.0,0.0,28.0,11.4,776.9,561.7,213.1,369.9,492.0,309.0,26.47814910025707,62.80487804878049,42.159383033419026,73.1283422459893,19.51219512195122,10.931558935361219
I3302,고무,1998,1210.0,495.0,518.0,142.0,349.0,56.0,861.0,392.0,468.0,133.0,359.0,0.0,25.0,28.9,246.4,112.3,134.0,148.1,517.0,133.0,10.991735537190083,25.72533849129594,42.72727272727273,132.14285714285714,10.831721470019342,3.6846615252784876
I3302,고무,1999,1322.0,579.0,537.0,113.0,679.0,35.0,643.0,435.0,208.0,139.0,105.0,0.0,8.0,51.3,94.8,64.1,30.7,37.1,252.0,139.0,10.514372163388805,55.158730158730165,19.062027231467475,123.44827586206897,13.88888888888889,9.256198347107446
I3302,고무,2000,1417.0,661.0,573.0,132.0,755.0,29.0,662.0,488.0,174.0,218.0,80.0,0.0,8.0,53.3,87.7,64.6,23.0,40.5,306.0,218.0,15.384615384615385,71.24183006535948,21.594918842625265,117.41803278688525,9.477124183006536,7.186081694402424
I3302,고무,2001,1523.0,704.0,625.0,148.0,825.0,26.0,698.0,504.0,194.0,237.0,111.0,0.0,1.0,54.2,84.6,61.1,23.5,42.3,349.0,237.0,15.56139198949442,67.90830945558739,22.915298752462245,124.0079365079365,7.4498567335243555,7.480592801693708
I3302,고무,2002,1736.0,752.0,664.0,165.0,915.0,27.0,822.0,594.0,227.0,276.0,135.0,0.0,1.0,52.7,89.8,65.0,24.9,45.0,412.0,276.0,15.898617511520738,66.99029126213593,23.732718894009217,111.78451178451179,6.553398058252427,13.985554826001323
I3302,고무,2003,3488.0,1866.0,1042.0,283.0,1552.0,49.0,1936.0,1075.0,860.0,435.0,613.0,0.0,1.0,44.5,124.7,69.3,55.4,67.5,1049.0,435.0,12.471330275229358,41.46806482364156,30.074541284403672,96.93023255813954,4.671115347950429,100.92165898617513
I3302,고무,2004,3801.0,1976.0,1145.0,327.0,1714.0,74.0,2087.0,1324.0,763.0,488.0,487.0,0.0,15.0,45.1,121.8,77.3,44.5,57.7,990.0,488.0,12.838726650881346,49.292929292929294,26.045777426992895,86.48036253776435,7.474747474747474,8.97362385321101
I3302,고무,2005,4565.0,1991.0,1759.0,388.0,2144.0,71.0,2421.0,1366.0,1055.0,580.0,398.0,0.0,413.0,47.0,113.0,63.7,49.2,64.9,1391.0,580.0,12.705366922234393,41.69662113587347,30.470974808324208,128.7701317715959,5.104241552839683,20.099973691133922
I3302,고무,2006,4887.0,1995.0,1587.0,450.0,2129.0,82.0,2757.0,1661.0,1096.0,537.0,440.0,0.0,402.0,43.6,129.5,78.0,51.5,64.8,1379.0,537.0,10.988336402701043,38.941261783901375,28.217720482913855,95.54485249849488,5.946337926033358,7.053669222343917
I3302,고무,2007,5111.0,2008.0,1728.0,458.0,2202.0,104.0,2909.0,1674.0,1235.0,541.0,749.0,0.0,209.0,43.1,132.1,76.0,56.1,68.0,1499.0,541.0,10.585012717667777,36.09072715143429,29.328898454314224,103.2258064516129,6.937958639092728,4.58358911397585
I3302,고무,2008,6143.0,2258.0,2291.0,686.0,2308.0,127.0,3835.0,2698.0,1137.0,899.0,717.0,57.0,125.0,37.6,166.1,116.9,49.2,77.9,1798.0,956.0,15.562428780726028,53.17018909899889,29.269086765424056,84.91475166790215,7.063403781979978,20.191743298767364
I3302,고무,2009,5907.0,2284.0,2266.0,510.0,1829.0,168.0,4078.0,3469.0,609.0,1263.0,290.0,50.0,6.0,31.0,223.0,189.7,33.3,87.9,1609.0,1313.0,22.227865244625022,81.60348042262274,27.238869138310477,65.32141827616029,10.441267868241145,-3.8417711216018224
I3302,고무,2010,6543.0,2402.0,2595.0,646.0,2507.0,146.0,4036.0,2520.0,1515.0,891.0,1035.0,30.0,140.0,38.3,161.0,100.5,60.4,83.6,2096.0,921.0,14.076111875286564,43.94083969465649,32.03423506036986,102.97619047619047,6.965648854961833,10.766886744540383
I3302,고무,2011,8322.0,2784.0,3617.0,808.0,2900.0,161.0,5422.0,3509.0,1913.0,1582.0,1187.0,0.0,261.0,34.8,187.0,121.0,66.0,104.5,3030.0,1582.0,19.00985340062485,52.21122112211221,36.40951694304253,103.0777999430037,5.313531353135314,27.189362677670804
I3302,고무,2012,13140.0,4463.0,5531.0,1225.0,6326.0,184.0,6814.0,4444.0,2370.0,2262.0,1422.0,0.0,405.0,48.1,107.7,70.3,37.5,64.6,4089.0,2262.0,17.21461187214612,55.319148936170215,31.118721461187214,124.45994599459947,4.499877720714111,57.89473684210527
I3302,고무,2013,13859.0,4758.0,5829.0,1120.0,7218.0,179.0,6641.0,5123.0,1518.0,2021.0,667.0,0.0,301.0,52.1,92.0,71.0,21.0,41.4,2989.0,2021.0,14.582581715852513,67.61458681833389,21.567212641604733,113.78098770251806,5.988624958179993,5.4718417047184165
I3302,고무,2014,14897.0,5154.0,5969.0,1019.0,8043.0,158.0,6853.0,4319.0,2534.0,1963.0,1456.0,0.0,411.0,54.0,85.2,53.7,31.5,47.6,3830.0,1963.0,13.177149761696985,51.253263707571804,25.709874471370075,138.2032877981014,4.12532637075718,7.489717872862389
I3302,고무,2015,15943.0,5406.0,5145.0,975.0,8625.0,122.0,7318.0,4685.0,2633.0,2001.0,949.0,0.0,920.0,54.1,84.8,54.3,30.5,44.9,3870.0,2001.0,12.550962804992787,51.70542635658914,24.27397603964122,109.81856990394878,3.1524547803617566,7.021547962677044
I3302,고무,2016,16447.0,5493.0,5527.0,944.0,9390.0,124.0,7057.0,4619.0,2439.0,1675.0,779.0,0.0,851.0,57.1,75.2,49.2,26.0,35.2,3305.0,1675.0,10.184228126710037,50.68078668683812,20.09485012464279,119.65793461788266,3.7518910741301057,3.161261995860243
I3302,고무,2017,16737.0,5581.0,5624.0,1024.0,9893.0,128.0,6845.0,4965.0,1880.0,1747.0,648.0,0.0,409.0,59.1,69.2,50.2,19.0,28.3,2804.0,1747.0,10.437951843221605,62.30385164051355,16.753301069486763,113.27291037260825,4.56490727532097,1.763239496564717
I3302,고무,2018,17127.0,5464.0,5879.0,1048.0,10302.0,137.0,6825.0,3906.0,2919.0,1583.0,1266.0,0.0,654.0,60.1,66.3,37.9,28.3,34.0,3503.0,1583.0,9.242716179132364,45.18983728232943,20.453085771004847,150.51203277009728,3.9109334855837856,2.330166696540603
I3302,고무,2019,17197.0,5453.0,5533.0,1076.0,10765.0,131.0,6431.0,3658.0,2774.0,1263.0,1294.0,12.0,462.0,62.6,59.7,34.0,25.8,28.2,3031.0,1275.0,7.414083851834623,42.06532497525569,17.625167180322148,151.25751776927282,4.322005938634114,0.4087113913703533
I3302,고무,2020,17432.0,5377.0,5912.0,1071.0,10429.0,111.0,7003.0,3620.0,3383.0,1364.0,1211.0,13.0,999.0,59.8,67.2,34.7,32.4,34.4,3587.0,1377.0,7.899265718219367,38.388625592417064,20.5770995869665,163.31491712707182,3.094507945358238,1.3665174158283389
I3302,고무,2021,17783.0,5350.0,6112.0,1227.0,10431.0,106.0,7352.0,4147.0,3205.0,1702.0,1189.0,0.0,1064.0,58.7,70.5,39.8,30.7,37.9,3955.0,1702.0,9.570938536804814,43.03413400758534,22.240341899567,147.3836508319267,2.680151706700379,2.0135383203304213
I3302,고무,2022,18746.0,5301.0,6685.0,1586.0,10721.0,157.0,8025.0,6227.0,1798.0,2317.0,616.0,0.0,300.0,57.2,74.9,58.1,16.8,30.2,3233.0,2317.0,12.359970126960418,71.66718218373028,17.246345887122587,107.35506664525454,4.856170739251469,5.415284260248554
I3302,고무,2023,19336.0,5390.0,6917.0,1448.0,11838.0,230.0,7498.0,5155.0,2343.0,1977.0,996.0,0.0,388.0,61.2,63.3,43.5,19.8,28.4,3361.0,1977.0,10.224451799751758,58.82177923237132,17.3820852296235,134.180407371484,6.8432014281463855,3.1473380987944166
I3302,고무,2024,21985.0,5527.0,7731.0,1548.0,12842.0,212.0,9143.0,6686.0,2457.0,2511.0,845.0,50.0,439.0,58.4,71.2,52.1,19.1,29.9,3845.0,2561.0,11.648851489652037,66.60598179453837,17.48919717989538,115.62967394555787,5.513654096228868,13.699834505585429
I3302,고무,2025,22838.0,5564.0,8027.0,1483.0,14128.0,194.0,8709.0,5718.0,2991.0,2051.0,649.0,0.0,1115.0,61.9,61.6,40.5,21.2,27.0,3815.0,2051.0,8.980646291268938,53.76146788990825,16.704615115158948,140.38125218607905,5.08519003931848,3.8799181259949966
I3303,플라스틱,1994,1368.0,653.0,594.0,142.0,396.0,47.0,973.0,603.0,369.0,191.0,178.0,0.0,64.0,28.9,245.8,152.5,93.4,109.5,433.0,191.0,13.961988304093568,44.1108545034642,31.65204678362573,98.50746268656717,10.854503464203233,
I3303,플라스틱,1995,1683.0,793.0,736.0,188.0,521.0,65.0,1162.0,726.0,436.0,231.0,220.0,0.0,66.0,31.0,223.1,139.4,83.7,99.2,517.0,231.0,13.725490196078432,44.680851063829785,30.718954248366014,101.37741046831957,12.572533849129593,23.026315789473696
I3303,플라스틱,1996,1878.0,877.0,777.0,218.0,585.0,69.0,1294.0,800.0,494.0,228.0,274.0,0.0,64.0,31.1,221.3,136.8,84.5,96.8,566.0,228.0,12.140575079872203,40.282685512367486,30.138445154419596,97.125,12.190812720848058,11.586452762923361
I3303,플라스틱,1997,2450.0,982.0,1072.0,297.0,822.0,98.0,1628.0,1003.0,624.0,304.0,389.0,0.0,57.0,33.6,198.1,122.1,75.9,91.3,750.0,304.0,12.408163265306122,40.53333333333333,30.612244897959183,106.87936191425722,13.066666666666665,30.45793397231098
I3303,플라스틱,1998,2596.0,1059.0,1129.0,274.0,1054.0,130.0,1542.0,947.0,594.0,309.0,360.0,0.0,69.0,40.6,146.3,89.8,56.3,70.1,738.0,309.0,11.902927580893682,41.86991869918699,28.42835130970724,119.21858500527982,17.615176151761517,5.959183673469393
I3303,플라스틱,1999,3928.0,1741.0,1613.0,352.0,1796.0,91.0,2132.0,1241.0,890.0,347.0,649.0,0.0,62.0,45.7,118.7,69.1,49.6,58.9,1058.0,347.0,8.834012219959266,32.79773156899811,26.934826883910386,129.97582594681708,8.601134215500945,51.309707241910644
I3303,플라스틱,2000,4288.0,1958.0,1884.0,459.0,1911.0,111.0,2377.0,1625.0,752.0,567.0,601.0,0.0,10.0,44.6,124.4,85.0,39.4,61.6,1178.0,567.0,13.222947761194028,48.13242784380306,27.472014925373134,115.93846153846155,9.422750424448218,9.164969450101834
I3303,플라스틱,2001,4542.0,2054.0,1951.0,432.0,2137.0,104.0,2405.0,1497.0,908.0,545.0,603.0,0.0,110.0,47.0,112.6,70.1,42.5,58.9,1258.0,545.0,11.999119330691325,43.32273449920509,27.69704975781594,130.32732130928522,8.267090620031796,5.9235074626865725
I3303,플라스틱,2002,5116.0,2258.0,2394.0,455.0,2392.0,89.0,2725.0,1853.0,872.0,661.0,551.0,0.0,121.0,46.7,113.9,77.5,36.5,55.7,1333.0,661.0,12.920250195465208,49.587396849212304,26.055512118842845,129.19589854290342,6.676669167291823,12.6376045794804
I3303,플라스틱,2003,5695.0,2506.0,2548.0,523.0,2753.0,85.0,2942.0,2089.0,853.0,748.0,631.0,0.0,32.0,48.3,106.9,75.9,31.0,51.3,1411.0,748.0,13.134328358208954,53.01204819277109,24.776119402985074,121.97223551938727,6.024096385542169,11.317435496481632
I3303,플라스틱,2004,6352.0,2747.0,2892.0,639.0,3124.0,91.0,3228.0,2287.0,941.0,862.0,681.0,0.0,65.0,49.2,103.3,73.2,30.1,51.5,1608.0,862.0,13.570528967254408,53.60696517412935,25.31486146095718,126.45386969829471,5.659203980099503,11.536435469710282
I3303,플라스틱,2005,7451.0,3242.0,3368.0,758.0,3592.0,105.0,3859.0,2843.0,1016.0,1058.0,750.0,0.0,53.0,48.2,107.4,79.1,28.3,51.8,1861.0,1058.0,14.199436317272848,56.851155292853306,24.976513219702053,118.46640872317975,5.6421278882321335,17.30163727959697
I3303,플라스틱,2006,8281.0,3602.0,3727.0,839.0,3942.0,129.0,4339.0,3140.0,1198.0,1259.0,927.0,0.0,26.0,47.6,110.1,79.7,30.4,56.1,2212.0,1259.0,15.20347784084048,56.91681735985533,26.71174978867287,118.69426751592356,5.831826401446655,11.139444369883233
I3303,플라스틱,2007,9600.0,3920.0,4520.0,1073.0,4657.0,158.0,4942.0,3567.0,1375.0,1400.0,1055.0,4.0,46.0,48.5,106.1,76.6,29.5,53.8,2505.0,1404.0,14.625,56.04790419161677,26.09375,126.71712924025793,6.307385229540918,15.92802801594011
I3303,플라스틱,2008,11504.0,4626.0,5205.0,1290.0,5398.0,209.0,6105.0,4457.0,1648.0,1834.0,1232.0,1.0,87.0,46.9,113.1,82.6,30.5,58.4,3154.0,1835.0,15.950973574408902,58.180088776157255,27.41655076495132,116.78258918555082,6.626506024096386,19.833333333333325
I3303,플라스틱,2009,13946.0,5371.0,6461.0,1370.0,6956.0,226.0,6990.0,5093.0,1898.0,1975.0,1153.0,0.0,387.0,49.9,100.5,73.2,27.3,50.5,3515.0,1975.0,14.161766814857307,56.1877667140825,25.204359673024523,126.86039662281563,6.429587482219061,21.22739916550764
I3303,플라스틱,2010,16077.0,6198.0,7550.0,1698.0,8037.0,245.0,8040.0,6016.0,2025.0,2418.0,1244.0,1.0,377.0,50.0,100.0,74.8,25.2,50.3,4040.0,2419.0,15.046339491198607,59.87623762376237,25.1290663681035,125.49867021276594,6.064356435643564,15.280367130359963
I3303,플라스틱,2011,18737.0,7271.0,8632.0,1951.0,9220.0,296.0,9517.0,7043.0,2474.0,2834.0,1363.0,9.0,545.0,49.2,103.2,76.4,26.8,51.5,4751.0,2843.0,15.173186742808348,59.84003367712061,25.356246997918557,122.56140849069999,6.230267312144812,16.545375380979046
I3303,플라스틱,2012,20063.0,8160.0,8823.0,2041.0,10109.0,320.0,9954.0,7283.0,2672.0,2870.0,1581.0,3.0,499.0,50.4,98.5,72.0,26.4,49.0,4953.0,2873.0,14.319892339131734,58.00524934383202,24.687235209091362,121.14513250034327,6.460730870179689,7.076906655281001
I3303,플라스틱,2013,22374.0,9149.0,9648.0,2188.0,11201.0,277.0,11173.0,7934.0,3239.0,3178.0,2039.0,0.0,574.0,50.1,99.8,70.8,28.9,51.7,5791.0,3178.0,14.203986770358451,54.8782593679848,25.882721015464377,121.6032266196118,4.783284406838197,11.518716044459953
I3303,플라스틱,2014,24638.0,10229.0,10099.0,2268.0,12580.0,290.0,12058.0,8093.0,3965.0,3382.0,2512.0,10.0,702.0,51.1,95.9,64.3,31.5,52.5,6606.0,3392.0,13.767351246042697,51.34726006660612,26.812241253348486,124.78685283578402,4.389948531637905,10.118887994994186
I3303,플라스틱,2015,26870.0,11108.0,11000.0,2232.0,13661.0,266.0,13210.0,8454.0,4756.0,3623.0,3177.0,0.0,777.0,50.8,96.7,61.9,34.8,55.5,7577.0,3623.0,13.483438779307777,47.81575821565263,28.19873464830666,130.1159214572983,3.51062425762175,9.059176881240361
I3303,플라스틱,2016,28803.0,12126.0,11559.0,2363.0,15045.0,275.0,13758.0,9133.0,4626.0,3188.0,3212.0,0.0,588.0,52.2,91.4,60.7,30.7,46.4,6988.0,3188.0,11.068291497413464,45.621064682312536,24.261361663715586,126.5630132486587,3.9353176874642246,7.193896538890954
I3303,플라스틱,2017,31067.0,13267.0,12299.0,2627.0,16166.0,278.0,14901.0,9713.0,5189.0,3640.0,3479.0,0.0,802.0,52.0,92.2,60.1,32.1,49.0,7921.0,3640.0,11.716612482698684,45.95379371291504,25.496507548202274,126.62411201482549,3.5096578714808735,7.86029233065999
I3303,플라스틱,2018,32495.0,14040.0,12568.0,2803.0,16860.0,312.0,15636.0,10128.0,5508.0,3833.0,3315.0,0.0,1164.0,51.9,92.7,60.1,32.7,49.3,8312.0,3833.0,11.795660870903216,46.11405197305101,25.579319895368517,124.09162717219589,3.753609239653513,4.596517204751027
I3303,플라스틱,2019,34078.0,15146.0,13076.0,2998.0,17805.0,332.0,16273.0,10212.0,6061.0,3744.0,3806.0,0.0,1102.0,52.2,91.4,57.4,34.0,48.6,8652.0,3744.0,10.986560244145783,43.27323162274618,25.3888138975292,128.04543674108893,3.837263060564031,4.871518695183874
I3303,플라스틱,2020,49896.0,25185.0,18865.0,4396.0,19330.0,589.0,30566.0,19471.0,11095.0,9627.0,9146.0,0.0,788.0,38.7,158.1,100.7,57.4,101.2,19561.0,9627.0,19.294131794131793,49.2152752926742,39.203543370210035,96.88767911252633,3.011093502377179,46.41704325371207
I3303,플라스틱,2021,38105.0,16446.0,15240.0,3623.0,20051.0,295.0,18054.0,12134.0,5921.0,4237.0,3806.0,16.0,848.0,52.6,90.0,60.5,29.5,44.4,8907.0,4253.0,11.161264925862747,47.74896149096217,23.37488518567117,125.59749464315149,3.312001796339957,-23.631152797819468
I3303,플라스틱,2022,40854.0,18116.0,15680.0,4124.0,21960.0,396.0,18894.0,12656.0,6237.0,4992.0,4013.0,1.0,953.0,53.8,86.0,57.6,28.4,45.4,9959.0,4993.0,12.221569491359476,50.13555577869264,24.377049982865813,123.8938053097345,3.976302841650768,7.214276341687453
I3303,플라스틱,2023,42883.0,18879.0,16245.0,4009.0,23466.0,575.0,19417.0,14135.0,5282.0,5815.0,3552.0,0.0,595.0,54.7,82.7,60.2,22.5,42.5,9962.0,5815.0,13.560152041601567,58.37181288897811,23.230650840659468,114.92748496639547,5.7719333467175264,4.96646595192638
I3303,플라스틱,2024,44051.0,18563.0,17109.0,4052.0,24553.0,568.0,19498.0,13819.0,5679.0,5825.0,3699.0,0.0,840.0,55.7,79.4,56.3,23.1,42.2,10364.0,5825.0,13.223309345985335,56.204168274797375,23.52727520374112,123.8078008538968,5.480509455808568,2.723690040342319
I3303,플라스틱,2025,45285.0,19167.0,17190.0,3996.0,25685.0,510.0,19600.0,14295.0,5305.0,5983.0,3531.0,0.0,625.0,56.7,76.3,55.7,20.7,39.5,10139.0,5983.0,13.211880313569615,59.00976427655588,22.38931213426079,120.25183630640083,5.03008186211658,2.801298494926341
I3304,유리,1994,583.0,296.0,220.0,68.0,153.0,24.0,430.0,237.0,192.0,75.0,119.0,0.0,28.0,26.3,280.5,154.9,125.6,144.2,222.0,75.0,12.864493996569468,33.78378378378378,38.078902229845625,92.82700421940928,10.81081081081081,
I3304,유리,1995,756.0,413.0,253.0,81.0,218.0,30.0,538.0,277.0,262.0,106.0,156.0,0.0,50.0,28.8,246.9,126.9,120.0,142.7,312.0,106.0,14.02116402116402,33.97435897435898,41.269841269841265,91.33574007220217,9.615384615384617,29.674099485420236
I3304,유리,1996,1005.0,544.0,334.0,136.0,238.0,37.0,768.0,381.0,387.0,137.0,255.0,0.0,53.0,23.6,323.1,160.3,162.7,187.6,445.0,137.0,13.631840796019901,30.786516853932582,44.27860696517413,87.66404199475065,8.314606741573034,32.93650793650793
I3304,유리,1997,1307.0,659.0,396.0,162.0,215.0,69.0,1092.0,569.0,524.0,214.0,354.0,0.0,84.0,16.4,508.9,265.0,244.0,303.8,652.0,214.0,16.373374139250192,32.82208588957055,49.885233358837034,69.59578207381371,10.582822085889571,30.04975124378109
I3304,유리,1998,1283.0,765.0,373.0,137.0,438.0,113.0,846.0,471.0,375.0,136.0,177.0,0.0,108.0,34.1,193.3,107.6,85.7,96.3,421.0,136.0,10.600155884645362,32.304038004750595,32.813717848791896,79.19320594479831,26.840855106888363,-1.8362662586074996
I3304,유리,1999,1340.0,708.0,497.0,120.0,608.0,62.0,732.0,471.0,261.0,123.0,116.0,0.0,58.0,45.4,120.5,77.5,43.0,48.9,297.0,123.0,9.17910447761194,41.41414141414141,22.164179104477615,105.52016985138005,20.875420875420875,4.4427123928292955
I3304,유리,2000,1818.0,932.0,803.0,154.0,1019.0,41.0,799.0,573.0,226.0,141.0,126.0,0.0,34.0,56.1,78.4,56.2,22.2,29.5,301.0,141.0,7.755775577557755,46.84385382059801,16.556655665566556,140.1396160558464,13.621262458471762,35.671641791044784
I3304,유리,2001,2099.0,1144.0,857.0,218.0,1319.0,21.0,780.0,579.0,201.0,122.0,112.0,0.0,3.0,62.8,59.1,43.9,15.3,18.0,237.0,122.0,5.812291567413054,51.47679324894515,11.291090995712244,148.01381692573403,8.860759493670885,15.456545654565446
I3304,유리,2002,2523.0,1284.0,1096.0,210.0,1501.0,17.0,1022.0,742.0,281.0,120.0,155.0,0.0,52.0,59.5,68.1,49.4,18.7,21.8,327.0,120.0,4.756242568370987,36.69724770642202,12.960760998810938,147.7088948787062,5.198776758409786,20.20009528346831
I3304,유리,2003,3125.0,1649.0,1278.0,283.0,1966.0,20.0,1159.0,902.0,257.0,143.0,134.0,0.0,72.0,62.9,58.9,45.9,13.1,17.7,349.0,143.0,4.5760000000000005,40.97421203438395,11.168,141.68514412416852,5.730659025787966,23.860483551327793
I3304,유리,2004,4042.0,2353.0,1456.0,289.0,2576.0,20.0,1466.0,1145.0,321.0,181.0,111.0,0.0,154.0,63.7,56.9,44.4,12.5,17.3,446.0,181.0,4.477981197427016,40.582959641255606,11.034141514101929,127.16157205240175,4.484304932735426,29.343999999999994
I3304,유리,2005,4622.0,2740.0,1594.0,323.0,3093.0,21.0,1529.0,1300.0,229.0,227.0,124.0,0.0,40.0,66.9,49.4,42.0,7.4,12.7,391.0,227.0,4.91129381220251,58.05626598465473,8.45954132410212,122.61538461538461,5.3708439897698215,14.349332013854532
I3304,유리,2006,5546.0,3444.0,1809.0,282.0,3906.0,22.0,1640.0,1239.0,401.0,254.0,320.0,0.0,16.0,70.4,42.0,31.7,10.3,15.1,590.0,254.0,4.579877389109268,43.050847457627114,10.638297872340425,146.0048426150121,3.728813559322034,19.991345737775855
I3304,유리,2007,7427.0,4417.0,2569.0,333.0,4769.0,31.0,2658.0,1902.0,756.0,349.0,632.0,5.0,6.0,64.2,55.7,39.9,15.9,20.8,992.0,354.0,4.766392890803823,35.685483870967744,13.356671603608456,135.068349106204,3.125,33.916336098088706
I3304,유리,2008,9122.0,5233.0,3433.0,573.0,5993.0,37.0,3129.0,2098.0,1031.0,377.0,894.0,0.0,0.0,65.7,52.2,35.0,17.2,21.2,1271.0,377.0,4.1328655996492,29.661683713611332,13.933347950010964,163.63203050524308,2.911093627065303,22.822135451730176
I3304,유리,2009,11323.0,5434.0,5171.0,430.0,7753.0,44.0,3569.0,2237.0,1332.0,243.0,1175.0,0.0,0.0,68.5,46.0,28.9,17.2,18.3,1418.0,243.0,2.1460743619182194,17.136812411847675,12.523182902057759,231.15780062583818,3.1029619181946404,24.128480596360458
I3304,유리,2010,12124.0,5802.0,5603.0,594.0,7973.0,46.0,4152.0,2518.0,1634.0,263.0,1452.0,0.0,3.0,65.8,52.1,31.6,20.5,21.6,1718.0,263.0,2.1692510722533815,15.30849825378347,14.170240844605742,222.51787132644955,2.6775320139697323,7.074096970767463
I3304,유리,2011,14505.0,6869.0,6359.0,751.0,10255.0,59.0,4250.0,2618.0,1632.0,454.0,1291.0,0.0,4.0,70.7,41.4,25.5,15.9,17.1,1749.0,454.0,3.1299551878662535,25.957690108633503,12.057911065149948,242.8953399541635,3.3733562035448825,19.63873309138897
I3304,유리,2012,13783.0,6871.0,5991.0,712.0,10187.0,58.0,3597.0,2271.0,1326.0,495.0,1028.0,4.0,10.0,73.9,35.3,22.3,13.0,15.1,1537.0,499.0,3.620401944424291,32.4658425504229,11.151418413988248,263.80449141347424,3.7735849056603774,-4.977593933126512
I3304,유리,2013,13905.0,6810.0,6178.0,663.0,10621.0,58.0,3285.0,2097.0,1187.0,535.0,964.0,4.0,7.0,76.4,30.9,19.7,11.2,14.2,1510.0,539.0,3.8763034879539733,35.6953642384106,10.859403092412801,294.61134954697184,3.8410596026490067,0.8851483711818986
I3304,유리,2014,11232.0,6818.0,3551.0,686.0,5979.0,214.0,5253.0,2319.0,2934.0,603.0,2632.0,4.0,9.0,53.2,87.9,38.8,49.1,54.3,3248.0,607.0,5.404202279202279,18.688423645320196,28.917378917378915,153.12634756360498,6.588669950738916,-19.22330097087379
I3304,유리,2015,11031.0,6664.0,2975.0,692.0,5535.0,222.0,5495.0,2190.0,3305.0,500.0,2573.0,0.0,60.0,50.2,99.3,39.6,59.7,56.6,3133.0,500.0,4.532680627322999,15.959144589849982,28.401776810805913,135.84474885844747,7.085860197893393,-1.7895299145299193
I3304,유리,2016,11427.0,6438.0,3255.0,626.0,5857.0,213.0,5570.0,2173.0,3397.0,522.0,2443.0,0.0,9.0,51.3,95.1,37.1,58.0,50.8,2974.0,522.0,4.5681281176161725,17.552118359112306,26.02607858580555,149.79291302346985,7.162071284465367,3.5898830568398044
I3304,유리,2017,11299.0,6435.0,3173.0,638.0,6224.0,207.0,5075.0,2527.0,2548.0,471.0,1689.0,0.0,18.0,55.1,81.5,40.6,40.9,35.0,2178.0,471.0,4.168510487653775,21.62534435261708,19.276042127621913,125.5639097744361,9.50413223140496,-1.1201540211779104
I3304,유리,2018,11486.0,6431.0,3246.0,737.0,6752.0,207.0,4734.0,2180.0,2555.0,514.0,1472.0,0.0,29.0,58.8,70.1,32.3,37.8,29.8,2015.0,514.0,4.475013059376633,25.508684863523573,17.543095942886993,148.89908256880736,10.272952853598015,1.6550137180281421
I3304,유리,2019,11746.0,6445.0,3381.0,842.0,7033.0,43.0,4714.0,2152.0,2561.0,507.0,1517.0,0.0,13.0,59.9,67.0,30.6,36.4,29.0,2037.0,507.0,4.316363017197344,24.889543446244478,17.34207389749702,157.1096654275093,2.110947471772214,2.2636252829531633
I3304,유리,2020,12975.0,6871.0,4182.0,903.0,7761.0,36.0,5214.0,2442.0,2772.0,631.0,1927.0,0.0,108.0,59.8,67.2,31.5,35.7,34.3,2666.0,631.0,4.863198458574181,23.668417104276067,20.547206165703276,171.25307125307125,1.350337584396099,10.463136386855098
I3304,유리,2021,12362.0,6828.0,3661.0,869.0,7112.0,33.0,5250.0,2504.0,2746.0,663.0,2074.0,50.0,22.0,57.5,73.8,35.2,38.6,39.5,2809.0,713.0,5.767675133473548,25.382698469206122,22.72286037857952,146.20607028753994,1.1747953008187968,-4.724470134874759
I3304,유리,2022,12916.0,6847.0,3996.0,1189.0,7353.0,43.0,5563.0,2605.0,2958.0,840.0,2031.0,80.0,271.0,56.9,75.7,35.4,40.2,43.8,3222.0,920.0,7.1229482812016105,28.55369335816263,24.94580365438216,153.39731285988483,1.3345747982619491,4.481475489403008
I3304,유리,2023,12490.0,6578.0,3944.0,1352.0,6830.0,70.0,5660.0,4087.0,1573.0,2253.0,626.0,0.0,241.0,54.7,82.9,59.8,23.0,45.7,3120.0,2253.0,18.038430744595676,72.21153846153847,24.97998398718975,96.50110105211647,2.2435897435897436,-3.298234747599871
I3304,유리,2024,12879.0,6515.0,4170.0,1371.0,6175.0,75.0,6704.0,5299.0,1405.0,3080.0,658.0,0.0,247.0,47.9,108.6,85.8,22.8,64.5,3985.0,3080.0,23.91490022517276,77.28983688833124,30.941843310816058,78.69409322513683,1.8820577164366372,3.1144915932746153
I3304,유리,2025,13340.0,6670.0,4164.0,1378.0,6653.0,75.0,6687.0,4959.0,1728.0,2918.0,724.0,19.0,477.0,49.9,100.5,74.5,26.0,62.2,4138.0,2937.0,22.01649175412294,70.9763170613823,31.01949025487256,83.96854204476709,1.8124697921701305,3.579470455780731
I3305,세라믹,1994,567.0,281.0,205.0,80.0,190.0,21.0,376.0,236.0,140.0,112.0,73.0,0.0,13.0,33.6,197.7,124.1,73.6,103.9,198.0,112.0,19.753086419753085,56.56565656565656,34.92063492063492,86.86440677966102,10.606060606060606,
I3305,세라믹,1995,641.0,307.0,246.0,110.0,202.0,26.0,439.0,278.0,160.0,147.0,83.0,0.0,19.0,31.5,217.4,137.9,79.5,123.3,249.0,147.0,22.932917316692667,59.036144578313255,38.84555382215289,88.48920863309353,10.441767068273093,13.051146384479729
I3305,세라믹,1996,733.0,340.0,284.0,115.0,217.0,31.0,516.0,335.0,181.0,197.0,106.0,0.0,11.0,29.6,237.9,154.6,83.4,144.5,314.0,197.0,26.875852660300136,62.738853503184714,42.83765347885403,84.77611940298507,9.872611464968154,14.35257410296411
I3305,세라믹,1997,809.0,357.0,328.0,136.0,209.0,43.0,600.0,370.0,229.0,203.0,143.0,0.0,15.0,25.8,287.4,177.4,109.9,172.9,361.0,203.0,25.092707045735473,56.232686980609415,44.6229913473424,88.64864864864866,11.911357340720222,10.368349249658927
I3305,세라믹,1998,726.0,351.0,258.0,116.0,283.0,54.0,444.0,274.0,169.0,132.0,107.0,0.0,6.0,38.9,157.0,97.0,59.8,86.8,245.0,132.0,18.181818181818183,53.87755102040816,33.7465564738292,94.16058394160584,22.040816326530614,-10.259579728059332
I3305,세라믹,1999,812.0,412.0,259.0,106.0,393.0,27.0,419.0,296.0,123.0,153.0,68.0,0.0,0.0,48.4,106.5,75.2,31.4,56.2,221.0,153.0,18.842364532019705,69.23076923076923,27.216748768472904,87.5,12.217194570135746,11.845730027548207
I3305,세라믹,2000,948.0,534.0,302.0,122.0,468.0,25.0,480.0,377.0,103.0,204.0,58.0,0.0,0.0,49.4,102.5,80.4,22.1,55.8,262.0,204.0,21.518987341772153,77.86259541984732,27.637130801687764,80.10610079575596,9.541984732824428,16.748768472906406
I3305,세라믹,2001,925.0,502.0,306.0,122.0,463.0,23.0,462.0,339.0,123.0,177.0,81.0,0.0,0.0,50.0,99.8,73.2,26.7,55.6,258.0,177.0,19.135135135135133,68.6046511627907,27.89189189189189,90.2654867256637,8.914728682170542,-2.4261603375527407
I3305,세라믹,2002,964.0,486.0,359.0,142.0,515.0,16.0,448.0,342.0,106.0,154.0,64.0,0.0,0.0,53.5,87.0,66.4,20.6,42.3,218.0,154.0,15.975103734439832,70.64220183486239,22.61410788381743,104.97076023391814,7.339449541284404,4.216216216216218
I3305,세라믹,2003,1029.0,491.0,389.0,157.0,601.0,14.0,428.0,297.0,131.0,131.0,86.0,0.0,0.0,58.4,71.3,49.4,21.8,36.2,217.0,131.0,12.730806608357629,60.36866359447005,21.08843537414966,130.97643097643098,6.451612903225806,6.7427385892116165
I3305,세라믹,2004,1144.0,483.0,483.0,195.0,692.0,15.0,451.0,316.0,136.0,141.0,89.0,0.0,5.0,60.5,65.2,45.6,19.6,34.1,235.0,141.0,12.325174825174825,60.0,20.54195804195804,152.84810126582278,6.382978723404255,11.175898931000972
I3305,세라믹,2005,1237.0,501.0,507.0,207.0,750.0,15.0,486.0,360.0,126.0,182.0,65.0,0.0,4.0,60.7,64.8,48.0,16.8,33.5,251.0,182.0,14.713015359741311,72.50996015936255,20.29102667744543,140.83333333333334,5.9760956175298805,8.129370629370625
I3305,세라믹,2006,1375.0,487.0,545.0,214.0,846.0,16.0,529.0,359.0,170.0,176.0,86.0,0.0,4.0,61.5,62.6,42.5,20.1,31.5,266.0,176.0,12.8,66.16541353383458,19.345454545454547,151.81058495821728,6.015037593984962,11.156022635408247
I3305,세라믹,2007,1620.0,491.0,568.0,218.0,994.0,18.0,626.0,444.0,182.0,230.0,68.0,0.0,0.0,61.4,63.0,44.7,18.3,30.0,298.0,230.0,14.19753086419753,77.18120805369128,18.395061728395063,127.92792792792793,6.0402684563758395,17.81818181818182
I3305,세라믹,2008,1718.0,559.0,693.0,290.0,965.0,25.0,753.0,525.0,229.0,288.0,134.0,0.0,12.0,56.2,78.0,54.4,23.7,44.9,434.0,288.0,16.763678696158323,66.3594470046083,25.261932479627475,132.0,5.76036866359447,6.0493827160493785
I3305,세라믹,2009,2098.0,770.0,682.0,259.0,1240.0,28.0,858.0,565.0,292.0,295.0,116.0,0.0,30.0,59.1,69.2,45.6,23.6,35.7,441.0,295.0,14.061010486177311,66.89342403628117,21.02001906577693,120.70796460176992,6.349206349206349,22.118742724097796
I3305,세라믹,2010,2123.0,778.0,736.0,298.0,1277.0,28.0,847.0,591.0,255.0,315.0,117.0,0.0,4.0,60.1,66.3,46.3,20.0,34.1,436.0,315.0,14.837494112105512,72.24770642201835,20.536975977390483,124.5346869712352,6.422018348623854,1.1916110581506212
I3305,세라믹,2011,2284.0,865.0,794.0,343.0,1346.0,28.0,938.0,668.0,270.0,378.0,125.0,0.0,2.0,58.9,69.7,49.7,20.0,37.5,505.0,378.0,16.549912434325744,74.85148514851485,22.110332749562172,118.8622754491018,5.544554455445545,7.583608101742811
I3305,세라믹,2012,2389.0,868.0,905.0,367.0,1457.0,29.0,932.0,604.0,327.0,313.0,166.0,2.0,10.0,61.0,63.9,41.5,22.5,33.7,491.0,315.0,13.185433235663456,64.15478615071282,20.552532440351612,149.83443708609272,5.906313645621181,4.59719789842381
I3305,세라믹,2013,2425.0,915.0,908.0,350.0,1488.0,26.0,937.0,563.0,374.0,248.0,220.0,0.0,2.0,61.4,63.0,37.8,25.1,31.6,470.0,248.0,10.22680412371134,52.76595744680851,19.381443298969074,161.27886323268206,5.531914893617021,1.506906655504392
I3305,세라믹,2014,2484.0,948.0,861.0,371.0,1520.0,22.0,964.0,627.0,338.0,255.0,187.0,0.0,9.0,61.2,63.4,41.2,22.2,29.7,451.0,255.0,10.265700483091788,56.54101995565411,18.156199677938808,137.3205741626794,4.878048780487805,2.432989690721654
I3305,세라믹,2015,2452.0,971.0,938.0,365.0,1522.0,20.0,930.0,616.0,314.0,270.0,181.0,0.0,8.0,62.1,61.1,40.5,20.6,30.2,459.0,270.0,11.01141924959217,58.82352941176471,18.71941272430669,152.27272727272728,4.357298474945534,-1.2882447665056307
I3305,세라믹,2016,2586.0,969.0,996.0,380.0,1610.0,17.0,976.0,676.0,300.0,286.0,170.0,0.0,3.0,62.3,60.6,42.0,18.7,28.5,459.0,286.0,11.059551430781129,62.309368191721134,17.749419953596288,147.33727810650888,3.7037037037037033,5.464926590538344
I3305,세라믹,2017,2688.0,952.0,1071.0,422.0,1691.0,17.0,997.0,749.0,248.0,375.0,119.0,0.0,4.0,62.9,59.0,44.3,14.7,29.4,498.0,375.0,13.950892857142858,75.30120481927712,18.526785714285715,142.99065420560748,3.413654618473896,3.944315545243615
I3305,세라믹,2018,2771.0,962.0,1088.0,440.0,1728.0,18.0,1043.0,725.0,318.0,369.0,199.0,0.0,5.0,62.4,60.4,42.0,18.4,33.2,573.0,369.0,13.316492241068206,64.3979057591623,20.678455431252253,150.0689655172414,3.1413612565445024,3.0877976190476275
I3305,세라믹,2019,2895.0,1048.0,1081.0,473.0,1807.0,21.0,1088.0,726.0,362.0,376.0,239.0,0.0,2.0,62.4,60.2,40.2,20.0,34.2,617.0,376.0,12.98791018998273,60.94003241491086,21.3126079447323,148.89807162534436,3.403565640194489,4.474918801876582
I3305,세라믹,2020,3331.0,1136.0,1305.0,472.0,2003.0,22.0,1328.0,961.0,367.0,530.0,228.0,0.0,2.0,60.1,66.3,48.0,18.3,37.9,760.0,530.0,15.91113779645752,69.73684210526315,22.81597117982588,135.79604578563996,2.8947368421052633,15.060449050086365
I3305,세라믹,2021,3571.0,1124.0,1302.0,528.0,2159.0,21.0,1412.0,1102.0,310.0,603.0,108.0,0.0,62.0,60.5,65.4,51.0,14.4,35.8,773.0,603.0,16.886026323158777,78.00776196636481,21.646597591711007,118.14882032667877,2.716688227684347,7.205043530471333
I3305,세라믹,2022,3674.0,1168.0,1296.0,605.0,2067.0,34.0,1607.0,1105.0,502.0,657.0,330.0,0.0,53.0,56.3,77.8,53.5,24.3,50.4,1040.0,657.0,17.882416984213393,63.17307692307692,28.307022318998364,117.28506787330318,3.2692307692307696,2.8843461215345867
I3305,세라믹,2023,3837.0,1177.0,1277.0,548.0,2118.0,54.0,1719.0,1372.0,348.0,798.0,226.0,0.0,0.0,55.2,81.2,64.8,16.4,48.4,1024.0,798.0,20.79749804534793,77.9296875,26.687516288767267,93.07580174927114,5.2734375,4.436581382689164
I3305,세라믹,2024,3838.0,1192.0,1238.0,552.0,2080.0,63.0,1758.0,1385.0,373.0,921.0,225.0,0.0,16.0,54.2,84.5,66.6,17.9,55.9,1162.0,921.0,23.996873371547682,79.25989672977624,30.276185513288173,89.38628158844766,5.421686746987952,0.026062027625739503
I3305,세라믹,2025,3719.0,1266.0,1256.0,543.0,2074.0,54.0,1646.0,1363.0,283.0,852.0,114.0,0.0,20.0,55.8,79.4,65.7,13.6,47.5,986.0,852.0,22.909384243076094,86.40973630831643,26.51250336111858,92.14966984592809,5.476673427991886,-3.1005732152162624
I3306,시멘트,1994,6346.0,3458.0,1767.0,285.0,1845.0,204.0,4501.0,2377.0,2124.0,830.0,681.0,0.0,976.0,29.1,244.0,128.9,115.1,134.8,2487.0,830.0,13.07910494799874,33.37354242058706,39.1900409706902,74.33740008413967,8.202653799758746,
I3306,시멘트,1995,7685.0,4491.0,1938.0,319.0,2585.0,228.0,5100.0,2729.0,2371.0,1014.0,676.0,0.0,1217.0,33.6,197.3,105.6,91.7,112.4,2907.0,1014.0,13.194534808067665,34.88132094943241,37.82693558880937,71.01502381824845,7.8431372549019605,21.0999054522534
I3306,시멘트,1996,8449.0,4940.0,2106.0,344.0,2674.0,291.0,5775.0,3201.0,2574.0,1421.0,790.0,0.0,1285.0,31.6,216.0,119.7,96.2,130.7,3496.0,1421.0,16.818558409279206,40.64645308924485,41.37767783169606,65.79194001874414,8.323798627002288,9.94144437215354
I3306,시멘트,1997,10140.0,5594.0,2862.0,488.0,2702.0,475.0,7438.0,3911.0,3527.0,1756.0,1209.0,0.0,1809.0,26.6,275.3,144.7,130.5,176.7,4774.0,1756.0,17.317554240631164,36.78257226644324,47.08086785009862,73.1782152902071,9.949727691663176,20.01420286424429
I3306,시멘트,1998,12057.0,7389.0,2729.0,454.0,3101.0,822.0,8956.0,4775.0,4180.0,2477.0,1271.0,0.0,2530.0,25.7,288.8,154.0,134.8,202.4,6278.0,2477.0,20.544082275856347,39.455240522459384,52.06933731442316,57.15183246073299,13.093341828607837,18.905325443786978
I3306,시멘트,1999,13254.0,8030.0,2998.0,440.0,3830.0,1171.0,9424.0,5259.0,4166.0,2612.0,1209.0,0.0,2308.0,28.9,246.0,137.3,108.8,160.0,6129.0,2612.0,19.707258186207937,42.61706640561266,46.24264373019466,57.00703555809089,19.105890031000165,9.927842746951976
I3306,시멘트,2000,12826.0,6919.0,2892.0,431.0,3205.0,1079.0,9621.0,6010.0,3611.0,2663.0,1110.0,0.0,1695.0,25.0,300.1,187.5,112.7,170.6,5468.0,2663.0,20.7625136441603,48.701536210680324,42.632153438328395,48.1198003327787,19.73299195318215,-3.2292138222423383
I3306,시멘트,2001,11264.0,6589.0,2552.0,469.0,2729.0,924.0,8535.0,5066.0,3469.0,2130.0,1407.0,0.0,1144.0,24.2,312.7,185.6,127.1,171.5,4681.0,2130.0,18.909801136363637,45.503097628711814,41.55717329545455,50.3750493485985,19.739371929074984,-12.178387650085764
I3306,시멘트,2002,10262.0,5862.0,2537.0,374.0,3328.0,539.0,6934.0,4453.0,2481.0,1777.0,1035.0,0.0,598.0,32.4,208.4,133.8,74.6,102.5,3410.0,1777.0,17.316312609627754,52.111436950146626,33.22938998245956,56.97282730743319,15.806451612903224,-8.895596590909093
I3306,시멘트,2003,10337.0,5775.0,2543.0,349.0,4471.0,338.0,5866.0,3493.0,2373.0,1409.0,997.0,0.0,607.0,43.2,131.2,78.1,53.1,67.4,3013.0,1409.0,13.63064718970688,46.764022568868235,29.147721776143946,72.80274835385056,11.21805509459011,0.7308516858312242
I3306,시멘트,2004,10507.0,5828.0,2840.0,424.0,4889.0,263.0,5618.0,4270.0,1348.0,1359.0,596.0,0.0,338.0,46.5,114.9,87.3,27.6,46.9,2293.0,1359.0,12.93423431997716,59.26733536851286,21.823546207290377,66.51053864168618,11.469690361971217,1.6445777304827214
I3306,시멘트,2005,10359.0,5687.0,2555.0,460.0,5036.0,237.0,5323.0,3238.0,2085.0,1155.0,665.0,0.0,961.0,48.6,105.7,64.3,41.4,55.2,2781.0,1155.0,11.14972487691862,41.53182308522114,26.84622067767159,78.90673255095739,8.522114347357066,-1.408584753021791
I3306,시멘트,2006,10813.0,5647.0,3124.0,521.0,5169.0,234.0,5644.0,3665.0,1979.0,1114.0,529.0,0.0,930.0,47.8,109.2,70.9,38.3,49.8,2573.0,1114.0,10.302413761213353,43.295763699961135,23.79543142513641,85.2387448840382,9.094442285270112,4.382662419152439
I3306,시멘트,2007,11826.0,5693.0,3369.0,566.0,5802.0,235.0,6025.0,4214.0,1811.0,1333.0,382.0,198.0,750.0,49.1,103.8,72.6,31.2,45.9,2663.0,1531.0,12.946051073904954,57.491550882463386,22.518180280737358,79.94779307071666,8.824633871573413,9.368352908536014
I3306,시멘트,2008,13520.0,6427.0,3935.0,715.0,5695.0,331.0,7825.0,6022.0,1803.0,2566.0,607.0,414.0,438.0,42.1,137.4,105.8,31.7,70.7,4025.0,2980.0,22.041420118343193,74.03726708074534,29.770710059171595,65.34373962138824,8.22360248447205,14.324370032132583
I3306,시멘트,2009,14345.0,6634.0,4424.0,989.0,6013.0,420.0,8332.0,6131.0,2201.0,1940.0,915.0,1123.0,308.0,41.9,138.6,102.0,36.6,71.3,4286.0,3063.0,21.352387591495294,71.4652356509566,29.878006273963052,72.15788615234057,9.799346710219318,6.1020710059171535
I3306,시멘트,2010,15115.0,7329.0,4682.0,951.0,6160.0,417.0,8955.0,6058.0,2897.0,2101.0,1475.0,198.0,476.0,40.8,145.4,98.3,47.0,69.0,4250.0,2299.0,15.210056235527622,54.09411764705882,28.11776381078399,77.28623308022449,9.811764705882354,5.367723945625658
I3306,시멘트,2011,16236.0,7416.0,5618.0,1035.0,6657.0,458.0,9579.0,6811.0,2767.0,2491.0,1480.0,191.0,420.0,41.0,143.9,102.3,41.6,68.8,4582.0,2682.0,16.518847006651885,58.53339153208206,28.221236757822123,82.48421670826605,9.995635093845483,7.416473701620907
I3306,시멘트,2012,16184.0,7456.0,5614.0,1337.0,6932.0,448.0,9251.0,6823.0,2428.0,2440.0,1147.0,177.0,420.0,42.8,133.5,98.4,35.0,60.3,4184.0,2617.0,16.170291646070194,62.54780114722753,25.852694018783986,82.28052176461968,10.707456978967496,-0.32027593003203236
I3306,시멘트,2013,17111.0,7980.0,5844.0,1158.0,7140.0,394.0,9971.0,7068.0,2903.0,2489.0,1316.0,161.0,285.0,41.7,139.7,99.0,40.7,59.5,4251.0,2650.0,15.487113552685408,62.33827334744766,24.843667816024777,82.68251273344653,9.268407433545049,5.727879387048929
I3306,시멘트,2014,17380.0,8188.0,5727.0,1146.0,8871.0,281.0,8509.0,5741.0,2767.0,2091.0,1196.0,152.0,317.0,51.0,95.9,64.7,31.2,42.3,3756.0,2243.0,12.905638665132335,59.71778487752929,21.611047180667434,99.75614004528828,7.481363152289671,1.5720881304424061
I3306,시멘트,2015,19422.0,8623.0,7446.0,1578.0,10177.0,203.0,9245.0,6368.0,2877.0,2094.0,1454.0,157.0,188.0,52.4,90.8,62.6,28.3,38.3,3893.0,2251.0,11.58994954175677,57.82173131261238,20.0442796828339,116.928391959799,5.214487541741588,11.749136939010363
I3306,시멘트,2016,21042.0,8620.0,7904.0,1273.0,11759.0,179.0,9282.0,6428.0,2854.0,2359.0,1446.0,7.0,339.0,55.9,78.9,54.7,24.3,35.3,4151.0,2366.0,11.244178310046573,56.99831365935919,19.7272122421823,122.96204107031737,4.312213924355577,8.341056533827619
I3306,시멘트,2017,23072.0,9463.0,8717.0,1339.0,12883.0,184.0,10189.0,6537.0,3652.0,2188.0,1965.0,20.0,495.0,55.8,79.1,50.7,28.3,36.2,4668.0,2208.0,9.57004160887656,47.30077120822622,20.232316227461858,133.34863087042984,3.941730934018852,9.647371922821035
I3306,시멘트,2018,24219.0,9870.0,7936.0,1596.0,13591.0,226.0,10628.0,6385.0,4243.0,2053.0,2507.0,77.0,541.0,56.1,78.2,47.0,31.2,38.1,5178.0,2130.0,8.794747925182708,41.13557358053303,21.379908336430077,124.29130775254502,4.36461954422557,4.971393897364762
I3306,시멘트,2019,25146.0,10109.0,8339.0,1607.0,13677.0,232.0,11470.0,6517.0,4952.0,1956.0,2716.0,32.0,843.0,54.4,83.9,47.7,36.2,40.6,5547.0,1988.0,7.905829953074048,35.839192356228594,22.059174421379147,127.95764922510358,4.182440959076978,3.827573392790784
I3306,시멘트,2020,26451.0,10152.0,9154.0,2174.0,13947.0,243.0,12503.0,6968.0,5535.0,2127.0,3203.0,10.0,931.0,52.7,89.6,50.0,39.7,45.0,6271.0,2137.0,8.079089637442818,34.0774996013395,23.70798835582776,131.3719862227325,3.8749800669749637,5.18969219756622
I3306,시멘트,2021,27445.0,10758.0,9253.0,2752.0,14649.0,264.0,12796.0,8003.0,4793.0,2350.0,2350.0,0.0,1028.0,53.4,87.3,54.6,32.7,39.1,5728.0,2350.0,8.562579704864275,41.02653631284916,20.870832574239387,115.61914282144197,4.608938547486034,3.757891951154968
I3306,시멘트,2022,29192.0,11264.0,9934.0,2804.0,15648.0,296.0,13544.0,9124.0,4420.0,2882.0,2259.0,100.0,760.0,53.6,86.6,58.3,28.2,38.3,6001.0,2982.0,10.215127432173198,49.691718046992165,20.55700191833379,108.87768522577817,4.932511248125312,6.365458189105477
I3306,시멘트,2023,32654.0,12290.0,11112.0,2665.0,17722.0,459.0,14932.0,9927.0,5005.0,3207.0,2941.0,185.0,588.0,54.3,84.3,56.0,28.2,39.1,6921.0,3392.0,10.387701353586085,49.0102586331455,21.194953145097077,111.93714113025084,6.631989596879063,11.85941353795561
I3306,시멘트,2024,32902.0,13183.0,10242.0,2698.0,17733.0,517.0,15170.0,10440.0,4729.0,4320.0,2479.0,189.0,707.0,53.9,85.5,58.9,26.7,43.4,7695.0,4509.0,13.704334083034468,58.59649122807018,23.387636009968997,98.10344827586206,6.718648473034437,0.7594781650027471
I3306,시멘트,2025,33335.0,13078.0,9603.0,2578.0,18194.0,443.0,15141.0,10251.0,4890.0,4777.0,2947.0,193.0,428.0,54.6,83.2,56.3,26.9,45.9,8345.0,4970.0,14.909254537273137,59.556620730976626,25.03374831258437,93.67866549604916,5.3085680047932895,1.3160294207039014
I3307,기타비금속,1994,433.0,124.0,242.0,51.0,128.0,19.0,305.0,227.0,79.0,102.0,30.0,0.0,24.0,29.5,239.1,177.6,61.5,122.0,156.0,102.0,23.556581986143186,65.38461538461539,36.027713625866056,106.6079295154185,12.179487179487179,
I3307,기타비금속,1995,500.0,151.0,273.0,47.0,143.0,20.0,357.0,259.0,98.0,116.0,36.0,0.0,37.0,28.6,250.2,181.4,68.8,132.1,189.0,116.0,23.200000000000003,61.37566137566137,37.8,105.40540540540539,10.582010582010582,15.473441108545028
I3307,기타비금속,1996,600.0,209.0,298.0,58.0,165.0,23.0,435.0,317.0,118.0,166.0,53.0,0.0,38.0,27.4,264.4,192.5,71.9,156.6,257.0,166.0,27.666666666666668,64.59143968871595,42.833333333333336,94.00630914826499,8.949416342412452,19.999999999999996
I3307,기타비금속,1997,650.0,214.0,330.0,59.0,186.0,39.0,464.0,313.0,151.0,142.0,71.0,0.0,55.0,28.6,249.1,168.2,81.0,143.9,268.0,142.0,21.846153846153847,52.98507462686567,41.23076923076923,105.43130990415335,14.55223880597015,8.333333333333325
I3307,기타비금속,1998,593.0,232.0,273.0,49.0,200.0,48.0,392.0,214.0,178.0,90.0,86.0,0.0,69.0,33.8,195.5,106.9,88.6,122.1,245.0,90.0,15.177065767284992,36.734693877551024,41.31534569983137,127.57009345794393,19.591836734693878,-8.769230769230774
I3307,기타비금속,1999,582.0,231.0,275.0,56.0,221.0,28.0,361.0,221.0,140.0,83.0,76.0,0.0,41.0,38.0,163.1,99.9,63.2,90.3,200.0,83.0,14.261168384879724,41.5,34.36426116838488,124.43438914027149,14.000000000000002,-1.8549747048903886
I3307,기타비금속,2000,637.0,269.0,302.0,62.0,272.0,21.0,365.0,235.0,130.0,97.0,83.0,0.0,23.0,42.7,134.2,86.4,47.7,74.5,203.0,97.0,15.2276295133438,47.783251231527096,31.868131868131865,128.51063829787236,10.344827586206897,9.450171821305853
I3307,기타비금속,2001,679.0,282.0,333.0,68.0,312.0,19.0,367.0,289.0,78.0,103.0,55.0,0.0,1.0,46.0,117.6,92.5,25.1,50.7,159.0,103.0,15.169366715758468,64.77987421383648,23.416789396170838,115.22491349480968,11.949685534591195,6.593406593406592
I3307,기타비금속,2002,796.0,341.0,387.0,73.0,374.0,17.0,422.0,316.0,105.0,135.0,66.0,0.0,11.0,47.0,112.7,84.6,28.2,56.7,212.0,135.0,16.959798994974875,63.67924528301887,26.633165829145728,122.46835443037976,8.018867924528301,17.231222385861567
I3307,기타비금속,2003,871.0,345.0,439.0,88.0,454.0,14.0,418.0,319.0,98.0,127.0,57.0,0.0,13.0,52.1,92.1,70.4,21.7,43.2,197.0,127.0,14.580941446613089,64.46700507614213,22.61768082663605,137.61755485893417,7.1065989847715745,9.42211055276383
I3307,기타비금속,2004,974.0,403.0,476.0,115.0,502.0,13.0,472.0,377.0,95.0,126.0,58.0,0.0,6.0,51.5,94.0,75.1,19.0,37.9,190.0,126.0,12.93634496919918,66.3157894736842,19.50718685831622,126.25994694960212,6.842105263157896,11.825487944890934
I3307,기타비금속,2005,1045.0,446.0,496.0,104.0,563.0,15.0,482.0,339.0,144.0,132.0,77.0,0.0,26.0,53.8,85.7,60.2,25.5,41.9,235.0,132.0,12.631578947368421,56.17021276595745,22.48803827751196,146.3126843657817,6.382978723404255,7.289527720739231
I3307,기타비금속,2006,1171.0,475.0,569.0,105.0,635.0,19.0,536.0,401.0,135.0,157.0,83.0,0.0,9.0,54.2,84.4,63.2,21.3,39.2,249.0,157.0,13.407344150298888,63.05220883534136,21.263877028181042,141.89526184538656,7.630522088353414,12.057416267942589
I3307,기타비금속,2007,1242.0,486.0,614.0,114.0,699.0,18.0,544.0,420.0,124.0,186.0,77.0,0.0,1.0,56.2,77.8,60.1,17.7,37.7,264.0,186.0,14.975845410628018,70.45454545454545,21.256038647342994,146.19047619047618,6.8181818181818175,6.063193851409054
I3307,기타비금속,2008,2906.0,1435.0,990.0,213.0,1424.0,72.0,1482.0,801.0,681.0,309.0,565.0,0.0,22.0,49.0,104.1,56.2,47.8,62.9,896.0,309.0,10.63317274604267,34.486607142857146,30.83275980729525,123.59550561797752,8.035714285714286,133.97745571658618
I3307,기타비금속,2009,3057.0,1480.0,1023.0,185.0,1622.0,71.0,1435.0,1146.0,289.0,254.0,154.0,60.0,24.0,53.0,88.5,70.7,17.8,30.3,492.0,314.0,10.271508014393197,63.82113821138211,16.09421000981354,89.26701570680629,14.43089430894309,5.1961459050240855
I3307,기타비금속,2010,3401.0,1552.0,1186.0,217.0,1689.0,76.0,1711.0,962.0,749.0,266.0,608.0,0.0,18.0,49.7,101.3,57.0,44.3,52.8,892.0,266.0,7.82122905027933,29.82062780269058,26.227580123493087,123.28482328482329,8.520179372197308,11.252862283284259
I3307,기타비금속,2011,3770.0,1675.0,1357.0,278.0,1761.0,84.0,2009.0,1615.0,394.0,519.0,228.0,0.0,5.0,46.7,114.1,91.7,22.4,42.7,752.0,519.0,13.76657824933687,69.0159574468085,19.946949602122015,84.02476780185758,11.170212765957446,10.849750073507792
I3307,기타비금속,2012,3910.0,1688.0,1487.0,306.0,1869.0,89.0,2041.0,1227.0,814.0,465.0,632.0,0.0,19.0,47.8,109.2,65.6,43.6,59.7,1116.0,465.0,11.892583120204604,41.66666666666667,28.54219948849105,121.18989405052976,7.974910394265233,3.7135278514588865
I3307,기타비금속,2013,4062.0,1769.0,1586.0,284.0,1855.0,102.0,2207.0,1703.0,504.0,462.0,287.0,0.0,24.0,45.7,119.0,91.8,27.2,41.7,773.0,462.0,11.37370753323486,59.76714100905562,19.030034465780403,93.12977099236642,13.195342820181114,3.887468030690533
I3307,기타비금속,2014,4357.0,1829.0,1800.0,318.0,2420.0,93.0,1937.0,1073.0,864.0,428.0,269.0,0.0,12.0,55.6,80.0,44.3,35.7,29.3,709.0,428.0,9.823272894193252,60.36671368124118,16.27266467753041,167.7539608574091,13.117066290550069,7.262432299359922
I3307,기타비금속,2015,4487.0,1865.0,1823.0,294.0,2601.0,66.0,1886.0,1089.0,798.0,448.0,321.0,0.0,17.0,58.0,72.5,41.9,30.7,30.2,786.0,448.0,9.98439937597504,56.99745547073791,17.517272119456205,167.40128558310377,8.396946564885496,2.9837043837502852
I3307,기타비금속,2016,4920.0,2003.0,1959.0,320.0,2882.0,58.0,2038.0,1297.0,741.0,478.0,476.0,0.0,20.0,58.6,70.7,45.0,25.7,33.8,974.0,478.0,9.715447154471544,49.07597535934292,19.796747967479675,151.0408635312259,5.95482546201232,9.650100289725883
I3307,기타비금속,2017,5124.0,2115.0,1997.0,365.0,3098.0,53.0,2026.0,1368.0,658.0,511.0,399.0,0.0,37.0,60.5,65.4,44.1,21.3,30.6,947.0,511.0,9.972677595628415,53.959873284054915,18.481654957064794,145.97953216374268,5.59662090813094,4.146341463414638
I3307,기타비금속,2018,5562.0,2254.0,2262.0,390.0,3237.0,49.0,2325.0,1409.0,916.0,583.0,587.0,0.0,83.0,58.2,71.8,43.5,28.3,38.7,1253.0,583.0,10.481841064365337,46.52833200319234,22.52786767349874,160.53938963804117,3.910614525139665,8.548009367681498
I3307,기타비금속,2019,5805.0,2368.0,2352.0,436.0,3405.0,57.0,2399.0,1535.0,864.0,575.0,577.0,0.0,38.0,58.7,70.5,45.1,25.4,34.9,1190.0,575.0,9.905254091300602,48.319327731092436,20.499569336778638,153.22475570032574,4.789915966386555,4.3689320388349495
I3307,기타비금속,2020,6096.0,2474.0,2432.0,440.0,3629.0,52.0,2467.0,1617.0,851.0,627.0,524.0,0.0,60.0,59.5,68.0,44.6,23.4,33.4,1211.0,627.0,10.28543307086614,51.775392237819986,19.86548556430446,150.40197897340755,4.293971924029727,5.012919896640833
I3307,기타비금속,2021,6762.0,2658.0,2801.0,518.0,4004.0,51.0,2758.0,1750.0,1008.0,745.0,582.0,0.0,151.0,59.2,68.9,43.7,25.2,36.9,1478.0,745.0,11.017450458444248,50.40595399188093,21.857438627624965,160.05714285714285,3.450608930987822,10.925196850393704
I3307,기타비금속,2022,7068.0,2792.0,2862.0,601.0,4191.0,68.0,2876.0,1901.0,975.0,761.0,631.0,0.0,17.0,59.3,68.6,45.4,23.3,33.6,1409.0,761.0,10.766836445953594,54.009936124911285,19.934917940011317,150.5523408732246,4.82611781405252,4.52528837622006
I3307,기타비금속,2023,7575.0,3014.0,3073.0,681.0,4465.0,93.0,3111.0,2087.0,1024.0,884.0,662.0,0.0,24.0,58.9,69.7,46.7,22.9,35.2,1570.0,884.0,11.669966996699669,56.30573248407643,20.726072607260726,147.24484906564444,5.923566878980892,7.173174872665533
I3307,기타비금속,2024,8307.0,3218.0,3535.0,773.0,5021.0,102.0,3286.0,2192.0,1094.0,942.0,723.0,0.0,25.0,60.4,65.5,43.7,21.8,33.7,1690.0,942.0,11.339833875045143,55.739644970414204,20.344287949921753,161.2682481751825,6.035502958579881,9.663366336633672
I3307,기타비금속,2025,8588.0,3358.0,3541.0,835.0,5095.0,94.0,3493.0,2293.0,1200.0,972.0,672.0,0.0,53.0,59.3,68.5,45.0,23.6,33.3,1697.0,972.0,11.318118304611085,57.2775486152033,19.760130414531904,154.42651548190145,5.53918680023571,3.382689298182262
I3308,철강,1994,21646.0,10222.0,7741.0,2255.0,7550.0,549.0,14095.0,7433.0,6662.0,2855.0,1676.0,0.0,2856.0,34.9,186.7,98.4,88.2,97.8,7387.0,2855.0,13.189503834426683,38.648977934208745,34.126397486833596,104.1436835732544,7.431975091376743,
I3308,철강,1995,23854.0,11361.0,8893.0,2628.0,8655.0,643.0,15199.0,8278.0,6921.0,2799.0,1516.0,0.0,2991.0,36.3,175.6,95.6,80.0,84.4,7306.0,2799.0,11.733881110086358,38.31097727894881,30.627986920432633,107.42933075622132,8.80098549137695,10.200498937448032
I3308,철강,1996,26843.0,13429.0,9664.0,2799.0,9602.0,681.0,17241.0,9562.0,7679.0,3823.0,1585.0,0.0,3336.0,35.8,179.5,99.6,80.0,91.1,8744.0,3823.0,14.242074283798384,43.72140896614822,32.57460045449466,101.06672244300357,7.788197621225984,12.530393225454862
I3308,철강,1997,32426.0,16191.0,10152.0,2904.0,10097.0,1278.0,22329.0,11634.0,10638.0,4321.0,2442.0,0.0,4998.0,31.1,221.2,115.2,105.4,116.5,11761.0,4321.0,13.325726269043361,36.74007312303375,36.27027693825942,87.26147498710675,10.866422923220814,20.798718474090073
I3308,철강,1998,33936.0,18449.0,10367.0,2553.0,11514.0,1493.0,22422.0,10409.0,11983.0,2745.0,2407.0,0.0,5549.0,33.9,194.7,90.4,104.1,92.9,10701.0,2745.0,8.088755304101838,25.651808242220355,31.53288543140028,99.5965030262273,13.951967105877955,4.656756923456484
I3308,철강,1999,34086.0,18702.0,9447.0,2976.0,15223.0,1178.0,18862.0,8556.0,10306.0,1679.0,1747.0,0.0,4696.0,44.7,123.9,56.2,67.7,53.4,8122.0,1679.0,4.925775978407557,20.672248214725435,23.827964560230004,110.41374474053296,14.50381679389313,0.44200848656295033
I3308,철강,2000,36881.0,19748.0,10665.0,3662.0,16170.0,1243.0,20711.0,10735.0,9976.0,3006.0,2486.0,0.0,4786.0,43.8,128.1,66.4,61.7,63.6,10278.0,3006.0,8.150538217510372,29.246935201401055,27.86800791735582,99.34792734047508,12.093792566647208,8.199847444698705
I3308,철강,2001,36951.0,19850.0,9610.0,3518.0,18212.0,1201.0,18739.0,8841.0,9897.0,2615.0,2404.0,0.0,5078.0,49.3,102.9,48.5,54.3,55.4,10097.0,2615.0,7.076939730995102,25.898781816381106,27.32537685042353,108.69811107340799,11.894622164999506,0.18979962582359455
I3308,철강,2002,36945.0,19716.0,10310.0,3565.0,20021.0,934.0,16923.0,9781.0,7143.0,2729.0,1686.0,0.0,4295.0,54.2,84.5,48.9,35.7,43.5,8710.0,2729.0,7.386655839761808,31.331802525832376,23.575585329543916,105.40844494427972,10.723306544202067,-0.0162377202240771
I3308,철강,2003,40266.0,18708.0,13515.0,4236.0,23617.0,730.0,16649.0,10523.0,6125.0,3586.0,1224.0,0.0,3933.0,58.7,70.5,44.6,25.9,37.0,8743.0,3586.0,8.90577658570506,41.01566967860003,21.71310783291114,128.43295638126008,8.349536772274963,8.989037758830687
I3308,철강,2004,47008.0,19926.0,18584.0,6304.0,28905.0,567.0,18103.0,13119.0,4984.0,4243.0,1087.0,0.0,2704.0,61.5,62.6,45.4,17.2,27.8,8034.0,4243.0,9.026123213070116,52.81304456061737,17.09070796460177,141.65713850141017,7.057505601194921,16.743654696269815
I3308,철강,2005,52112.0,22116.0,20547.0,7521.0,33622.0,536.0,18491.0,13582.0,4908.0,4199.0,1110.0,0.0,2434.0,64.5,55.0,40.4,14.6,23.0,7743.0,4199.0,8.057645072152289,54.22962675965388,14.858381946576603,151.28110734796053,6.922381505876276,10.857726344452011
I3308,철강,2006,56692.0,24820.0,20670.0,7474.0,37404.0,588.0,19288.0,11921.0,7367.0,4082.0,1215.0,0.0,4460.0,66.0,51.6,31.9,19.7,26.1,9757.0,4082.0,7.20031044944613,41.83663011171467,17.210541169829956,173.39149400218105,6.026442554063749,8.788762665029171
I3308,철강,2007,66749.0,27094.0,24852.0,9433.0,42288.0,722.0,24462.0,15362.0,9100.0,5629.0,1893.0,5.0,5086.0,63.4,57.8,36.3,21.5,29.8,12613.0,5634.0,8.44057588877736,44.66819947673036,18.896163238400575,161.7758104413488,5.72425275509395,17.739716362096946
I3308,철강,2008,84729.0,34224.0,34731.0,15626.0,48959.0,938.0,35770.0,22481.0,13288.0,8626.0,3881.0,42.0,7788.0,57.8,73.1,45.9,27.1,41.5,20337.0,8668.0,10.230263546129423,42.62182229434037,24.00240767623836,154.49045860949246,4.6122830309288485,26.936733134578805
I3308,철강,2009,93859.0,43019.0,33270.0,10395.0,55976.0,1108.0,37883.0,21159.0,16724.0,6967.0,5686.0,369.0,9094.0,59.6,67.7,37.8,29.9,39.5,22116.0,7336.0,7.815979288081058,33.17055525411467,23.563004080588968,157.23805472848434,5.009947549285585,10.775531400110939
I3308,철강,2010,109601.0,48329.0,36773.0,15779.0,63001.0,1265.0,46600.0,27842.0,18758.0,9881.0,6842.0,16.0,9426.0,57.5,74.0,44.2,29.8,41.5,26165.0,9897.0,9.0300270982929,37.82533919357921,23.872957363527707,132.07743696573522,4.834702847315116,16.77196646032879
I3308,철강,2011,122228.0,53100.0,42121.0,18351.0,67981.0,1717.0,54247.0,31001.0,23246.0,13094.0,7277.0,0.0,13515.0,55.6,79.8,45.6,34.2,49.8,33886.0,13094.0,10.712766305592826,38.64132680162899,27.7235985207972,135.86981065126932,5.066989317122116,11.520880283939006
I3308,철강,2012,122908.0,56914.0,38251.0,15537.0,71021.0,1674.0,51888.0,28081.0,23807.0,9858.0,7966.0,51.0,12830.0,57.8,73.1,39.5,33.5,43.2,30705.0,9909.0,8.062127770364826,32.27161700048852,24.982100432844078,136.21665895089205,5.4518808011724476,0.5563373367804436
I3308,철강,2013,131937.0,62578.0,38327.0,15387.0,78036.0,1302.0,53900.0,28860.0,25040.0,10374.0,8361.0,5.0,13168.0,59.1,69.1,37.0,32.1,40.9,31908.0,10379.0,7.866633317416646,32.52789269148803,24.184269765115168,132.8031878031878,4.080481383978939,7.346145084127964
I3308,철강,2014,128519.0,60100.0,37633.0,15101.0,77737.0,1427.0,50781.0,27779.0,23002.0,9926.0,8586.0,0.0,11034.0,60.5,65.3,35.7,29.6,38.0,29546.0,9926.0,7.723371641547164,33.59507209097678,22.989596868945448,135.47283919507544,4.82975698910174,-2.5906303766191408
I3308,철강,2015,127213.0,61384.0,34272.0,12527.0,80169.0,1308.0,47044.0,25699.0,21345.0,9647.0,8729.0,2.0,9357.0,63.0,58.7,32.1,26.6,34.6,27735.0,9649.0,7.584916635878408,34.78997656390842,21.802017089448405,133.35927467994864,4.716062736614386,-1.0161921583579092
I3308,철강,2016,129013.0,62086.0,35154.0,12953.0,83630.0,1079.0,45383.0,24649.0,20734.0,8468.0,8349.0,1.0,8753.0,64.8,54.3,29.5,24.8,30.6,25571.0,8469.0,6.564454744870672,33.11954948965625,19.820483207118663,142.61836179966733,4.219623792577529,1.4149497299804192
I3308,철강,2017,132561.0,60985.0,40397.0,15047.0,86900.0,1049.0,45661.0,27425.0,18236.0,8397.0,6858.0,2.0,7451.0,65.6,52.5,31.6,21.0,26.1,22708.0,8399.0,6.33595099614517,36.98696494627444,17.130226838964703,147.29990884229719,4.619517350713405,2.750110453985255
I3308,철강,2018,134217.0,59402.0,44144.0,17093.0,87129.0,1084.0,47089.0,26911.0,20178.0,8480.0,7426.0,2.0,8510.0,64.9,54.0,30.9,23.2,28.0,24418.0,8482.0,6.319616740055284,34.736669669915635,18.192926380413805,164.03701088774108,4.43934802195102,1.249236200692505
I3308,철강,2019,136643.0,58815.0,46066.0,17147.0,88926.0,1073.0,47717.0,25171.0,22546.0,7971.0,7269.0,4.0,10470.0,65.1,53.7,28.3,25.4,28.9,25714.0,7975.0,5.836376543255051,31.01423349148324,18.818380743982495,183.0121965754241,4.172824142490472,1.8075206568467506
I3308,철강,2020,138191.0,58501.0,47787.0,15010.0,88124.0,999.0,50067.0,26550.0,23517.0,8412.0,7738.0,2.0,10853.0,63.8,56.8,30.1,26.7,30.6,27005.0,8414.0,6.088674370979296,31.157193112386594,19.541793604503912,179.98870056497177,3.6993149416774673,1.1328791083333956
I3308,철강,2021,154789.0,58130.0,62963.0,23838.0,97179.0,892.0,57610.0,33661.0,23949.0,8991.0,7546.0,2.0,11456.0,62.8,59.3,34.6,24.6,28.8,27995.0,8993.0,5.809844368785896,32.12359349883908,18.08591049751597,187.05029559430795,3.1862832648687265,12.010912432792287
I3308,철강,2022,190476.0,58354.0,64364.0,23330.0,132696.0,1124.0,57780.0,33792.0,23988.0,10168.0,6269.0,0.0,11344.0,69.7,43.5,25.5,18.1,20.9,27781.0,10168.0,5.338205338205338,36.60055433569706,14.585039585039587,190.47111742424244,4.045930672042044,23.05525586443482
I3308,철강,2023,192088.0,59453.0,62556.0,22291.0,135913.0,1455.0,56175.0,34265.0,21910.0,9703.0,5284.0,7.0,10564.0,70.8,41.3,25.2,16.1,18.8,25558.0,9710.0,5.0549748032151935,37.99201815478519,13.30536004331348,182.56529986867065,5.692933719383364,0.8463008463008403
I3308,철강,2024,190739.0,60864.0,58271.0,21449.0,136747.0,1466.0,53992.0,33873.0,20119.0,9824.0,5557.0,0.0,8943.0,71.7,39.5,24.8,14.7,17.8,24324.0,9824.0,5.1504936064465054,40.3880940634764,12.752504731596579,172.02786880406222,6.026969248478869,-0.7022822872849943
I3308,철강,2025,190837.0,60879.0,56092.0,21039.0,137768.0,1381.0,53069.0,31388.0,21681.0,10711.0,6485.0,0.0,9251.0,72.2,38.5,22.8,15.7,19.2,26447.0,10711.0,5.612643250522698,40.499867659848,13.858423680942375,178.7052376704473,5.221764283283548,0.05137910967343284
I3309,비철금속,1994,1800.0,719.0,891.0,239.0,608.0,64.0,1192.0,699.0,493.0,280.0,204.0,0.0,108.0,33.8,196.2,115.1,81.1,97.2,592.0,280.0,15.555555555555555,47.2972972972973,32.88888888888889,127.46781115879828,10.81081081081081,
I3309,비철금속,1995,2084.0,813.0,1016.0,328.0,727.0,83.0,1357.0,814.0,543.0,363.0,227.0,0.0,113.0,34.9,186.7,112.0,74.7,96.8,703.0,363.0,17.418426103646834,51.635846372688476,33.73320537428023,124.81572481572482,11.806543385490755,15.777777777777779
I3309,비철금속,1996,2565.0,964.0,1286.0,391.0,791.0,97.0,1774.0,1088.0,686.0,562.0,326.0,0.0,134.0,30.8,224.2,137.5,86.7,129.2,1022.0,562.0,21.910331384015596,54.99021526418787,39.84405458089669,118.1985294117647,9.49119373776908,23.080614203454886
I3309,비철금속,1997,3000.0,1145.0,1372.0,449.0,801.0,144.0,2199.0,1305.0,894.0,673.0,532.0,0.0,126.0,26.7,274.5,162.9,111.7,166.2,1331.0,673.0,22.433333333333334,50.56348610067618,44.36666666666667,105.13409961685825,10.81893313298272,16.959064327485372
I3309,비철금속,1998,3490.0,1675.0,1369.0,415.0,1318.0,203.0,2172.0,1223.0,948.0,479.0,618.0,0.0,130.0,37.8,164.8,92.8,71.9,93.1,1227.0,479.0,13.724928366762176,39.03830480847596,35.15759312320917,111.93785772690106,16.544417277913613,16.333333333333332
I3309,비철금속,1999,5521.0,2575.0,1866.0,698.0,2415.0,154.0,3105.0,1779.0,1326.0,890.0,1008.0,0.0,84.0,43.8,128.6,73.7,54.9,82.1,1982.0,890.0,16.120268067379097,44.904137235116046,35.899293606230756,104.8903878583474,7.769929364278506,58.1948424068768
I3309,비철금속,2000,5893.0,2703.0,1932.0,720.0,2732.0,183.0,3161.0,1867.0,1294.0,964.0,995.0,0.0,72.0,46.4,115.7,68.3,47.4,74.3,2031.0,964.0,16.358391311725775,47.464303298867556,34.464619039538434,103.48152115693625,9.010339734121123,6.73790979894946
I3309,비철금속,2001,6067.0,2714.0,2140.0,801.0,2913.0,165.0,3155.0,1812.0,1343.0,914.0,986.0,0.0,141.0,48.0,108.3,62.2,46.1,70.1,2041.0,914.0,15.065106312839955,44.78196962273395,33.64100873578375,118.10154525386314,8.084272415482605,2.9526556931953163
I3309,비철금속,2002,6723.0,3156.0,2619.0,948.0,3287.0,126.0,3435.0,2226.0,1209.0,1138.0,828.0,0.0,156.0,48.9,104.5,67.7,36.8,64.5,2122.0,1138.0,16.92696712777034,53.628652214891616,31.56329019782835,117.65498652291105,5.937794533459001,10.812592714685998
I3309,비철금속,2003,7343.0,3255.0,2982.0,1131.0,3611.0,111.0,3732.0,2628.0,1104.0,1248.0,806.0,0.0,83.0,49.2,103.4,72.8,30.6,59.2,2137.0,1248.0,16.995778292251124,58.39962564342537,29.102546643061416,113.4703196347032,5.194197473093121,9.2220734791016
I3309,비철금속,2004,7913.0,3304.0,3534.0,1427.0,3911.0,121.0,4003.0,2808.0,1195.0,1401.0,797.0,0.0,132.0,49.4,102.4,71.8,30.6,59.6,2330.0,1401.0,17.705042335397447,60.128755364806864,29.445216731960066,125.85470085470085,5.193133047210301,7.762494893095462
I3309,비철금속,2005,9078.0,3348.0,4345.0,1767.0,4294.0,136.0,4784.0,3353.0,1431.0,1699.0,920.0,0.0,128.0,47.3,111.4,78.1,33.3,64.0,2747.0,1699.0,18.715576118087686,61.84929013469239,30.259969156201805,129.58544586937072,4.950855478704041,14.722608365980028
I3309,비철금속,2006,11006.0,3475.0,5509.0,2491.0,5355.0,204.0,5651.0,4263.0,1388.0,2321.0,700.0,0.0,184.0,48.7,105.5,79.6,25.9,59.8,3205.0,2321.0,21.088497183354534,72.41809672386896,29.12047973832455,129.2282430213465,6.365054602184088,21.238158184622158
I3309,비철금속,2007,12280.0,3662.0,6392.0,2662.0,6186.0,234.0,6095.0,4646.0,1449.0,2671.0,628.0,0.0,240.0,50.4,98.5,75.1,23.4,57.2,3539.0,2671.0,21.750814332247558,75.47329754167845,28.819218241042343,137.58071459319845,6.612037298671941,11.575504270397975
I3309,비철금속,2008,15203.0,5039.0,7692.0,2900.0,7791.0,269.0,7412.0,5773.0,1639.0,3114.0,761.0,0.0,302.0,51.2,95.1,74.1,21.0,53.6,4177.0,3114.0,20.482799447477472,74.55111323916687,27.474840492008155,133.2409492464923,6.440028728752694,23.802931596091213
I3309,비철금속,2009,17488.0,5450.0,9111.0,4191.0,8996.0,262.0,8492.0,6889.0,1604.0,4070.0,799.0,8.0,200.0,51.4,94.4,76.6,17.8,56.4,5077.0,4078.0,23.318847209515095,80.32302540870593,29.031335773101556,132.2543184787342,5.160527870789836,15.029928303624285
I3309,비철금속,2010,20147.0,6028.0,10542.0,5063.0,10614.0,247.0,9533.0,7622.0,1912.0,4138.0,853.0,59.0,365.0,52.7,89.8,71.8,18.0,51.0,5415.0,4197.0,20.831885640542016,77.50692520775623,26.87745073708244,138.31015481500918,4.56140350877193,15.204711802378768
I3309,비철금속,2011,23049.0,6877.0,11778.0,5333.0,12415.0,287.0,10635.0,8003.0,2632.0,5028.0,1209.0,35.0,490.0,53.9,85.7,64.5,21.2,54.5,6762.0,5063.0,21.966245824113845,74.874297545105,29.337498373031366,147.16981132075472,4.244306418219462,14.404129647093855
I3309,비철금속,2012,24282.0,7617.0,11749.0,5067.0,13445.0,315.0,10836.0,7827.0,3010.0,4681.0,1636.0,35.0,363.0,55.4,80.6,58.2,22.4,49.9,6715.0,4716.0,19.421793921423276,70.23082650781832,27.65422947038959,150.10859844129297,4.690990320178704,5.349472862163207
I3309,비철금속,2013,25238.0,8306.0,11641.0,4999.0,14254.0,274.0,10983.0,8009.0,2974.0,4707.0,1524.0,35.0,372.0,56.5,77.1,56.2,20.9,46.6,6638.0,4742.0,18.789127506141533,71.43717987345586,26.30160868531579,145.34898239480586,4.1277493220849655,3.9370727287702856
I3309,비철금속,2014,26853.0,8945.0,12460.0,5631.0,14892.0,265.0,11961.0,8832.0,3129.0,5385.0,1681.0,0.0,374.0,55.5,80.3,59.3,21.0,50.0,7440.0,5385.0,20.053625293263323,72.37903225806451,27.706401519383313,141.07789855072463,3.5618279569892475,6.39908075124811
I3309,비철금속,2015,26353.0,9473.0,11169.0,4840.0,15207.0,244.0,11146.0,7979.0,3167.0,4584.0,1730.0,0.0,316.0,57.7,73.3,52.5,20.8,43.6,6630.0,4584.0,17.39460402990172,69.14027149321267,25.15842598565628,139.9799473618248,3.680241327300151,-1.8619893494209228
I3309,비철금속,2016,27879.0,9471.0,12314.0,5220.0,16250.0,212.0,11629.0,8640.0,2989.0,4714.0,1591.0,0.0,334.0,58.3,71.6,53.2,18.4,40.9,6639.0,4714.0,16.90878438968399,71.00466937791836,23.81362315721511,142.52314814814815,3.193251995782497,5.790612074526624
I3309,비철금속,2017,28877.0,9274.0,14044.0,5713.0,17139.0,221.0,11737.0,8930.0,2808.0,4569.0,1264.0,6.0,361.0,59.4,68.5,52.1,16.4,36.2,6200.0,4575.0,15.843058489455276,73.79032258064517,21.47037434636562,157.26763717805153,3.564516129032258,3.5797553714265185
I3309,비철금속,2018,30863.0,10128.0,14840.0,6143.0,18775.0,244.0,12088.0,8976.0,3112.0,4590.0,1528.0,5.0,371.0,60.8,64.4,47.8,16.6,34.6,6494.0,4595.0,14.88837766905356,70.75762242069604,21.04137640540453,165.32976827094475,3.7573144441022484,6.877445718045494
I3309,비철금속,2019,31182.0,10176.0,14996.0,6100.0,19377.0,250.0,11805.0,8790.0,3015.0,4217.0,1375.0,0.0,390.0,62.1,60.9,45.4,15.6,30.9,5982.0,4217.0,13.523827849400295,70.4948177866934,19.18414469886473,170.6029579067122,4.179204279505182,1.0336001036840292
I3309,비철금속,2020,33182.0,10230.0,16973.0,7195.0,20101.0,198.0,13081.0,10254.0,2827.0,4707.0,1319.0,1.0,465.0,60.6,65.1,51.0,14.1,32.3,6492.0,4708.0,14.188415405942981,72.52002464571781,19.56482430233259,165.52564852740394,3.0499075785582255,6.413956769931373
I3309,비철금속,2021,37234.0,10764.0,19414.0,8974.0,22539.0,182.0,14695.0,11474.0,3221.0,5067.0,1506.0,0.0,511.0,60.5,65.2,50.9,14.3,31.4,7084.0,5067.0,13.608529838319816,71.52738565782045,19.025621743567708,169.19993027714833,2.5691699604743086,12.211439937315415
I3309,비철금속,2022,41860.0,11026.0,21175.0,9712.0,24904.0,313.0,16956.0,13499.0,3457.0,5812.0,1867.0,0.0,485.0,59.5,68.1,54.2,13.9,32.8,8164.0,5812.0,13.884376493072144,71.19059284664381,19.503105590062113,156.8634713682495,3.83390494855463,12.424128484718278
I3309,비철금속,2023,42879.0,11702.0,20262.0,9224.0,26315.0,478.0,16564.0,13013.0,3551.0,6069.0,1934.0,0.0,419.0,61.4,62.9,49.4,13.5,32.0,8422.0,6069.0,14.153781571398586,72.06126810733792,19.641316262039695,155.70583262890955,5.675611493706958,2.4343048256091793
I3309,비철금속,2024,48312.0,12374.0,22883.0,10555.0,25452.0,567.0,22860.0,18316.0,4544.0,9489.0,2506.0,997.0,365.0,52.7,89.8,72.0,17.9,52.5,13357.0,10486.0,21.704752442457362,78.5056524668713,27.647375393277034,124.93448351168377,4.244965186793442,12.670538025606938
I3309,비철금속,2025,55916.0,12948.0,29595.0,15270.0,29171.0,658.0,26745.0,20117.0,6628.0,10263.0,2986.0,0.0,2224.0,52.2,91.7,69.0,22.7,53.0,15473.0,10263.0,18.35431719007082,66.32844309442254,27.671864940267543,147.11438087189939,4.252568991145867,15.739360821328031
I3310,주조,1994,314.0,111.0,166.0,41.0,90.0,11.0,224.0,120.0,103.0,47.0,44.0,0.0,36.0,28.6,249.8,134.4,115.4,141.8,127.0,47.0,14.968152866242038,37.00787401574803,40.445859872611464,138.33333333333334,8.661417322834646,
I3310,주조,1995,418.0,154.0,214.0,66.0,84.0,17.0,334.0,191.0,143.0,58.0,63.0,0.0,22.0,20.1,397.6,227.7,169.9,169.5,143.0,58.0,13.875598086124402,40.55944055944056,34.21052631578947,112.04188481675392,11.888111888111888,33.12101910828025
I3310,주조,1996,461.0,174.0,236.0,63.0,96.0,20.0,365.0,200.0,165.0,68.0,78.0,0.0,27.0,20.8,381.0,208.7,172.3,181.3,173.0,68.0,14.75054229934924,39.30635838150289,37.52711496746204,118.0,11.560693641618498,10.287081339712923
I3310,주조,1997,564.0,206.0,288.0,84.0,113.0,33.0,452.0,243.0,209.0,86.0,111.0,0.0,37.0,19.9,401.3,215.7,185.5,207.8,234.0,86.0,15.24822695035461,36.75213675213676,41.48936170212766,118.5185185185185,14.102564102564102,22.342733188720175
I3310,주조,1998,628.0,273.0,294.0,72.0,184.0,42.0,444.0,275.0,169.0,99.0,97.0,0.0,25.0,29.3,241.7,149.5,92.2,119.9,221.0,99.0,15.764331210191083,44.79638009049774,35.19108280254777,106.9090909090909,19.004524886877828,11.347517730496449
I3310,주조,1999,746.0,274.0,347.0,87.0,256.0,30.0,489.0,282.0,208.0,109.0,102.0,0.0,54.0,34.4,191.1,109.9,81.1,103.1,265.0,109.0,14.6112600536193,41.132075471698116,35.52278820375335,123.04964539007092,11.320754716981133,18.78980891719746
I3310,주조,2000,776.0,341.0,368.0,98.0,259.0,31.0,517.0,312.0,205.0,128.0,102.0,0.0,50.0,33.3,200.0,120.6,79.4,108.2,280.0,128.0,16.49484536082474,45.714285714285715,36.08247422680412,117.94871794871796,11.071428571428571,4.021447721179627
I3310,주조,2001,832.0,370.0,386.0,123.0,274.0,30.0,559.0,384.0,175.0,159.0,88.0,0.0,25.0,32.9,204.0,140.2,63.8,99.2,272.0,159.0,19.110576923076923,58.45588235294118,32.69230769230769,100.52083333333333,11.029411764705882,7.216494845360821
I3310,주조,2002,866.0,390.0,395.0,123.0,229.0,31.0,637.0,437.0,200.0,209.0,95.0,0.0,40.0,26.5,277.9,190.7,87.1,150.0,344.0,209.0,24.133949191685915,60.75581395348837,39.722863741339495,90.38901601830663,9.011627906976743,4.086538461538458
I3310,주조,2003,855.0,403.0,377.0,107.0,268.0,24.0,587.0,384.0,203.0,173.0,116.0,0.0,0.0,31.3,219.4,143.5,75.9,108.0,289.0,173.0,20.23391812865497,59.86159169550172,33.801169590643276,98.17708333333334,8.304498269896193,-1.2702078521939941
I3310,주조,2004,900.0,408.0,412.0,130.0,341.0,18.0,559.0,365.0,194.0,174.0,148.0,0.0,0.0,37.8,164.2,107.1,57.1,94.6,322.0,174.0,19.333333333333332,54.037267080745345,35.77777777777777,112.87671232876713,5.590062111801243,5.263157894736836
I3310,주조,2005,1038.0,436.0,506.0,134.0,413.0,20.0,625.0,417.0,207.0,187.0,159.0,0.0,0.0,39.8,151.1,101.0,50.2,83.6,346.0,187.0,18.015414258188827,54.04624277456648,33.33333333333333,121.34292565947243,5.780346820809249,15.333333333333332
I3310,주조,2006,1255.0,541.0,601.0,164.0,465.0,26.0,791.0,563.0,227.0,260.0,182.0,0.0,0.0,37.0,170.1,121.2,48.9,95.2,442.0,260.0,20.717131474103585,58.82352941176471,35.2191235059761,106.74955595026643,5.88235294117647,20.90558766859345
I3310,주조,2007,1399.0,585.0,661.0,178.0,530.0,32.0,869.0,593.0,275.0,297.0,228.0,0.0,3.0,37.9,163.9,111.9,51.9,99.5,528.0,297.0,21.229449606862044,56.25,37.74124374553252,111.46711635750421,6.0606060606060606,11.47410358565737
I3310,주조,2008,1877.0,816.0,876.0,269.0,716.0,46.0,1161.0,832.0,330.0,430.0,265.0,0.0,4.0,38.1,162.1,116.1,46.0,97.5,699.0,430.0,22.90889717634523,61.51645207439199,37.24027703782632,105.28846153846155,6.580829756795422,34.16726233023588
I3310,주조,2009,2173.0,883.0,989.0,293.0,920.0,47.0,1253.0,906.0,347.0,500.0,270.0,0.0,8.0,42.3,136.2,98.5,37.7,84.6,778.0,500.0,23.00966405890474,64.26735218508998,35.803037275655775,109.16114790286974,6.041131105398458,15.769845498135314
I3310,주조,2010,2550.0,1012.0,1103.0,327.0,1109.0,48.0,1441.0,1048.0,393.0,613.0,303.0,0.0,9.0,43.5,129.9,94.5,35.4,83.4,925.0,613.0,24.03921568627451,66.27027027027027,36.27450980392157,105.24809160305344,5.189189189189189,17.34928670041418
I3310,주조,2011,2967.0,1223.0,1285.0,416.0,1228.0,55.0,1739.0,1233.0,507.0,706.0,369.0,0.0,26.0,41.4,141.7,100.4,41.3,89.7,1101.0,706.0,23.795079204583754,64.12352406902816,37.108190091001006,104.21735604217358,4.995458673932789,16.352941176470594
I3310,주조,2012,3288.0,1367.0,1386.0,466.0,1383.0,67.0,1905.0,1338.0,567.0,787.0,413.0,0.0,36.0,42.1,137.7,96.7,41.0,89.3,1236.0,787.0,23.93552311435523,63.673139158576056,37.591240875912405,103.58744394618836,5.4207119741100325,10.819009100101118
I3310,주조,2013,3444.0,1496.0,1452.0,483.0,1454.0,63.0,1990.0,1412.0,578.0,853.0,439.0,0.0,18.0,42.2,136.8,97.1,39.7,90.0,1310.0,853.0,24.767711962833914,65.11450381679388,38.03716608594657,102.8328611898017,4.809160305343512,4.744525547445266
I3310,주조,2014,3700.0,1624.0,1589.0,502.0,1540.0,65.0,2160.0,1555.0,605.0,920.0,458.0,1.0,35.0,41.6,140.2,100.9,39.3,91.8,1414.0,921.0,24.891891891891895,65.13437057991513,38.21621621621622,102.18649517684888,4.596888260254596,7.433217189314756
I3310,주조,2015,3760.0,1683.0,1485.0,440.0,1663.0,62.0,2097.0,1446.0,651.0,874.0,489.0,3.0,40.0,44.2,126.1,87.0,39.2,84.6,1406.0,877.0,23.324468085106385,62.37553342816501,37.3936170212766,102.69709543568464,4.409672830725462,1.6216216216216273
I3310,주조,2016,3949.0,1745.0,1524.0,438.0,1760.0,56.0,2190.0,1602.0,588.0,826.0,451.0,0.0,12.0,44.6,124.5,91.1,33.4,73.3,1289.0,826.0,20.916687769055457,64.08068269976727,32.64117498100785,95.13108614232209,4.344453064391001,5.026595744680851
I3310,주조,2017,4052.0,1872.0,1530.0,489.0,1898.0,53.0,2154.0,1560.0,594.0,878.0,408.0,0.0,17.0,46.8,113.5,82.2,31.3,68.7,1303.0,878.0,21.668311944718656,67.38296239447429,32.15695952615992,98.07692307692307,4.067536454336147,2.608255254494818
I3310,주조,2018,4154.0,1893.0,1610.0,519.0,1968.0,55.0,2185.0,1581.0,605.0,874.0,425.0,0.0,16.0,47.4,111.0,80.3,30.7,66.8,1315.0,874.0,21.03996148290804,66.4638783269962,31.656234954260952,101.83428209993674,4.182509505703422,2.5172754195458946
I3310,주조,2019,4252.0,1935.0,1646.0,532.0,2032.0,57.0,2220.0,1616.0,604.0,916.0,416.0,0.0,14.0,47.8,109.2,79.5,29.7,66.2,1346.0,916.0,21.54280338664158,68.05349182763744,31.65569143932267,101.85643564356435,4.234769687964339,2.359171882522859
I3310,주조,2020,4191.0,1797.0,1705.0,520.0,2023.0,46.0,2168.0,1556.0,612.0,911.0,389.0,0.0,60.0,48.3,107.2,76.9,30.3,67.2,1360.0,911.0,21.737055595323312,66.98529411764706,32.45048914340253,109.57583547557842,3.3823529411764706,-1.4346190028222017
I3310,주조,2021,4513.0,1830.0,1998.0,666.0,2103.0,44.0,2409.0,1753.0,656.0,1008.0,422.0,0.0,91.0,46.6,114.6,83.4,31.2,72.3,1521.0,1008.0,22.33547529359628,66.27218934911244,33.702636826944385,113.97604107244723,2.8928336620644313,7.683130517776182
I3310,주조,2022,4858.0,1885.0,2154.0,686.0,2456.0,59.0,2402.0,1834.0,568.0,983.0,375.0,0.0,53.0,50.6,97.8,74.7,23.1,57.4,1411.0,983.0,20.234664470975712,69.66690290574061,29.04487443392342,117.44820065430753,4.181431608788094,7.644582317748716
I3310,주조,2023,4866.0,1906.0,2111.0,673.0,2544.0,81.0,2322.0,1761.0,561.0,1018.0,372.0,0.0,54.0,52.3,91.3,69.2,22.1,56.8,1444.0,1018.0,20.920674064940403,70.49861495844875,29.675297986025484,119.87507098239635,5.609418282548476,0.16467682173733067
I3310,주조,2024,5228.0,2031.0,2289.0,724.0,2789.0,82.0,2438.0,1825.0,613.0,1081.0,415.0,0.0,48.0,53.4,87.4,65.4,22.0,55.4,1544.0,1081.0,20.677123182861514,70.01295336787565,29.53328232593726,125.42465753424659,5.310880829015544,7.439375256884495
I3310,주조,2025,5458.0,2125.0,2314.0,708.0,3015.0,71.0,2443.0,1884.0,559.0,1117.0,373.0,0.0,24.0,55.2,81.1,62.5,18.6,50.2,1514.0,1117.0,20.465371931110298,73.778071334214,27.739098570905092,122.82377919320595,4.689564068692206,4.399387911247121
I3311,조립금속,1994,2090.0,791.0,1055.0,327.0,507.0,106.0,1583.0,1109.0,475.0,424.0,218.0,0.0,86.0,24.3,312.2,218.6,93.6,143.6,728.0,424.0,20.287081339712916,58.24175824175825,34.83253588516747,95.1307484220018,14.560439560439562,
I3311,조립금속,1995,2572.0,950.0,1333.0,405.0,635.0,132.0,1937.0,1378.0,559.0,471.0,273.0,0.0,87.0,24.7,305.2,217.2,88.0,131.0,831.0,471.0,18.312597200622083,56.678700361010826,32.309486780715396,96.73439767779391,15.884476534296029,23.062200956937808
I3311,조립금속,1996,3040.0,1110.0,1507.0,456.0,717.0,167.0,2323.0,1631.0,692.0,522.0,346.0,0.0,102.0,23.6,323.9,227.4,96.5,135.2,970.0,522.0,17.17105263157895,53.81443298969072,31.907894736842106,92.3973022685469,17.216494845360824,18.19595645412131
I3311,조립금속,1997,3462.0,1234.0,1735.0,489.0,702.0,217.0,2760.0,1857.0,903.0,836.0,467.0,0.0,125.0,20.3,393.1,264.4,128.6,203.4,1428.0,836.0,24.14789139225881,58.543417366946784,41.24783362218371,93.43026386645127,15.196078431372548,13.88157894736841
I3311,조립금속,1998,3680.0,1436.0,1745.0,428.0,1325.0,214.0,2354.0,1524.0,829.0,552.0,465.0,0.0,153.0,36.0,177.6,115.0,62.5,88.3,1170.0,552.0,15.0,47.179487179487175,31.793478260869566,114.50131233595799,18.29059829059829,6.2969381860196405
I3311,조립금속,1999,4277.0,1662.0,2040.0,504.0,1432.0,161.0,2845.0,1678.0,1166.0,524.0,526.0,0.0,126.0,33.5,198.6,117.2,81.4,82.1,1176.0,524.0,12.251578209025018,44.5578231292517,27.495908346972175,121.57330154946364,13.690476190476192,16.22282608695653
I3311,조립금속,2000,4487.0,1849.0,2169.0,546.0,1660.0,128.0,2827.0,1724.0,1102.0,623.0,422.0,0.0,96.0,37.0,170.2,103.9,66.4,68.7,1141.0,623.0,13.884555382215288,54.601226993865026,25.429017160686428,125.81206496519721,11.2182296231376,4.909983633387882
I3311,조립금속,2001,5015.0,2045.0,2469.0,629.0,2001.0,121.0,3014.0,1862.0,1152.0,670.0,536.0,0.0,111.0,39.9,150.6,93.1,57.6,65.8,1317.0,670.0,13.359920239282152,50.87319665907365,26.26121635094716,132.59935553168637,9.187547456340168,11.767327835970587
I3311,조립금속,2002,5581.0,2239.0,2816.0,685.0,2318.0,113.0,3263.0,2118.0,1146.0,834.0,574.0,0.0,61.0,41.5,140.8,91.3,49.4,63.4,1469.0,834.0,14.943558502060563,56.773315180394825,26.321447769216988,132.95561850802645,7.6923076923076925,11.286141575274167
I3311,조립금속,2003,6255.0,2446.0,3088.0,770.0,3027.0,106.0,3228.0,2303.0,925.0,906.0,636.0,0.0,56.0,48.4,106.6,76.1,30.5,52.8,1598.0,906.0,14.48441247002398,56.69586983729662,25.547561950439647,134.0859748154581,6.633291614518148,12.076688765454225
I3311,조립금속,2004,7220.0,2761.0,3682.0,1004.0,3398.0,110.0,3822.0,2817.0,1005.0,1050.0,682.0,0.0,60.0,47.1,112.5,82.9,29.6,52.7,1792.0,1050.0,14.542936288088642,58.59375,24.81994459833795,130.70642527511538,6.138392857142857,15.42765787370104
I3311,조립금속,2005,8585.0,3278.0,4341.0,1197.0,4004.0,127.0,4581.0,3387.0,1194.0,1368.0,842.0,0.0,68.0,46.6,114.4,84.6,29.8,56.9,2278.0,1368.0,15.934769947582994,60.05267778753293,26.534653465346537,128.16651904340125,5.5750658472344155,18.905817174515228
I3311,조립금속,2006,10178.0,4089.0,4994.0,1354.0,4665.0,166.0,5513.0,3951.0,1563.0,1612.0,1123.0,0.0,111.0,45.8,118.2,84.7,33.5,61.0,2846.0,1612.0,15.838082137944587,56.640899508081525,27.962271566123007,126.39838015692231,5.832747716092762,18.555620267909134
I3311,조립금속,2007,12488.0,4759.0,6069.0,1735.0,5752.0,214.0,6736.0,4779.0,1958.0,1918.0,1400.0,3.0,139.0,46.1,117.1,83.1,34.0,60.2,3460.0,1921.0,15.38276745675849,55.520231213872826,27.706598334401022,126.99309478970495,6.184971098265896,22.696011004126547
I3311,조립금속,2008,16480.0,6118.0,8383.0,2644.0,7198.0,309.0,9281.0,6969.0,2312.0,3034.0,1750.0,0.0,64.0,43.7,128.9,96.8,32.1,67.3,4848.0,3034.0,18.410194174757283,62.582508250825086,29.41747572815534,120.28985507246377,6.373762376237623,31.96668802049969
I3311,조립금속,2009,17605.0,6882.0,8599.0,2286.0,8290.0,315.0,9316.0,6765.0,2550.0,3042.0,1855.0,0.0,165.0,47.1,112.4,81.6,30.8,61.1,5062.0,3042.0,17.27918205055382,60.09482418016594,28.753195115024138,127.110125646711,6.222836823389964,6.826456310679618
I3311,조립금속,2010,19763.0,7718.0,9507.0,2566.0,9277.0,338.0,10486.0,7572.0,2914.0,3319.0,2027.0,0.0,250.0,46.9,113.0,81.6,31.4,60.3,5596.0,3319.0,16.79400900672975,59.310221586847746,28.315539138794716,125.55467511885897,6.040028591851322,12.257881283726224
I3311,조립금속,2011,23430.0,9167.0,11385.0,3248.0,10276.0,409.0,13153.0,9710.0,3443.0,4361.0,2227.0,0.0,392.0,43.9,128.0,94.5,33.5,67.9,6980.0,4361.0,18.61288945795988,62.478510028653304,29.79086641058472,117.25025746652935,5.859598853868195,18.554875271972882
I3311,조립금속,2012,25639.0,10347.0,11954.0,3323.0,11475.0,468.0,14164.0,9997.0,4167.0,4418.0,2882.0,0.0,379.0,44.8,123.4,87.1,36.3,66.9,7679.0,4418.0,17.231561293342175,57.53353301211095,29.95046608682086,119.57587276182855,6.094543560359422,9.42808365343577
I3311,조립금속,2013,27780.0,11218.0,13112.0,3517.0,12637.0,431.0,15142.0,10819.0,4323.0,4562.0,3025.0,0.0,357.0,45.5,119.8,85.6,34.2,62.9,7944.0,4562.0,16.421886249100073,57.4269889224572,28.59611231101512,121.1941953969868,5.425478348439074,8.350559694215853
I3311,조립금속,2014,30241.0,12641.0,13986.0,3598.0,14090.0,413.0,16151.0,11859.0,4293.0,4843.0,3146.0,15.0,245.0,46.6,114.6,84.2,30.5,58.5,8249.0,4858.0,16.06428358850567,58.891986907503934,27.277537118481533,117.93574500379458,5.006667474845436,8.858891288696903
I3311,조립금속,2015,31989.0,13783.0,14245.0,3584.0,15527.0,372.0,16462.0,11664.0,4798.0,4825.0,3487.0,0.0,227.0,48.5,106.0,75.1,30.9,55.0,8539.0,4825.0,15.083309887773922,56.50544560252957,26.69355090812467,122.12791495198903,4.356482023656166,5.780232135180707
I3311,조립금속,2016,34299.0,15031.0,15030.0,3670.0,17002.0,367.0,17298.0,12285.0,5013.0,4988.0,3687.0,0.0,191.0,49.6,101.7,72.3,29.5,52.2,8866.0,4988.0,14.542698037843667,56.25986916309497,25.84915012099478,122.34432234432235,4.139408978118656,7.221232298602653
I3311,조립금속,2017,37880.0,16124.0,16396.0,4232.0,18710.0,380.0,19170.0,13322.0,5848.0,5337.0,4146.0,3.0,397.0,49.4,102.5,71.2,31.3,52.8,9883.0,5340.0,14.09714889123548,54.03217646463624,26.090285110876454,123.0746134214082,3.844986340180107,10.440537625003653
I3311,조립금속,2018,39480.0,16450.0,17046.0,4493.0,19325.0,445.0,20155.0,14213.0,5942.0,5618.0,4011.0,0.0,690.0,48.9,104.3,73.5,30.7,53.4,10319.0,5618.0,14.22998986828774,54.44326000581452,26.13728470111449,119.93245620206854,4.312433375327067,4.223864836325242
I3311,조립금속,2019,42311.0,17335.0,18361.0,4813.0,20934.0,441.0,21378.0,15160.0,6218.0,5603.0,4055.0,0.0,828.0,49.5,102.1,72.4,29.7,50.1,10486.0,5603.0,13.242419229042094,53.433148960518785,24.783153317104297,121.11477572559366,4.205607476635514,7.170719351570409
I3311,조립금속,2020,43392.0,17286.0,19205.0,4786.0,21716.0,374.0,21677.0,15229.0,6448.0,5624.0,4308.0,0.0,831.0,50.0,99.8,70.1,29.7,49.6,10763.0,5624.0,12.960914454277287,52.25308928737341,24.804111356932154,126.10808326219714,3.474867601969711,2.554891163054518
I3311,조립금속,2021,48419.0,18585.0,21845.0,5793.0,24000.0,372.0,24419.0,17182.0,7236.0,5983.0,5188.0,0.0,655.0,49.6,101.7,71.6,30.2,49.3,11826.0,5983.0,12.356719469629692,50.59191611703028,24.42429624734092,127.13886625538353,3.145611364789447,11.585084808259595
I3311,조립금속,2022,51881.0,19683.0,23853.0,6592.0,25696.0,484.0,26186.0,19961.0,6225.0,6669.0,4289.0,0.0,388.0,49.5,101.9,77.7,24.2,44.2,11346.0,6669.0,12.854416838534338,58.77842411422528,21.869277770281993,119.49802114122538,4.26582055349903,7.150085710155096
I3311,조립금속,2023,53827.0,20305.0,24116.0,6209.0,27456.0,723.0,26371.0,20472.0,5899.0,7183.0,3980.0,0.0,330.0,51.0,96.0,74.6,21.5,41.9,11493.0,7183.0,13.344604009140395,62.49891238144958,21.351737975365523,117.7999218444705,6.290785695640825,3.7508914631560586
I3311,조립금속,2024,59987.0,22258.0,26953.0,6626.0,30244.0,744.0,29743.0,23255.0,6488.0,7960.0,4595.0,0.0,217.0,50.4,98.3,76.9,21.5,42.2,12772.0,7960.0,13.269541734042376,62.32383338553085,21.29127977728508,115.9019565684799,5.825242718446602,11.444070819477204
I3311,조립금속,2025,64813.0,22979.0,29475.0,7284.0,32864.0,664.0,31950.0,24793.0,7157.0,8409.0,4931.0,0.0,321.0,50.7,97.2,75.4,21.8,41.6,13661.0,8409.0,12.974248993257525,61.55479101090696,21.07756160029624,118.8843625216795,4.8605519361686556,8.045076433227205
I3312,조선,1994,4892.0,2460.0,1854.0,363.0,597.0,187.0,4295.0,3132.0,1163.0,1511.0,700.0,0.0,215.0,12.2,719.4,524.7,194.7,406.3,2426.0,1511.0,30.88716271463614,62.2835943940643,49.591169255928044,59.195402298850574,7.708161582852433,
I3312,조선,1995,5409.0,2520.0,2243.0,442.0,1167.0,247.0,4242.0,2788.0,1454.0,1418.0,362.0,0.0,660.0,21.6,363.6,239.0,124.6,209.2,2440.0,1418.0,26.21556664817896,58.114754098360656,45.11000184877057,80.4519368723099,10.122950819672132,10.568274734260008
I3312,조선,1996,8464.0,3972.0,3409.0,510.0,518.0,554.0,7946.0,5946.0,2000.0,3728.0,645.0,0.0,836.0,6.1,1532.8,1147.1,385.7,1005.0,5209.0,3728.0,44.045368620037806,71.5684392397773,61.5430056710775,57.332660612176255,10.635438663851026,56.47994083934185
I3312,조선,1997,10107.0,4453.0,4468.0,705.0,-144.0,790.0,10251.0,8034.0,2216.0,4893.0,1020.0,0.0,759.0,-1.4,-7118.5,-5579.4,-1539.0,-4633.6,6672.0,4893.0,48.41199168892846,73.33633093525181,66.01365390323538,55.613642021409014,11.84052757793765,19.411625708884685
I3312,조선,1998,9869.0,4742.0,4104.0,465.0,1624.0,702.0,8245.0,5373.0,2871.0,2923.0,702.0,0.0,1729.0,16.5,507.7,330.9,176.8,329.6,5354.0,2923.0,29.61799574424967,54.59469555472543,54.25068395987436,76.38190954773869,13.111692192753083,-2.354803601464328
I3312,조선,1999,9025.0,3978.0,3851.0,538.0,2579.0,499.0,6446.0,3858.0,2588.0,804.0,1303.0,0.0,948.0,28.6,249.9,149.6,100.3,118.5,3055.0,804.0,8.908587257617729,26.317512274959082,33.850415512465375,99.81855883877657,16.333878887070377,-8.552031614145307
I3312,조선,2000,12735.0,5616.0,5652.0,674.0,2927.0,494.0,9808.0,7073.0,2735.0,1217.0,1620.0,0.0,425.0,23.0,335.1,241.6,93.4,111.4,3262.0,1217.0,9.556340793089909,37.30839975475169,25.614448370632115,79.90951505726001,15.144083384426732,41.10803324099723
I3312,조선,2001,12571.0,5736.0,5309.0,650.0,3356.0,433.0,9216.0,6895.0,2321.0,1737.0,970.0,0.0,574.0,26.7,274.6,205.5,69.2,97.8,3281.0,1737.0,13.817516506244532,52.94117647058824,26.09975340068412,76.99782451051487,13.197195976836332,-1.2877895563407904
I3312,조선,2002,12520.0,5849.0,5269.0,541.0,4210.0,231.0,8310.0,6431.0,1879.0,1574.0,449.0,0.0,867.0,33.6,197.4,152.7,44.6,68.6,2890.0,1574.0,12.571884984025559,54.463667820069205,23.083067092651756,81.9312704089566,7.993079584775087,-0.4056956487152985
I3312,조선,2003,15022.0,6249.0,7256.0,554.0,4714.0,154.0,10308.0,8838.0,1469.0,901.0,456.0,0.0,297.0,31.4,218.6,187.5,31.2,35.1,1654.0,901.0,5.9978697909732395,54.47400241837968,11.01051790706963,82.10002262955419,9.310761789600967,19.984025559105433
I3312,조선,2004,20093.0,6676.0,11102.0,1123.0,5863.0,104.0,14230.0,12490.0,1740.0,1003.0,436.0,0.0,206.0,29.2,242.7,213.0,29.7,28.1,1645.0,1003.0,4.991788184940029,60.9726443768997,8.186930771910616,88.8871096877502,6.322188449848025,33.75715617094927
I3312,조선,2005,21374.0,7334.0,10958.0,1172.0,5760.0,94.0,15614.0,13547.0,2067.0,912.0,560.0,0.0,199.0,26.9,271.1,235.2,35.9,29.0,1671.0,912.0,4.266866286142042,54.57809694793537,7.817909609806306,80.88875765852218,5.6253740275284265,6.3753546011048545
I3312,조선,2006,27372.0,8448.0,14435.0,1366.0,7437.0,113.0,19935.0,17048.0,2887.0,572.0,823.0,0.0,133.0,27.2,268.1,229.2,38.8,20.5,1528.0,572.0,2.089726728043256,37.43455497382199,5.582346923863803,84.67268887846082,7.395287958115183,28.06213156171049
I3312,조선,2007,40381.0,9946.0,20936.0,2141.0,10555.0,138.0,29826.0,24797.0,5028.0,638.0,1088.0,6.0,138.0,26.1,282.6,234.9,47.6,17.7,1870.0,644.0,1.5948094400832076,34.43850267379679,4.630890765459003,84.42956809291447,7.379679144385026,47.52666958936138
I3312,조선,2008,74833.0,14348.0,36747.0,4977.0,10623.0,159.0,64210.0,44147.0,20063.0,1437.0,1493.0,68.0,186.0,14.2,604.4,415.6,188.9,30.0,3184.0,1505.0,2.0111448157898253,47.267587939698494,4.254807371079604,83.2378191043559,4.993718592964824,85.3173522201035
I3312,조선,2009,66499.0,17263.0,34457.0,2958.0,13455.0,409.0,53044.0,39990.0,13054.0,6064.0,3337.0,455.0,1544.0,20.2,394.2,297.2,97.0,84.7,11400.0,6519.0,9.803154934660672,57.184210526315795,17.14311493405916,86.16404101025256,3.587719298245614,-11.13679793673914
I3312,조선,2010,63963.0,17769.0,30427.0,2152.0,18338.0,688.0,45625.0,36968.0,8658.0,6222.0,3095.0,235.0,1907.0,28.7,248.8,201.6,47.2,62.5,11459.0,6457.0,10.094898613260792,56.348721528929225,17.915044635179715,82.30631897857606,6.004014311894581,-3.8135911818222845
I3312,조선,2011,60413.0,18971.0,26544.0,2507.0,18679.0,557.0,41734.0,34388.0,7346.0,5602.0,2732.0,270.0,1088.0,30.9,223.4,184.1,39.3,51.9,9692.0,5872.0,9.719762302815619,60.58605035080479,16.042904672835316,77.18971734325928,5.747007841518778,-5.550083642105596
I3312,조선,2012,60116.0,19543.0,26365.0,2754.0,18721.0,650.0,41395.0,31931.0,9464.0,7186.0,3777.0,350.0,2997.0,31.1,221.1,170.6,50.6,76.4,14310.0,7536.0,12.535764189234147,52.66247379454927,23.803978973983632,82.56866368106229,4.5422781271837875,-0.49161604290467453
I3312,조선,2013,59767.0,19727.0,28003.0,2914.0,13877.0,745.0,45890.0,31209.0,14681.0,6719.0,7542.0,0.0,3415.0,23.2,330.7,224.9,105.8,127.4,17676.0,6719.0,11.2419897267723,38.01199366372482,29.57484899693811,89.72732224678779,4.214754469336953,-0.5805442810566275
I3312,조선,2014,59820.0,19993.0,30255.0,4320.0,12036.0,714.0,47783.0,35797.0,11987.0,8588.0,6275.0,0.0,2774.0,20.1,397.0,297.4,99.6,146.5,17637.0,8588.0,14.3564025409562,48.69308839371775,29.483450351053158,84.51825571975306,4.048307535295118,0.08867769839544515
I3312,조선,2015,60608.0,20566.0,30181.0,4501.0,7910.0,850.0,52698.0,36788.0,15910.0,8709.0,10232.0,10.0,2207.0,13.1,666.2,465.1,201.1,267.5,21158.0,8719.0,14.38588965153115,41.20899896020418,34.90958289334741,82.04033924105687,4.017392948293789,1.3172851889000414
I3312,조선,2016,54122.0,20973.0,25630.0,3131.0,14213.0,840.0,39909.0,29853.0,10056.0,8493.0,6097.0,10.0,1213.0,26.3,280.8,210.0,70.7,111.3,15813.0,8503.0,15.710801522486234,53.77221273635616,29.21732382395329,85.85401802163936,5.3120849933598935,-10.701557550158391
I3312,조선,2017,45618.0,19602.0,20805.0,2629.0,16438.0,354.0,29180.0,21123.0,8058.0,6344.0,4802.0,173.0,699.0,36.0,177.5,128.5,49.0,73.1,12018.0,6517.0,14.286027445306676,54.22699284406723,26.344863869525188,98.49453202670075,2.9455816275586617,-15.712649199955653
I3312,조선,2018,45427.0,19487.0,22031.0,3782.0,16667.0,578.0,28760.0,19213.0,9547.0,5809.0,5654.0,6.0,766.0,36.7,172.6,115.3,57.3,73.4,12235.0,5815.0,12.800757258898892,47.527584797711484,26.93332159288529,114.66715244886274,4.724152022885166,-0.41869437502740636
I3312,조선,2019,59159.0,25462.0,29271.0,5676.0,21186.0,558.0,37972.0,28707.0,9266.0,7347.0,4326.0,0.0,1507.0,35.8,179.2,135.5,43.7,62.2,13180.0,7347.0,12.41907402085904,55.743550834597876,22.27894318700451,101.9646776047654,4.2336874051593325,30.228718603473716
I3312,조선,2020,57500.0,25136.0,28020.0,4854.0,21655.0,731.0,35845.0,27623.0,8223.0,6759.0,4091.0,0.0,1259.0,37.7,165.5,127.6,38.0,55.9,12109.0,6759.0,11.754782608695653,55.817986621521186,21.05913043478261,101.43720812366506,6.036832108349162,-2.8043070369681677
I3312,조선,2021,59664.0,25264.0,28842.0,5076.0,21145.0,628.0,38519.0,30669.0,7850.0,5083.0,3274.0,13.0,1688.0,35.4,182.2,145.0,37.1,47.6,10058.0,5096.0,8.541163850898364,50.66613640882879,16.857736658621615,94.04284456617431,6.2437860409624175,3.763478260869557
I3312,조선,2022,67806.0,25587.0,34998.0,6989.0,19277.0,575.0,48529.0,41107.0,7423.0,5143.0,3105.0,10.0,1533.0,28.4,251.7,213.2,38.5,50.8,9791.0,5153.0,7.599622452290358,52.62996629557757,14.439725098073916,85.13878414868515,5.8727402716780714,13.646419951729683
I3312,조선,2023,74124.0,26271.0,40848.0,7650.0,23143.0,746.0,50981.0,43140.0,7841.0,5043.0,4565.0,10.0,1194.0,31.2,220.3,186.4,33.9,46.7,10812.0,5053.0,6.816955372079218,46.73510913799482,14.586368787437268,94.68706536856746,6.899741028486867,9.317759490310596
I3312,조선,2024,84267.0,27182.0,46265.0,6601.0,26586.0,819.0,57681.0,48569.0,9112.0,7437.0,3587.0,170.0,1004.0,31.5,217.0,182.7,34.3,45.9,12198.0,7607.0,9.027258594704927,62.36268240695196,14.475417423190573,95.25623339990528,6.714215445154943,13.683827100534241
I3312,조선,2025,86788.0,28044.0,47258.0,6981.0,32235.0,682.0,54554.0,46051.0,8503.0,6319.0,3592.0,0.0,1348.0,37.1,169.2,142.9,26.4,34.9,11259.0,6319.0,7.280960501451814,56.12398969713118,12.97299165783288,102.62100714425311,6.05737632116529,2.9916812037926954
I3401,음식료,1994,7827.0,2805.0,3888.0,940.0,1566.0,342.0,6260.0,4386.0,1875.0,1916.0,491.0,0.0,646.0,20.0,399.7,280.0,119.7,194.9,3053.0,1916.0,24.479366296154335,62.75794300687848,39.00600485498914,88.64569083447333,11.202096298722568,
I3401,음식료,1995,8873.0,3145.0,4425.0,1070.0,1665.0,442.0,7207.0,5137.0,2070.0,2628.0,532.0,0.0,757.0,18.8,432.8,308.5,124.3,235.2,3917.0,2628.0,29.617942071452724,67.09216236916006,44.1451594725572,86.13977029394589,11.284146030125095,13.363996422639591
I3401,음식료,1996,10039.0,3549.0,5010.0,1234.0,1886.0,491.0,8153.0,5928.0,2225.0,2938.0,570.0,0.0,826.0,18.8,432.4,314.3,118.0,229.9,4334.0,2938.0,29.265863133778264,67.78957083525611,43.17163064050204,84.51417004048582,11.329026303645593,13.14098951876479
I3401,음식료,1997,12790.0,4669.0,5442.0,1385.0,2510.0,674.0,10280.0,7404.0,2875.0,3943.0,910.0,0.0,968.0,19.6,409.6,295.0,114.6,231.9,5821.0,3943.0,30.828772478498827,67.73750214739735,45.51211884284597,73.50081037277147,11.57876653495963,27.403127801573856
I3401,음식료,1998,16419.0,6427.0,6383.0,1611.0,4741.0,1071.0,11679.0,7233.0,4441.0,3252.0,2102.0,0.0,990.0,28.9,246.3,152.6,93.7,133.8,6344.0,3252.0,19.806321944089163,51.261034047919296,38.6381631037213,88.2483063735656,16.882093316519544,28.373729476153244
I3401,음식료,1999,17838.0,7052.0,6586.0,1928.0,6697.0,802.0,11140.0,6170.0,4970.0,2092.0,2469.0,0.0,1230.0,37.5,166.3,92.1,74.2,86.5,5791.0,2092.0,11.727772171768136,36.12502158521844,32.46440183877116,106.74230145867098,13.849076152650666,8.642426457153295
I3401,음식료,2000,19281.0,7654.0,7604.0,2165.0,7701.0,787.0,11580.0,7010.0,4569.0,2262.0,2241.0,0.0,1157.0,39.9,150.4,91.0,59.3,73.5,5660.0,2262.0,11.731756651625954,39.96466431095406,29.3553238939889,108.47360912981455,13.904593639575971,8.089471913891689
I3401,음식료,2001,19967.0,8324.0,7803.0,2287.0,8405.0,733.0,11562.0,7602.0,3960.0,2384.0,2416.0,0.0,635.0,42.1,137.6,90.4,47.1,64.7,5435.0,2384.0,11.939700505834628,43.863845446182154,27.21991285621275,102.64404104183109,13.486660533578657,3.5579067475753234
I3401,음식료,2002,20964.0,8735.0,8322.0,2354.0,8906.0,627.0,12058.0,7991.0,4067.0,2411.0,2261.0,0.0,708.0,42.5,135.4,89.7,45.7,60.4,5380.0,2411.0,11.500667811486357,44.814126394052046,25.663041404312153,104.14215992992115,11.654275092936803,4.993238844092751
I3401,음식료,2003,20751.0,8766.0,8919.0,2441.0,8473.0,545.0,12278.0,8580.0,3698.0,2784.0,2043.0,0.0,715.0,40.8,144.9,101.3,43.6,65.4,5542.0,2784.0,13.416220905016626,50.234572356549975,26.70714664353525,103.95104895104895,9.83399494767232,-1.0160274756725762
I3401,음식료,2004,21896.0,9009.0,9578.0,2441.0,8189.0,347.0,13707.0,7971.0,5736.0,2385.0,2172.0,0.0,706.0,37.4,167.4,97.3,70.0,64.3,5263.0,2385.0,10.892400438436244,45.31635949078473,24.036353671903544,120.16058211014928,6.593197795933878,5.517806370777323
I3401,음식료,2005,24762.0,9248.0,10710.0,2504.0,12119.0,334.0,12644.0,7966.0,4678.0,2374.0,2105.0,0.0,837.0,48.9,104.3,65.7,38.6,43.9,5316.0,2374.0,9.587270818189161,44.65763732129421,21.468378967773198,134.44639718804922,6.282919488337095,13.089148702959452
I3401,음식료,2006,25605.0,9746.0,10674.0,2599.0,13382.0,376.0,12224.0,8256.0,3968.0,2567.0,1403.0,0.0,1163.0,52.3,91.3,61.7,29.7,38.4,5133.0,2567.0,10.025385666861942,50.00974089226573,20.046865846514354,129.2877906976744,7.3251509838301185,3.4044099830385255
I3401,음식료,2007,29795.0,11504.0,12179.0,3327.0,15686.0,403.0,14109.0,10908.0,3201.0,3422.0,1441.0,474.0,348.0,52.6,89.9,69.5,20.4,36.2,5685.0,3896.0,13.076019466353413,68.53122251539138,19.08038261453264,111.65199853318666,7.088830255057169,16.363991407928147
I3401,음식료,2008,35284.0,13974.0,14815.0,5032.0,17797.0,468.0,17487.0,13323.0,4164.0,6095.0,1906.0,13.0,762.0,50.4,98.3,74.9,23.4,49.3,8776.0,6108.0,17.31096247590976,69.5989061075661,24.87246343951933,111.19867897620657,5.3327256153144935,18.42255411981877
I3401,음식료,2009,39034.0,16175.0,15199.0,4244.0,20985.0,484.0,18049.0,12482.0,5566.0,4532.0,2287.0,202.0,1452.0,53.8,86.0,59.5,26.5,40.4,8473.0,4734.0,12.12788850745504,55.871592116133606,21.706717220884357,121.76734497676654,5.712262480821432,10.628046706722593
I3401,음식료,2010,44449.0,17162.0,16873.0,4789.0,24576.0,484.0,19873.0,13941.0,5932.0,5106.0,2643.0,32.0,1250.0,55.3,80.9,56.7,24.1,36.7,9031.0,5138.0,11.559315170195054,56.8929243716089,20.317667439087494,121.0314898500825,5.35931790499391,13.872521391607307
I3401,음식료,2011,54717.0,20067.0,20970.0,6559.0,28016.0,535.0,26701.0,18806.0,7895.0,8195.0,2991.0,4.0,2398.0,51.2,95.3,67.1,28.2,48.5,13588.0,8199.0,14.98437414331926,60.34000588754783,24.833232816126618,111.50696586195895,3.9372976155431263,23.10063218520102
I3401,음식료,2012,58301.0,21629.0,21984.0,7099.0,30219.0,672.0,28082.0,18506.0,9576.0,7563.0,3455.0,3.0,3386.0,51.8,92.9,61.2,31.7,47.7,14407.0,7566.0,12.977478945472635,52.516137988477816,24.711411468070875,118.79390467956338,4.664399250364406,6.550066706873547
I3401,음식료,2013,60875.0,22946.0,22885.0,6796.0,32093.0,651.0,28781.0,19113.0,9668.0,7305.0,3842.0,0.0,3067.0,52.7,89.7,59.6,30.1,44.3,14214.0,7305.0,12.0,51.39299282397636,23.349486652977415,119.7352587244284,4.579991557619248,4.415018610315435
I3401,음식료,2014,64190.0,24002.0,24122.0,7537.0,34076.0,596.0,30114.0,20506.0,9608.0,7931.0,3511.0,0.0,3264.0,53.1,88.4,60.2,28.2,43.2,14706.0,7931.0,12.355507088331516,53.930368557051544,22.91011060912915,117.6338632595338,4.0527675778593775,5.445585215605742
I3401,음식료,2015,68281.0,25644.0,25119.0,7690.0,36464.0,567.0,31816.0,21291.0,10525.0,8488.0,3464.0,0.0,4151.0,53.4,87.3,58.4,28.9,44.2,16103.0,8488.0,12.430983729002211,52.71067502949761,23.583427307743005,117.97942792729322,3.521083028007203,6.3732668639975065
I3401,음식료,2016,73158.0,27144.0,27481.0,8057.0,39775.0,552.0,33383.0,22328.0,11055.0,8574.0,3796.0,7.0,4335.0,54.4,83.9,56.1,27.8,42.0,16712.0,8581.0,11.72940758358621,51.346337960746766,22.84370813854944,123.0786456467216,3.303015797032073,7.142543313659733
I3401,음식료,2017,78992.0,31030.0,28798.0,8610.0,42944.0,594.0,36047.0,23700.0,12347.0,8321.0,4019.0,0.0,5560.0,54.4,83.9,55.2,28.8,41.7,17900.0,8321.0,10.533978124367025,46.486033519553075,22.660522584565527,121.51054852320675,3.318435754189944,7.974520899969928
I3401,음식료,2018,84219.0,33014.0,29941.0,9615.0,46394.0,662.0,37825.0,25076.0,12749.0,9169.0,4292.0,0.0,5574.0,55.1,81.5,54.1,27.5,41.0,19035.0,9169.0,10.88709198636887,48.16916206987129,22.601788195062873,119.4010208964747,3.4778040451799317,6.617125784889599
I3401,음식료,2019,93361.0,36310.0,33644.0,10552.0,49439.0,818.0,43921.0,28510.0,15411.0,9488.0,5363.0,0.0,5924.0,53.0,88.8,57.7,31.2,42.0,20775.0,9488.0,10.162701770546589,45.67027677496991,22.252332344340783,118.00771659066993,3.9374247894103487,10.855032712333323
I3401,음식료,2020,96090.0,36911.0,34061.0,10785.0,52252.0,739.0,43837.0,27578.0,16260.0,9318.0,6235.0,1.0,6083.0,54.4,83.9,52.8,31.1,41.4,21637.0,9319.0,9.698199604537413,43.0697416462541,22.51743157456551,123.50786859090579,3.4154457642002125,2.9230620923083483
I3401,음식료,2021,105718.0,38730.0,38674.0,12370.0,56499.0,697.0,49219.0,33397.0,15822.0,11719.0,6602.0,0.0,5373.0,53.4,87.1,59.1,28.0,41.9,23694.0,11719.0,11.085151062259975,49.45977884696548,22.412455778580753,115.80082043297301,2.9416729973833036,10.01977312935789
I3401,음식료,2022,112835.0,40069.0,43137.0,15634.0,59398.0,1000.0,53437.0,36395.0,17042.0,14517.0,6712.0,0.0,6714.0,52.6,90.0,61.3,28.7,47.0,27943.0,14517.0,12.865688837683342,51.95218838349497,24.76447910666017,118.52452259925815,3.578713810256594,6.732060765432557
I3401,음식료,2023,117438.0,42133.0,45245.0,14507.0,63177.0,1506.0,54261.0,37317.0,16945.0,14246.0,6876.0,1.0,6404.0,53.8,85.9,59.1,26.8,43.6,27527.0,14247.0,12.131507689163644,51.75645729647256,23.43960217306153,121.2450089771418,5.4709921168307485,4.079407985110994
I3401,음식료,2024,122494.0,44179.0,47012.0,14753.0,66980.0,1550.0,55514.0,39351.0,16164.0,15298.0,6180.0,1.0,6141.0,54.7,82.9,58.7,24.1,41.2,27620.0,15299.0,12.489591326922135,55.39102099927589,22.548043169461362,119.46837437422175,5.611875452570601,4.305250430014129
I3401,음식료,2025,128279.0,46576.0,48842.0,15818.0,68991.0,1450.0,59287.0,41334.0,17953.0,15718.0,7606.0,22.0,6086.0,53.8,85.9,59.9,26.0,42.7,29432.0,15740.0,12.270129951122163,53.479206306061435,22.943739817117375,118.164223157691,4.926610491981517,4.722680294545034
I3402,담배,1994,3073.0,656.0,2014.0,1368.0,2472.0,0.0,601.0,386.0,215.0,1.0,0.0,0.0,0.0,80.4,24.3,15.6,8.7,0.1,1.0,1.0,0.03254149040026033,100.0,0.03254149040026033,521.761658031088,0.0,
I3402,담배,1995,3505.0,704.0,2407.0,1562.0,2680.0,1.0,824.0,574.0,250.0,1.0,1.0,0.0,0.0,76.5,30.8,21.4,9.3,0.1,2.0,1.0,0.028530670470756064,50.0,0.05706134094151213,419.3379790940766,50.0,14.057923852912468
I3402,담배,1996,3514.0,753.0,2304.0,1554.0,2685.0,1.0,829.0,417.0,412.0,1.0,1.0,0.0,0.0,76.4,30.9,15.5,15.3,0.1,2.0,1.0,0.028457598178713718,50.0,0.056915196357427436,552.5179856115108,50.0,0.2567760342367942
I3402,담배,1997,3293.0,791.0,2050.0,1570.0,2458.0,1.0,835.0,505.0,329.0,43.0,1.0,0.0,0.0,74.7,33.9,20.6,13.4,1.8,44.0,43.0,1.3058001822046765,97.72727272727273,1.3361676283024597,405.94059405940595,2.272727272727273,-6.289129197495735
I3402,담배,1998,3449.0,935.0,2012.0,1421.0,2744.0,7.0,705.0,417.0,288.0,16.0,0.0,0.0,0.0,79.6,25.7,15.2,10.5,0.6,16.0,16.0,0.4639025804581038,100.0,0.4639025804581038,482.4940047961631,43.75,4.737321591254173
I3402,담배,1999,3755.0,932.0,2403.0,1404.0,2892.0,1.0,863.0,835.0,28.0,7.0,0.0,0.0,0.0,77.0,29.9,28.9,1.0,0.3,7.0,7.0,0.18641810918774968,100.0,0.18641810918774968,287.78443113772454,14.285714285714285,8.872136851261224
I3402,담배,2000,3882.0,953.0,2379.0,1382.0,2784.0,1.0,1097.0,1062.0,35.0,0.0,0.0,0.0,0.0,71.7,39.4,38.1,1.3,0.0,0.0,0.0,0.0,,0.0,224.01129943502823,,3.3821571238348946
I3402,담배,2001,3799.0,1006.0,1975.0,1425.0,2654.0,4.0,1145.0,783.0,362.0,16.0,0.0,0.0,311.0,69.9,43.1,29.5,13.7,12.3,327.0,16.0,0.42116346406949196,4.892966360856269,8.607528296920242,252.23499361430396,1.2232415902140672,-2.1380731581658985
I3402,담배,2002,4286.0,1267.0,2077.0,1552.0,2071.0,35.0,2215.0,1253.0,962.0,300.0,0.0,0.0,904.0,48.3,107.0,60.5,46.5,58.2,1204.0,300.0,6.99953336444237,24.916943521594686,28.09146056929538,165.76217079010377,2.9069767441860463,12.819162937615157
I3402,담배,2003,4440.0,1340.0,2103.0,1507.0,2925.0,52.0,1515.0,785.0,730.0,28.0,0.0,0.0,624.0,65.9,51.8,26.8,25.0,22.3,652.0,28.0,0.6306306306306306,4.294478527607362,14.684684684684685,267.8980891719745,7.975460122699387,3.593093793747082
I3402,담배,2004,4423.0,1391.0,2345.0,1348.0,3335.0,22.0,1087.0,804.0,284.0,65.0,0.0,0.0,111.0,75.4,32.6,24.1,8.5,5.3,176.0,65.0,1.4695907754917477,36.93181818181818,3.9791996382545785,291.66666666666663,12.5,-0.3828828828828845
I3402,담배,2005,4588.0,1403.0,2478.0,1181.0,3595.0,11.0,993.0,685.0,309.0,32.0,0.0,0.0,68.0,78.3,27.6,19.0,8.6,2.8,100.0,32.0,0.6974716652136007,32.0,2.1795989537925022,361.75182481751824,11.0,3.730499660863673
I3402,담배,2006,4254.0,1512.0,2012.0,1064.0,3165.0,7.0,1089.0,800.0,289.0,11.0,0.0,0.0,0.0,74.4,34.4,25.3,9.1,0.3,11.0,11.0,0.25858015984955335,100.0,0.25858015984955335,251.5,63.63636363636363,-7.279860505666957
I3402,담배,2007,4417.0,1582.0,1722.0,1020.0,3272.0,7.0,1145.0,918.0,227.0,54.0,0.0,0.0,0.0,74.1,35.0,28.1,6.9,1.6,54.0,54.0,1.222549241566674,100.0,1.222549241566674,187.58169934640523,12.962962962962962,3.831687823225205
I3402,담배,2008,4947.0,1554.0,2108.0,1135.0,3725.0,7.0,1222.0,1007.0,216.0,45.0,0.0,0.0,0.0,75.3,32.8,27.0,5.8,1.2,45.0,45.0,0.9096422073984234,100.0,0.9096422073984234,209.33465739821253,15.555555555555555,11.999094407969203
I3402,담배,2009,5412.0,1396.0,2490.0,1116.0,4053.0,6.0,1358.0,1174.0,184.0,70.0,0.0,0.0,0.0,74.9,33.5,29.0,4.5,1.7,70.0,70.0,1.2934220251293422,100.0,1.2934220251293422,212.0954003407155,8.571428571428571,9.399636143117052
I3402,담배,2010,5981.0,1447.0,3028.0,1064.0,4558.0,8.0,1423.0,1255.0,167.0,75.0,0.0,0.0,0.0,76.2,31.2,27.5,3.7,1.6,75.0,75.0,1.2539709078749373,100.0,1.2539709078749373,241.27490039840634,10.666666666666668,10.513673318551376
I3402,담배,2011,6259.0,1487.0,2864.0,982.0,4795.0,11.0,1464.0,1268.0,196.0,88.0,0.0,0.0,0.0,76.6,30.5,26.4,4.1,1.8,88.0,88.0,1.4059753954305798,100.0,1.4059753954305798,225.86750788643536,12.5,4.6480521651897755
I3402,담배,2012,6843.0,1567.0,3244.0,1000.0,5188.0,9.0,1655.0,1444.0,211.0,195.0,0.0,0.0,0.0,75.8,31.9,27.8,4.1,3.8,195.0,195.0,2.8496273564226215,100.0,2.8496273564226215,224.65373961218836,4.615384615384616,9.330563987857477
I3402,담배,2013,6919.0,1583.0,3273.0,1068.0,5298.0,9.0,1621.0,1438.0,183.0,214.0,0.0,0.0,0.0,76.6,30.6,27.1,3.5,4.0,214.0,214.0,3.092932504697211,100.0,3.092932504697211,227.6077885952712,4.205607476635514,1.1106239953236896
I3402,담배,2014,7276.0,1692.0,3534.0,1051.0,5616.0,8.0,1660.0,1448.0,212.0,309.0,0.0,0.0,0.0,77.2,29.6,25.8,3.8,5.5,309.0,309.0,4.246838922484882,100.0,4.246838922484882,244.060773480663,2.5889967637540456,5.1597051597051635
I3402,담배,2015,8475.0,1704.0,4592.0,1014.0,6235.0,5.0,2239.0,2067.0,172.0,75.0,0.0,0.0,0.0,73.6,35.9,33.2,2.8,1.2,75.0,75.0,0.8849557522123894,100.0,0.8849557522123894,222.15771649733912,6.666666666666667,16.47883452446399
I3402,담배,2016,9747.0,1560.0,5633.0,1063.0,6533.0,5.0,3214.0,3068.0,146.0,213.0,0.0,0.0,0.0,67.0,49.2,47.0,2.2,3.3,213.0,213.0,2.185287780855648,100.0,2.185287780855648,183.60495436766624,2.3474178403755865,15.00884955752213
I3402,담배,2017,10010.0,1814.0,5325.0,1077.0,7211.0,13.0,2798.0,2699.0,99.0,343.0,0.0,0.0,0.0,72.0,38.8,37.4,1.4,4.8,343.0,343.0,3.4265734265734267,100.0,3.4265734265734267,197.29529455353835,3.7900874635568513,2.6982661331691693
I3402,담배,2018,10589.0,2026.0,5416.0,1207.0,7526.0,24.0,3064.0,2973.0,91.0,1024.0,0.0,0.0,0.0,71.1,40.7,39.5,1.2,13.6,1024.0,1024.0,9.67041269241666,100.0,9.67041269241666,182.17288933736967,2.34375,5.784215784215774
I3402,담배,2019,10610.0,1985.0,4922.0,1140.0,7986.0,24.0,2624.0,2403.0,221.0,527.0,120.0,0.0,0.0,75.3,32.8,30.1,2.8,8.1,647.0,527.0,4.9670122525918945,81.45285935085008,6.098020735155513,204.82729920932167,3.7094281298299845,0.19831901029370158
I3402,담배,2020,11249.0,1937.0,5258.0,1139.0,8354.0,17.0,2895.0,2655.0,240.0,202.0,112.0,0.0,0.0,74.3,34.7,31.8,2.9,3.8,314.0,202.0,1.7957151746821938,64.3312101910828,2.791359231931727,198.04143126177024,5.414012738853503,6.022620169651272
I3402,담배,2021,11033.0,1950.0,4453.0,1107.0,8277.0,9.0,2756.0,2541.0,214.0,68.0,128.0,0.0,0.0,75.0,33.3,30.7,2.6,2.4,196.0,68.0,0.6163328197226503,34.69387755102041,1.7764887156711682,175.24596615505706,4.591836734693878,-1.9201706818383846
I3402,담배,2022,11561.0,1993.0,4699.0,1351.0,8410.0,9.0,3151.0,3068.0,83.0,19.0,0.0,0.0,0.0,72.7,37.5,36.5,1.0,0.2,19.0,19.0,0.16434564484041175,100.0,0.16434564484041175,153.16166883963493,47.368421052631575,4.785643070787637
I3402,담배,2023,12071.0,2303.0,4193.0,1469.0,8364.0,22.0,3708.0,3290.0,418.0,169.0,17.0,0.0,299.0,69.3,44.3,39.3,5.0,5.8,485.0,169.0,1.4000497059067185,34.845360824742265,4.01789412641869,127.4468085106383,4.536082474226804,4.4113830983478985
I3402,담배,2024,12745.0,2437.0,4836.0,1530.0,8253.0,37.0,4492.0,3546.0,946.0,456.0,15.0,0.0,808.0,64.8,54.4,43.0,11.5,15.5,1279.0,456.0,3.5778736759513534,35.65285379202502,10.035307963907416,136.37901861252115,2.8928850664581707,5.583630188054012
I3402,담배,2025,13055.0,2216.0,4840.0,1579.0,8210.0,75.0,4844.0,3639.0,1205.0,507.0,4.0,0.0,907.0,62.9,59.0,44.3,14.7,17.3,1418.0,507.0,3.883569513596323,35.75458392101552,10.861738797395635,133.00357241000276,5.289139633286319,2.432326402510787
I3403,섬유,1994,3678.0,1584.0,1734.0,843.0,1505.0,112.0,2173.0,1468.0,705.0,725.0,210.0,0.0,183.0,40.9,144.4,97.5,46.9,74.3,1118.0,725.0,19.711799891245242,64.8479427549195,30.39695486677542,118.11989100817439,10.01788908765653,
I3403,섬유,1995,4250.0,1746.0,2068.0,1063.0,1580.0,145.0,2669.0,1729.0,941.0,937.0,354.0,0.0,250.0,37.2,168.9,109.4,59.5,97.5,1541.0,937.0,22.04705882352941,60.804672290720305,36.258823529411764,119.60670908039329,9.409474367293964,15.55193039695486
I3403,섬유,1996,4679.0,2235.0,1978.0,817.0,1440.0,165.0,3240.0,2238.0,1002.0,1273.0,351.0,0.0,312.0,30.8,225.0,155.4,69.6,134.5,1936.0,1273.0,27.206668091472537,65.75413223140497,41.37636247061338,88.38248436103665,8.522727272727272,10.09411764705883
I3403,섬유,1997,5031.0,2218.0,2291.0,901.0,1228.0,264.0,3804.0,2521.0,1282.0,1393.0,555.0,0.0,411.0,24.4,309.8,205.4,104.4,192.2,2359.0,1393.0,27.68833233949513,59.05044510385756,46.889286424170145,90.87663625545417,11.191182704535821,7.522974994656972
I3403,섬유,1998,5277.0,2320.0,2398.0,854.0,1565.0,248.0,3713.0,2037.0,1671.0,790.0,1191.0,0.0,117.0,29.6,237.3,130.2,106.8,134.1,2098.0,790.0,14.970627250331628,37.65490943755958,39.75743793822247,117.72214040255278,11.820781696854146,4.889683959451396
I3403,섬유,1999,5881.0,2538.0,2760.0,912.0,2259.0,221.0,3622.0,2217.0,1404.0,792.0,878.0,0.0,135.0,38.4,160.3,98.1,62.1,79.9,1805.0,792.0,13.467097432409455,43.878116343490305,30.69205917360993,124.49255751014886,12.24376731301939,11.445897290126972
I3403,섬유,2000,7554.0,4169.0,2767.0,1044.0,3385.0,189.0,4169.0,2767.0,1401.0,1215.0,832.0,0.0,75.0,44.8,123.1,81.7,41.4,62.7,2122.0,1215.0,16.08419380460683,57.25730442978322,28.09107757479481,100.0,8.9066918001885,28.447542934875013
I3403,섬유,2001,7219.0,3967.0,2562.0,997.0,3335.0,211.0,3884.0,2466.0,1418.0,1106.0,896.0,0.0,58.0,46.2,116.5,73.9,42.5,61.8,2060.0,1106.0,15.32068153483862,53.689320388349515,28.5358082836958,103.89294403892944,10.242718446601943,-4.434736563410113
I3403,섬유,2002,7270.0,3869.0,2654.0,1025.0,3504.0,143.0,3766.0,2498.0,1268.0,999.0,824.0,0.0,46.0,48.2,107.5,71.3,36.2,53.3,1869.0,999.0,13.741403026134801,53.45104333868379,25.708390646492436,106.24499599679744,7.651150347779562,0.7064690400332418
I3403,섬유,2003,7320.0,3794.0,2742.0,1108.0,3492.0,196.0,3829.0,2599.0,1230.0,994.0,833.0,0.0,70.0,47.7,109.6,74.4,35.2,54.3,1897.0,994.0,13.579234972677595,52.398523985239855,25.91530054644809,105.5021161985379,10.33210332103321,0.687757909215958
I3403,섬유,2004,7475.0,3665.0,2913.0,1151.0,4081.0,165.0,3394.0,2462.0,932.0,1049.0,427.0,0.0,223.0,54.6,83.2,60.3,22.8,41.6,1699.0,1049.0,14.033444816053512,61.74220129487934,22.729096989966553,118.31844029244516,9.711595055915243,2.117486338797825
I3403,섬유,2005,7873.0,3633.0,3125.0,1169.0,4337.0,119.0,3537.0,2626.0,911.0,1245.0,364.0,0.0,144.0,55.1,81.5,60.5,21.0,40.4,1753.0,1245.0,15.813539946653119,71.02110667427267,22.265972310428044,119.002284843869,6.7883628066172275,5.324414715719072
I3403,섬유,2006,7779.0,3557.0,2929.0,1099.0,4373.0,121.0,3406.0,2555.0,851.0,1185.0,364.0,4.0,184.0,56.2,77.9,58.4,19.5,39.7,1737.0,1189.0,15.284740969276257,68.45135290731146,22.329348245275742,114.63796477495107,6.966033390903857,-1.1939540200685883
I3403,섬유,2007,8001.0,3566.0,2940.0,1114.0,4515.0,124.0,3486.0,2597.0,889.0,1188.0,441.0,27.0,109.0,56.4,77.2,57.5,19.7,39.1,1765.0,1215.0,15.185601799775029,68.83852691218131,22.059742532183478,113.20754716981132,7.025495750708215,2.8538372541457857
I3403,섬유,2008,9205.0,4092.0,3471.0,1209.0,4943.0,154.0,4262.0,3283.0,979.0,1702.0,616.0,12.0,31.0,53.7,86.2,66.4,19.8,47.8,2361.0,1714.0,18.62031504617056,72.59635747564592,25.649103747963064,105.72646969235456,6.522659889877171,15.048118985126857
I3403,섬유,2009,9601.0,4068.0,3614.0,1185.0,5502.0,153.0,4099.0,3138.0,961.0,1470.0,522.0,44.0,102.0,57.3,74.5,57.0,17.5,38.9,2138.0,1514.0,15.769190709301114,70.81384471468662,22.26851369648995,115.16889738687061,7.15622076707203,4.302009777294957
I3403,섬유,2010,13876.0,5466.0,5510.0,1911.0,7547.0,217.0,6329.0,4600.0,1729.0,1782.0,657.0,17.0,609.0,54.4,83.9,61.0,22.9,40.6,3065.0,1799.0,12.964831363505333,58.694942903752036,22.088498126261168,119.78260869565219,7.079934747145187,44.52661181126967
I3403,섬유,2011,16393.0,5851.0,7024.0,2505.0,8497.0,172.0,7896.0,6037.0,1859.0,2551.0,893.0,0.0,390.0,51.8,92.9,71.1,21.9,45.1,3834.0,2551.0,15.561520161044347,66.53625456442359,23.388031476849875,116.34918005631936,4.486176317162233,18.139233208417416
I3403,섬유,2012,16708.0,6069.0,7018.0,2396.0,8782.0,227.0,7926.0,5961.0,1964.0,2527.0,886.0,0.0,505.0,52.6,90.2,67.9,22.4,44.6,3918.0,2527.0,15.124491261671055,64.49719244512507,23.449844385922912,117.73192417379634,5.793772332822869,1.9215518819008182
I3403,섬유,2013,17470.0,6275.0,7365.0,2547.0,9268.0,169.0,8202.0,6195.0,2008.0,2849.0,915.0,0.0,475.0,53.0,88.5,66.8,21.7,45.7,4239.0,2849.0,16.307956496851748,67.20924746402453,24.264453348597595,118.8861985472155,3.9867893371078087,4.560689490064629
I3403,섬유,2014,17911.0,6652.0,7117.0,2521.0,9763.0,187.0,8148.0,6128.0,2020.0,3112.0,1035.0,0.0,337.0,54.5,83.5,62.8,20.7,45.9,4484.0,3112.0,17.37479761040701,69.40231935771632,25.034894757411646,116.13903394255875,4.170383586083854,2.5243274184316045
I3403,섬유,2015,18607.0,6829.0,7359.0,2525.0,10134.0,178.0,8474.0,5946.0,2528.0,2980.0,1278.0,0.0,412.0,54.5,83.6,58.7,24.9,46.1,4670.0,2980.0,16.015478045896707,63.811563169164884,25.098081367227387,123.76387487386478,3.8115631691648826,3.885880185360957
I3403,섬유,2016,19754.0,7054.0,7958.0,2629.0,10719.0,172.0,9034.0,6446.0,2588.0,3048.0,1369.0,7.0,341.0,54.3,84.3,60.1,24.1,44.5,4765.0,3055.0,15.465222233471701,64.11332633788038,24.121696871519692,123.45640707415451,3.6096537250786986,6.16434675122266
I3403,섬유,2017,20588.0,7077.0,8279.0,2615.0,11159.0,200.0,9428.0,6723.0,2706.0,3112.0,1344.0,8.0,503.0,54.2,84.5,60.2,24.2,44.5,4967.0,3120.0,15.154458908101805,62.8145762029394,24.12570429376336,123.14442957013239,4.02657539762432,4.22192973574973
I3403,섬유,2018,24429.0,7934.0,9799.0,3365.0,12690.0,240.0,11739.0,8618.0,3121.0,4006.0,1608.0,0.0,662.0,51.9,92.5,67.9,24.6,49.5,6276.0,4006.0,16.398542715624874,63.83046526449968,25.69077735478325,113.70387560919006,3.824091778202677,18.656498931416365
I3403,섬유,2019,24558.0,8163.0,9663.0,3238.0,12953.0,268.0,11605.0,8317.0,3288.0,4127.0,1574.0,8.0,686.0,52.7,89.6,64.2,25.4,49.4,6395.0,4135.0,16.837690365664955,64.65989053948398,26.04039416890626,116.1837200913791,4.190774042220484,0.5280609112120915
I3403,섬유,2020,25307.0,8112.0,9919.0,2889.0,14131.0,209.0,11176.0,8120.0,3055.0,3575.0,1683.0,1.0,389.0,55.8,79.1,57.5,21.6,40.0,5648.0,3576.0,14.13047773343344,63.31444759206799,22.317935749002253,122.1551724137931,3.7004249291784705,3.0499226321361705
I3403,섬유,2021,29100.0,8419.0,11853.0,3572.0,16526.0,181.0,12574.0,9171.0,3403.0,3771.0,1780.0,0.0,544.0,56.8,76.1,55.5,20.6,36.9,6095.0,3771.0,12.958762886597938,61.87038556193601,20.945017182130584,129.2443572129539,2.9696472518457755,14.987947998577479
I3403,섬유,2022,29485.0,8697.0,11240.0,3720.0,17361.0,260.0,12125.0,8864.0,3260.0,4145.0,1740.0,0.0,495.0,58.9,69.8,51.1,18.8,36.8,6380.0,4145.0,14.057995590978464,64.96865203761756,21.638121078514498,126.80505415162455,4.075235109717868,1.3230240549828132
I3403,섬유,2023,29293.0,8849.0,10561.0,3408.0,17557.0,373.0,11736.0,8861.0,2876.0,3975.0,1503.0,0.0,459.0,59.9,66.8,50.5,16.4,33.8,5937.0,3975.0,13.569794831529716,66.95300656897423,20.267640733280988,119.18519354474664,6.28263432710123,-0.6511785653722235
I3403,섬유,2024,32289.0,9424.0,12024.0,3347.0,19181.0,387.0,13108.0,9420.0,3688.0,4121.0,2212.0,1.0,399.0,59.4,68.3,49.1,19.2,35.1,6733.0,4122.0,12.76595744680851,61.22085251745136,20.852302641766546,127.64331210191082,5.747809297489974,10.227699450380644
I3403,섬유,2025,33972.0,10002.0,11388.0,3436.0,20354.0,378.0,13618.0,9375.0,4243.0,4475.0,2073.0,0.0,1017.0,59.9,66.9,46.1,20.8,37.2,7565.0,4475.0,13.17261273990345,59.15399867812293,22.268338631814437,121.47200000000001,4.9966953073364175,5.212301402954567
I3404,의류,1994,1652.0,359.0,1084.0,340.0,583.0,43.0,1069.0,759.0,310.0,184.0,69.0,0.0,168.0,35.3,183.4,130.1,53.2,72.1,421.0,184.0,11.138014527845035,43.705463182897866,25.484261501210653,142.81949934123847,10.21377672209026,
I3404,의류,1995,2253.0,466.0,1525.0,467.0,718.0,62.0,1534.0,1142.0,392.0,339.0,74.0,0.0,216.0,31.9,213.6,159.0,54.6,87.5,629.0,339.0,15.046604527296935,53.89507154213037,27.918331114070128,133.53765323992994,9.85691573926868,36.38014527845037
I3404,의류,1996,2797.0,600.0,1787.0,586.0,879.0,79.0,1918.0,1322.0,596.0,380.0,140.0,0.0,297.0,31.4,218.3,150.5,67.8,93.1,817.0,380.0,13.585984983911334,46.51162790697674,29.209867715409366,135.17397881996976,9.66952264381885,24.145583666222812
I3404,의류,1997,3399.0,692.0,2263.0,748.0,932.0,160.0,2467.0,1853.0,611.0,634.0,163.0,0.0,256.0,27.4,264.5,198.8,65.5,112.9,1053.0,634.0,18.6525448661371,60.20892687559354,30.979699911738745,122.1262817053427,15.194681861348528,21.52306042188059
I3404,의류,1998,3052.0,781.0,1712.0,495.0,120.0,234.0,2932.0,1576.0,1355.0,611.0,509.0,0.0,110.0,3.9,2439.6,1311.2,1126.9,1023.2,1230.0,611.0,20.019659239842728,49.674796747967484,40.30144167758847,108.62944162436547,19.024390243902438,-10.20888496616652
I3404,의류,1999,3722.0,1022.0,2062.0,557.0,1050.0,145.0,2672.0,1516.0,1157.0,414.0,254.0,0.0,172.0,28.2,254.6,144.4,110.2,80.1,840.0,414.0,11.123052122514778,49.28571428571429,22.568511552928534,136.01583113456462,17.261904761904763,21.95281782437746
I3404,의류,2000,4240.0,1068.0,2519.0,693.0,1643.0,107.0,2597.0,1656.0,941.0,421.0,264.0,0.0,155.0,38.8,158.0,100.8,57.3,51.1,840.0,421.0,9.929245283018869,50.11904761904762,19.81132075471698,152.1135265700483,12.738095238095237,13.917248790972604
I3404,의류,2001,5055.0,1194.0,3054.0,728.0,2192.0,102.0,2863.0,2040.0,823.0,508.0,231.0,0.0,67.0,43.4,130.6,93.1,37.6,36.8,806.0,508.0,10.049455984174086,63.0272952853598,15.944609297725023,149.7058823529412,12.655086848635236,19.22169811320755
I3404,의류,2002,5470.0,1288.0,3214.0,1158.0,2530.0,83.0,2940.0,2206.0,734.0,696.0,235.0,0.0,18.0,46.3,116.2,87.2,29.0,37.5,949.0,696.0,12.723948811700184,73.34035827186513,17.349177330895795,145.6935630099728,8.74604847207587,8.20969337289812
I3404,의류,2003,6534.0,1423.0,3444.0,1428.0,2900.0,95.0,3634.0,2908.0,726.0,1324.0,214.0,0.0,38.0,44.4,125.3,100.3,25.1,54.3,1576.0,1324.0,20.26323844505663,84.01015228426397,24.119987756351392,118.43191196698761,6.027918781725888,19.451553930530174
I3404,의류,2004,6679.0,1459.0,3880.0,1676.0,3368.0,89.0,3311.0,2546.0,765.0,948.0,158.0,0.0,104.0,50.4,98.3,75.6,22.7,35.9,1210.0,948.0,14.193741578080552,78.34710743801652,18.116484503668215,152.39591516103692,7.355371900826446,2.2191613100704055
I3404,의류,2005,7641.0,1643.0,4377.0,1829.0,3893.0,108.0,3748.0,2902.0,846.0,1032.0,206.0,0.0,72.0,50.9,96.3,74.5,21.7,33.7,1310.0,1032.0,13.506085590891246,78.77862595419847,17.14435283339877,150.82701585113713,8.244274809160306,14.403353795478369
I3404,의류,2006,9623.0,2071.0,5570.0,2351.0,4822.0,133.0,4800.0,3727.0,1074.0,1365.0,366.0,0.0,111.0,50.1,99.5,77.3,22.3,38.2,1842.0,1365.0,14.184765665592849,74.1042345276873,19.14163982126156,149.44995975315268,7.220412595005429,25.939013218165165
I3404,의류,2007,10563.0,2336.0,6119.0,2707.0,5371.0,163.0,5192.0,4001.0,1191.0,1623.0,511.0,16.0,171.0,50.8,96.7,74.5,22.2,43.2,2321.0,1639.0,15.516425257975955,70.61611374407583,21.972924358610243,152.93676580854788,7.0228349849202925,9.768263535280063
I3404,의류,2008,12256.0,2650.0,6787.0,2995.0,6108.0,213.0,6147.0,5044.0,1103.0,2394.0,419.0,9.0,65.0,49.8,100.6,82.6,18.1,47.2,2887.0,2403.0,19.60672323759791,83.2351922410807,23.555809399477805,134.55590800951626,7.377900935226879,16.027643661838486
I3404,의류,2009,12925.0,2678.0,7106.0,3104.0,6992.0,217.0,5934.0,4728.0,1205.0,2172.0,307.0,121.0,265.0,54.1,84.9,67.6,17.2,41.0,2865.0,2293.0,17.740812379110253,80.03490401396161,22.166344294003867,150.29610829103214,7.574171029668412,5.458550913838112
I3404,의류,2010,15330.0,2972.0,8677.0,3961.0,8061.0,215.0,7269.0,5869.0,1400.0,2591.0,341.0,40.0,307.0,52.6,90.2,72.8,17.4,40.7,3279.0,2631.0,17.16242661448141,80.23787740164684,21.389432485322896,147.84460725847674,6.556877096675816,18.607350096711794
I3404,의류,2011,17754.0,2976.0,10115.0,5169.0,9106.0,257.0,8647.0,6900.0,1748.0,3185.0,498.0,37.0,501.0,51.3,95.0,75.8,19.2,46.4,4221.0,3222.0,18.148022980736737,76.33262260127933,23.774923960797565,146.59420289855072,6.088604596067283,15.812133072407054
I3404,의류,2012,19307.0,3156.0,10958.0,5328.0,9775.0,294.0,9532.0,7318.0,2214.0,3469.0,671.0,36.0,580.0,50.6,97.5,74.9,22.6,48.6,4756.0,3505.0,18.154037395763194,73.69638351555929,24.633552597503495,149.7403662202788,6.181665264928511,8.747324546581048
I3404,의류,2013,21469.0,3550.0,12196.0,5928.0,10792.0,254.0,10677.0,8414.0,2262.0,3926.0,796.0,47.0,429.0,50.3,98.9,78.0,21.0,48.2,5198.0,3973.0,18.50575248032046,76.43324355521355,24.211654012762587,144.94889469931067,4.886494805694499,11.198011084062776
I3404,의류,2014,22784.0,3770.0,12952.0,6410.0,11683.0,257.0,11102.0,8645.0,2457.0,4271.0,797.0,20.0,525.0,51.3,95.0,74.0,21.0,48.0,5613.0,4291.0,18.833391853932586,76.44753251380723,24.63570926966292,149.8207056101793,4.578656689827187,6.125110624621555
I3404,의류,2015,25050.0,3958.0,14501.0,7105.0,12788.0,251.0,12261.0,9513.0,2748.0,4785.0,1109.0,33.0,572.0,51.1,95.9,74.4,21.5,50.8,6499.0,4818.0,19.233532934131738,74.13448222803508,25.944111776447105,152.43351203616103,3.8621326357901213,9.94557584269662
I3404,의류,2016,26244.0,3995.0,15556.0,7163.0,13558.0,257.0,12685.0,10336.0,2350.0,4821.0,1022.0,0.0,306.0,51.7,93.6,76.2,17.3,45.4,6149.0,4821.0,18.36991312299954,78.40299235648072,23.430117360158512,150.50309597523218,4.179541388843715,4.766467065868274
I3404,의류,2017,27346.0,4240.0,15957.0,7143.0,14428.0,261.0,12918.0,10577.0,2341.0,4673.0,1070.0,298.0,276.0,52.8,89.5,73.3,16.2,43.8,6317.0,4971.0,18.17816133986689,78.69241728668672,23.100270606304395,150.86508461756642,4.1317080892828875,4.199055022100295
I3404,의류,2018,28148.0,4243.0,16189.0,7360.0,15187.0,294.0,12961.0,10699.0,2262.0,5258.0,882.0,0.0,296.0,54.0,85.3,70.4,14.9,42.4,6436.0,5258.0,18.679835157027142,81.69670602858918,22.864857183458863,151.31320684176092,4.568054692355501,2.9327872449352643
I3404,의류,2019,29216.0,5084.0,15954.0,7784.0,16018.0,353.0,13198.0,10196.0,3002.0,4647.0,1304.0,0.0,310.0,54.8,82.4,63.7,18.7,39.1,6261.0,4647.0,15.905668127053668,74.22137038811691,21.430038335158816,156.47312671635936,5.638076984507267,3.7942304959499795
I3404,의류,2020,29108.0,5118.0,15654.0,7142.0,15758.0,300.0,13350.0,10086.0,3265.0,4629.0,1402.0,0.0,657.0,54.1,84.7,64.0,20.7,42.4,6688.0,4629.0,15.90284457880995,69.21351674641149,22.97650130548303,155.20523497917907,4.485645933014354,-0.36966046002190334
I3404,의류,2021,33465.0,5835.0,17807.0,8061.0,17803.0,281.0,15662.0,11626.0,4029.0,5265.0,1868.0,0.0,951.0,53.2,88.0,65.3,22.6,45.4,8084.0,5265.0,15.7328552218736,65.12864918357249,24.156581503062903,153.16531911233443,3.476001979218209,14.96839356877835
I3404,의류,2022,35280.0,6435.0,18486.0,8455.0,19966.0,373.0,15313.0,12478.0,2826.0,5264.0,1364.0,50.0,419.0,56.6,76.7,62.5,14.2,35.5,7097.0,5314.0,15.062358276643991,74.87670846836691,20.116213151927436,148.14874178554257,5.255741862758912,5.423576871358127
I3404,의류,2023,37978.0,7438.0,18543.0,8367.0,22703.0,520.0,15275.0,11938.0,3337.0,5239.0,1627.0,15.0,475.0,59.8,67.3,52.6,14.7,32.4,7356.0,5254.0,13.834325135604825,71.4246873300707,19.369108431197006,155.32752554866812,7.0690592713431215,7.647392290249444
I3404,의류,2024,40803.0,8543.0,19317.0,8977.0,23873.0,570.0,16930.0,13400.0,3530.0,6325.0,1470.0,23.0,581.0,58.5,70.9,56.1,14.8,35.2,8399.0,6348.0,15.55767958238365,75.58042624121919,20.58427076440458,144.15671641791045,6.786522205024408,7.438517036178838
I3404,의류,2025,42568.0,8881.0,20045.0,8833.0,25210.0,561.0,17358.0,13366.0,3992.0,6280.0,2198.0,48.0,458.0,59.2,68.9,53.0,15.8,35.6,8984.0,6328.0,14.865626761886864,70.43633125556545,21.105055440706636,149.97007332036512,6.244434550311665,4.325662328750335
I3405,가죽신발,1994,783.0,260.0,399.0,175.0,195.0,23.0,587.0,463.0,124.0,163.0,38.0,0.0,30.0,25.0,300.5,236.8,63.7,118.1,231.0,163.0,20.81736909323116,70.56277056277057,29.50191570881226,86.17710583153347,9.956709956709958,
I3405,가죽신발,1995,933.0,305.0,481.0,224.0,227.0,28.0,706.0,534.0,172.0,189.0,76.0,0.0,36.0,24.3,311.6,235.7,75.9,132.7,301.0,189.0,20.257234726688104,62.7906976744186,32.261521972132904,90.0749063670412,9.30232558139535,19.15708812260537
I3405,가죽신발,1996,1202.0,363.0,650.0,234.0,268.0,39.0,934.0,723.0,211.0,242.0,84.0,0.0,58.0,22.3,348.9,270.2,78.8,143.4,384.0,242.0,20.133111480865225,63.020833333333336,31.94675540765391,89.90318118948825,10.15625,28.831725616291525
I3405,가죽신발,1997,1361.0,379.0,738.0,325.0,268.0,64.0,1093.0,850.0,243.0,358.0,125.0,0.0,53.0,19.7,408.1,317.3,90.7,200.1,536.0,358.0,26.304188096987506,66.7910447761194,39.38280675973549,86.82352941176471,11.940298507462686,13.227953410981709
I3405,가죽신발,1998,1541.0,575.0,712.0,325.0,434.0,88.0,1107.0,882.0,224.0,345.0,106.0,0.0,60.0,28.2,254.8,203.2,51.6,117.9,511.0,345.0,22.388059701492537,67.5146771037182,33.16028552887735,80.72562358276643,17.22113502935421,13.225569434239537
I3405,가죽신발,1999,1792.0,653.0,820.0,320.0,492.0,84.0,1299.0,975.0,325.0,283.0,141.0,0.0,108.0,27.5,263.9,197.9,66.0,108.2,532.0,283.0,15.792410714285715,53.19548872180451,29.6875,84.1025641025641,15.789473684210526,16.288124594419216
I3405,가죽신발,2000,1809.0,672.0,834.0,289.0,501.0,74.0,1307.0,995.0,313.0,317.0,125.0,0.0,106.0,27.7,260.8,198.4,62.4,109.2,548.0,317.0,17.52349364289663,57.846715328467155,30.292979546710892,83.81909547738694,13.503649635036496,0.9486607142857206
I3405,가죽신발,2001,1804.0,671.0,867.0,282.0,571.0,57.0,1233.0,1025.0,208.0,280.0,59.0,0.0,5.0,31.7,215.8,179.4,36.3,60.3,344.0,280.0,15.521064301552107,81.3953488372093,19.06873614190687,84.58536585365853,16.569767441860463,-0.2763957987838572
I3405,가죽신발,2002,1817.0,681.0,841.0,302.0,632.0,35.0,1185.0,983.0,202.0,324.0,75.0,0.0,23.0,34.8,187.5,155.5,32.0,66.8,422.0,324.0,17.831590533847,76.77725118483413,23.225096312603192,85.55442522889115,8.293838862559241,0.7206208425720728
I3405,가죽신발,2003,1942.0,754.0,876.0,345.0,718.0,33.0,1224.0,1071.0,154.0,391.0,57.0,0.0,18.0,37.0,170.6,149.2,21.4,65.0,466.0,391.0,20.133882595262616,83.90557939914163,23.995880535530382,81.79271708683473,7.081545064377683,6.8794716565767855
I3405,가죽신발,2004,1951.0,783.0,869.0,307.0,722.0,33.0,1228.0,1042.0,186.0,379.0,48.0,0.0,51.0,37.0,170.0,144.2,25.8,66.0,478.0,379.0,19.425935417734493,79.2887029288703,24.50025627883137,83.39731285988485,6.903765690376569,0.4634397528321399
I3405,가죽신발,2005,2063.0,763.0,961.0,335.0,899.0,32.0,1164.0,1006.0,158.0,415.0,44.0,0.0,23.0,43.6,129.5,111.8,17.6,53.6,482.0,415.0,20.116335433834223,86.09958506224066,23.36403296170625,95.52683896620279,6.639004149377594,5.740645822655055
I3405,가죽신발,2006,2223.0,771.0,1049.0,349.0,1027.0,37.0,1196.0,1043.0,153.0,413.0,34.0,0.0,31.0,46.2,116.4,101.5,14.9,46.5,478.0,413.0,18.57849752586595,86.40167364016736,21.50247413405308,100.57526366251199,7.740585774058577,7.7556955889481305
I3405,가죽신발,2007,2449.0,814.0,1167.0,442.0,1137.0,39.0,1312.0,1126.0,185.0,461.0,41.0,2.0,47.0,46.4,115.4,99.1,16.3,48.4,551.0,463.0,18.90567578603512,84.0290381125227,22.498979175173538,103.64120781527531,7.078039927404718,10.166441745389122
I3405,가죽신발,2008,2864.0,1011.0,1333.0,498.0,1321.0,48.0,1543.0,1330.0,213.0,586.0,74.0,0.0,5.0,46.1,116.8,100.7,16.1,50.3,665.0,586.0,20.460893854748605,88.1203007518797,23.21927374301676,100.22556390977444,7.218045112781955,16.945692119232337
I3405,가죽신발,2009,3129.0,1027.0,1526.0,519.0,1548.0,46.0,1581.0,1317.0,264.0,488.0,138.0,0.0,11.0,49.5,102.2,85.1,17.1,41.1,637.0,488.0,15.596037072547139,76.60910518053376,20.3579418344519,115.86940015186029,7.221350078492936,9.25279329608939
I3405,가죽신발,2010,3570.0,1084.0,1802.0,664.0,1831.0,40.0,1739.0,1455.0,284.0,578.0,152.0,0.0,17.0,51.3,95.0,79.5,15.5,40.8,747.0,578.0,16.19047619047619,77.37617135207496,20.92436974789916,123.8487972508591,5.35475234270415,14.093959731543615
I3405,가죽신발,2011,4044.0,1004.0,2093.0,841.0,2116.0,46.0,1928.0,1601.0,327.0,635.0,133.0,2.0,67.0,52.3,91.1,75.7,15.5,39.5,837.0,637.0,15.751730959446093,76.10513739545998,20.6973293768546,130.7307932542161,5.4958183990442055,13.277310924369745
I3405,가죽신발,2012,4636.0,1095.0,2539.0,890.0,2478.0,54.0,2158.0,1762.0,397.0,713.0,149.0,0.0,123.0,53.4,87.1,71.1,16.0,39.7,985.0,713.0,15.379637618636755,72.38578680203047,21.246764452113894,144.09761634506242,5.4822335025380715,14.638971315529181
I3405,가죽신발,2013,5596.0,1218.0,2890.0,1067.0,3038.0,55.0,2558.0,2111.0,448.0,870.0,174.0,0.0,121.0,54.3,84.2,69.5,14.7,38.3,1165.0,870.0,15.546819156540387,74.67811158798283,20.81844174410293,136.90194220748458,4.721030042918455,20.707506471095783
I3405,가죽신발,2014,5977.0,1303.0,2969.0,1163.0,3291.0,58.0,2686.0,2230.0,457.0,963.0,166.0,0.0,124.0,55.1,81.6,67.8,13.9,38.1,1253.0,963.0,16.111761753387988,76.85554668794893,20.96369416095031,133.13901345291478,4.628890662410216,6.808434596140089
I3405,가죽신발,2015,6687.0,1340.0,3320.0,1267.0,3795.0,57.0,2891.0,2412.0,479.0,954.0,176.0,0.0,142.0,56.8,76.2,63.6,12.6,33.5,1272.0,954.0,14.266487213997308,75.0,19.02198295199641,137.6451077943615,4.481132075471698,11.878868997824998
I3405,가죽신발,2016,7434.0,1499.0,3629.0,1309.0,4552.0,49.0,2883.0,2293.0,590.0,924.0,255.0,0.0,131.0,61.2,63.3,50.4,13.0,28.8,1310.0,924.0,12.429378531073446,70.53435114503816,17.621737960721013,158.26428259921502,3.740458015267176,11.170928667563928
I3405,가죽신발,2017,7610.0,1491.0,3571.0,1259.0,4837.0,50.0,2774.0,2161.0,613.0,887.0,241.0,0.0,168.0,63.6,57.3,44.7,12.7,26.8,1296.0,887.0,11.655716162943495,68.44135802469135,17.030223390275953,165.24757056918094,3.8580246913580245,2.367500672585421
I3405,가죽신발,2018,7905.0,1574.0,3424.0,1308.0,5116.0,50.0,2788.0,2200.0,588.0,781.0,218.0,0.0,142.0,64.7,54.5,43.0,11.5,22.3,1141.0,781.0,9.879822896900697,68.44872918492551,14.433902593295384,155.63636363636363,4.382120946538125,3.8764783180026186
I3405,가죽신발,2019,8443.0,1578.0,3736.0,1370.0,5595.0,55.0,2847.0,2253.0,594.0,770.0,265.0,0.0,64.0,66.3,50.9,40.3,10.6,19.6,1099.0,770.0,9.119981049390027,70.06369426751591,13.016700225038495,165.82334664891255,5.004549590536852,6.805819101834287
I3405,가죽신발,2020,8884.0,1558.0,4072.0,1173.0,5985.0,63.0,2899.0,2168.0,731.0,862.0,287.0,0.0,193.0,67.4,48.4,36.2,12.2,22.4,1342.0,862.0,9.702836560108059,64.23248882265275,15.105808194506979,187.8228782287823,4.694485842026825,5.223261873741558
I3405,가죽신발,2021,9825.0,1692.0,4710.0,1406.0,6276.0,47.0,3549.0,2752.0,797.0,1144.0,331.0,0.0,196.0,63.9,56.5,43.8,12.7,26.6,1671.0,1144.0,11.643765903307889,68.46199880311191,17.00763358778626,171.1482558139535,2.8126870137642133,10.592075641602872
I3405,가죽신발,2022,10199.0,1719.0,4828.0,1399.0,6948.0,64.0,3251.0,2704.0,547.0,936.0,244.0,0.0,90.0,68.1,46.8,38.9,7.9,18.3,1270.0,936.0,9.177370330424552,73.70078740157481,12.452201196195706,178.55029585798817,5.039370078740157,3.8066157760814345
I3405,가죽신발,2023,11124.0,1698.0,5174.0,1359.0,7660.0,95.0,3465.0,2740.0,725.0,1147.0,378.0,0.0,105.0,68.9,45.2,35.8,9.5,21.3,1630.0,1147.0,10.31103919453434,70.3680981595092,14.653002517080187,188.83211678832117,5.828220858895705,9.069516619276396
I3405,가죽신발,2024,12554.0,1827.0,5959.0,1467.0,8651.0,92.0,3903.0,3050.0,853.0,1052.0,415.0,0.0,100.0,68.9,45.1,35.3,9.9,18.1,1567.0,1052.0,8.379799267165843,67.13465220165922,12.482077425521746,195.37704918032787,5.871091257179324,12.855088097806554
I3405,가죽신발,2025,13600.0,1878.0,5758.0,1493.0,9348.0,91.0,4251.0,3473.0,779.0,1462.0,303.0,0.0,114.0,68.7,45.5,37.2,8.3,20.1,1879.0,1462.0,10.75,77.80734433209153,13.816176470588234,165.79326230924275,4.843001596593933,8.332005735223834
I3406,목재,1994,640.0,216.0,341.0,101.0,183.0,28.0,456.0,263.0,194.0,154.0,84.0,0.0,32.0,28.7,248.9,143.3,105.5,147.6,270.0,154.0,24.0625,57.03703703703704,42.1875,129.6577946768061,10.37037037037037,
I3406,목재,1995,964.0,420.0,423.0,146.0,254.0,47.0,710.0,378.0,332.0,223.0,190.0,0.0,53.0,26.3,279.8,148.9,130.9,183.6,466.0,223.0,23.13278008298755,47.85407725321888,48.3402489626556,111.90476190476191,10.085836909871244,50.62500000000001
I3406,목재,1996,1141.0,473.0,521.0,156.0,260.0,68.0,881.0,457.0,424.0,261.0,213.0,0.0,125.0,22.8,338.1,175.3,162.9,229.9,599.0,261.0,22.87467134092901,43.572621035058425,52.497808939526735,114.0043763676149,11.352253756260435,18.36099585062241
I3406,목재,1997,1242.0,512.0,542.0,181.0,274.0,87.0,968.0,490.0,478.0,279.0,168.0,0.0,165.0,22.1,353.4,178.8,174.5,223.1,612.0,279.0,22.463768115942027,45.588235294117645,49.275362318840585,110.61224489795917,14.215686274509803,8.851884312007009
I3406,목재,1998,1331.0,735.0,441.0,144.0,487.0,107.0,844.0,482.0,360.0,219.0,161.0,0.0,76.0,36.6,173.2,99.0,73.9,93.5,456.0,219.0,16.453794139744556,48.026315789473685,34.25995492111195,91.49377593360995,23.464912280701753,7.16586151368761
I3406,목재,1999,1432.0,833.0,465.0,178.0,692.0,73.0,741.0,411.0,330.0,184.0,143.0,0.0,106.0,48.3,107.1,59.4,47.7,62.5,433.0,184.0,12.849162011173185,42.494226327944574,30.23743016759777,113.13868613138686,16.859122401847575,7.588279489105942
I3406,목재,2000,1532.0,859.0,476.0,194.0,749.0,60.0,783.0,506.0,277.0,337.0,99.0,0.0,115.0,48.9,104.5,67.5,37.0,73.4,551.0,337.0,21.997389033942557,61.16152450090744,35.96605744125326,94.0711462450593,10.88929219600726,6.983240223463683
I3406,목재,2001,1594.0,900.0,506.0,195.0,737.0,58.0,857.0,591.0,266.0,261.0,163.0,0.0,45.0,46.2,116.3,80.2,36.1,63.7,469.0,261.0,16.373902132998747,55.65031982942431,29.4228356336261,85.6175972927242,12.366737739872068,4.046997389033935
I3406,목재,2002,1509.0,859.0,485.0,201.0,761.0,44.0,748.0,476.0,272.0,237.0,124.0,0.0,90.0,50.4,98.3,62.5,35.8,59.3,451.0,237.0,15.705765407554672,52.54988913525499,29.887342611000662,101.890756302521,9.75609756097561,-5.332496863237135
I3406,목재,2003,1508.0,692.0,434.0,174.0,819.0,32.0,689.0,476.0,213.0,256.0,120.0,0.0,41.0,54.3,84.2,58.1,26.0,50.9,417.0,256.0,16.976127320954905,61.39088729016786,27.652519893899203,91.17647058823529,7.673860911270983,-0.0662690523525522
I3406,목재,2004,1573.0,740.0,410.0,149.0,827.0,27.0,746.0,476.0,270.0,244.0,167.0,0.0,56.0,52.6,90.3,57.6,32.7,56.5,467.0,244.0,15.51176096630642,52.24839400428265,29.688493324856964,86.1344537815126,5.781584582441114,4.31034482758621
I3406,목재,2005,1638.0,709.0,492.0,163.0,822.0,31.0,817.0,512.0,304.0,266.0,186.0,0.0,72.0,50.2,99.3,62.3,37.0,63.7,524.0,266.0,16.23931623931624,50.76335877862596,31.990231990231987,96.09375,5.916030534351145,4.132231404958686
I3406,목재,2006,1741.0,737.0,577.0,166.0,810.0,27.0,931.0,639.0,292.0,311.0,195.0,0.0,51.0,46.5,114.9,78.9,36.0,68.7,557.0,311.0,17.863296955772544,55.83482944344704,31.993107409534748,90.29733959311424,4.847396768402154,6.288156288156288
I3406,목재,2007,1963.0,828.0,671.0,194.0,859.0,42.0,1104.0,813.0,291.0,454.0,197.0,18.0,38.0,43.8,128.5,94.6,33.9,82.3,707.0,472.0,24.04482934284259,66.76096181046675,36.01630157921549,82.53382533825338,5.9405940594059405,12.751292360712242
I3406,목재,2008,2752.0,1493.0,881.0,284.0,1277.0,54.0,1475.0,1084.0,391.0,702.0,271.0,19.0,27.0,46.4,115.6,84.9,30.6,79.8,1019.0,721.0,26.199127906976745,70.75564278704613,37.02761627906977,81.27306273062732,5.299313052011776,40.19358125318391
I3406,목재,2009,2801.0,1470.0,849.0,222.0,1420.0,66.0,1381.0,977.0,404.0,603.0,265.0,25.0,61.0,50.7,97.3,68.8,28.5,67.2,954.0,628.0,22.420564084255624,65.82809224318659,34.05926454837558,86.89866939611053,6.918238993710692,1.7805232558139483
I3406,목재,2010,2988.0,1597.0,873.0,284.0,1463.0,57.0,1526.0,1082.0,444.0,690.0,299.0,10.0,67.0,48.9,104.3,74.0,30.3,72.9,1066.0,700.0,23.427041499330656,65.66604127579737,35.6760374832664,80.68391866913124,5.347091932457786,6.676187076044271
I3406,목재,2011,3366.0,1683.0,1008.0,302.0,1630.0,60.0,1735.0,1222.0,513.0,739.0,328.0,25.0,50.0,48.4,106.4,75.0,31.5,70.0,1142.0,764.0,22.69756387403446,66.90017513134852,33.92751039809863,82.48772504091653,5.253940455341506,12.650602409638555
I3406,목재,2012,3236.0,1543.0,984.0,292.0,1684.0,60.0,1552.0,1041.0,512.0,608.0,307.0,25.0,59.0,52.0,92.2,61.8,30.4,59.3,999.0,633.0,19.561186650185412,63.36336336336337,30.871446229913474,94.52449567723343,6.006006006006006,-3.86215092097445
I3406,목재,2013,3766.0,1963.0,1173.0,381.0,1823.0,48.0,1943.0,1337.0,607.0,693.0,386.0,0.0,30.0,48.4,106.6,73.3,33.3,60.8,1109.0,693.0,18.401486988847584,62.488728584310195,29.44768985661179,87.73373223635004,4.328223624887286,16.378244746600746
I3406,목재,2014,4092.0,2132.0,1215.0,432.0,2048.0,51.0,2043.0,1376.0,668.0,703.0,419.0,0.0,26.0,50.1,99.8,67.2,32.6,56.0,1148.0,703.0,17.179863147605083,61.23693379790941,28.05474095796676,88.29941860465115,4.442508710801394,8.65639936271907
I3406,목재,2015,4400.0,2298.0,1250.0,431.0,2212.0,48.0,2188.0,1434.0,754.0,776.0,476.0,0.0,47.0,50.3,98.9,64.8,34.1,58.8,1299.0,776.0,17.636363636363637,59.73826020015397,29.522727272727273,87.16875871687587,3.695150115473441,7.526881720430101
I3406,목재,2016,4694.0,2447.0,1345.0,415.0,2422.0,45.0,2272.0,1518.0,754.0,810.0,482.0,0.0,16.0,51.6,93.8,62.7,31.1,54.0,1308.0,810.0,17.256071580741374,61.92660550458715,27.865360034086066,88.6034255599473,3.4403669724770642,6.681818181818189
I3406,목재,2017,4922.0,2541.0,1336.0,442.0,2503.0,47.0,2419.0,1614.0,805.0,896.0,497.0,0.0,32.0,50.8,96.7,64.5,32.2,57.0,1425.0,896.0,18.203982121088988,62.877192982456144,28.951645672490855,82.77571251548946,3.2982456140350878,4.8572645930975655
I3406,목재,2018,5179.0,2658.0,1426.0,488.0,2667.0,56.0,2512.0,1663.0,849.0,967.0,510.0,0.0,51.0,51.5,94.2,62.3,31.8,57.3,1528.0,967.0,18.67155821587179,63.28534031413613,29.503765205638153,85.7486470234516,3.664921465968586,5.221454693214134
I3406,목재,2019,5404.0,2751.0,1421.0,465.0,2686.0,65.0,2719.0,1649.0,1069.0,935.0,647.0,0.0,147.0,49.7,101.2,61.4,39.8,64.4,1729.0,935.0,17.3019985196151,54.07750144592249,31.994818652849744,86.17343844754397,3.7593984962406015,4.3444680440239525
I3406,목재,2020,5513.0,2712.0,1510.0,456.0,2823.0,60.0,2690.0,1600.0,1090.0,793.0,686.0,0.0,126.0,51.2,95.3,56.7,38.6,56.9,1605.0,793.0,14.38418284055868,49.40809968847352,29.113005623072734,94.375,3.7383177570093453,2.017024426350855
I3406,목재,2021,6263.0,2973.0,1902.0,610.0,3198.0,56.0,3065.0,1927.0,1137.0,947.0,773.0,0.0,69.0,51.1,95.8,60.3,35.6,55.9,1789.0,947.0,15.120549257544308,52.934600335382896,28.564585661823404,98.7026466009341,3.130240357741755,13.604208235080728
I3406,목재,2022,6625.0,3137.0,2083.0,728.0,3286.0,81.0,3339.0,2159.0,1180.0,1155.0,750.0,0.0,112.0,49.6,101.6,65.7,35.9,61.4,2017.0,1155.0,17.433962264150942,57.26326227069906,30.445283018867926,96.47985178323297,4.015865146256817,5.779977646495293
I3406,목재,2023,7418.0,3759.0,1939.0,631.0,3816.0,123.0,3603.0,2526.0,1077.0,1339.0,485.0,0.0,170.0,51.4,94.4,66.2,28.2,52.2,1994.0,1339.0,18.050687516850903,67.15145436308927,26.880560798058777,76.76167854315122,6.168505516549649,11.969811320754719
I3406,목재,2024,7560.0,3726.0,1814.0,594.0,3972.0,124.0,3587.0,2557.0,1031.0,1433.0,470.0,0.0,164.0,52.5,90.3,64.4,25.9,52.0,2067.0,1433.0,18.955026455026456,69.32752781809386,27.34126984126984,70.94251075479076,5.999032414126754,1.9142626044756028
I3406,목재,2025,7390.0,3648.0,1881.0,569.0,3925.0,114.0,3466.0,2416.0,1050.0,1363.0,458.0,0.0,174.0,53.1,88.3,61.6,26.8,50.8,1995.0,1363.0,18.443843031123137,68.32080200501252,26.99594046008119,77.85596026490066,5.714285714285714,-2.2486772486772444
I3407,제지,1994,3131.0,1446.0,1368.0,355.0,683.0,169.0,2448.0,1420.0,1028.0,609.0,431.0,0.0,338.0,21.8,358.6,208.0,150.6,201.8,1378.0,609.0,19.450654742893644,44.19448476052249,44.01149792398595,96.3380281690141,12.264150943396226,
I3407,제지,1995,3978.0,1770.0,1809.0,539.0,1022.0,198.0,2956.0,1716.0,1239.0,731.0,545.0,0.0,428.0,25.7,289.1,167.9,121.2,166.8,1704.0,731.0,18.37606837606838,42.89906103286385,42.835595776772244,105.41958041958041,11.619718309859154,27.052060044714143
I3407,제지,1996,4406.0,1982.0,1919.0,555.0,1179.0,216.0,3227.0,1762.0,1465.0,718.0,596.0,0.0,601.0,26.8,273.7,149.4,124.2,162.4,1915.0,718.0,16.295960054471177,37.4934725848564,43.46345891965502,108.91032917139614,11.279373368146214,10.759175465057824
I3407,제지,1997,5184.0,2307.0,2166.0,567.0,1136.0,319.0,4048.0,2280.0,1767.0,973.0,819.0,0.0,668.0,21.9,356.5,200.8,155.6,216.6,2460.0,973.0,18.769290123456788,39.55284552845528,47.4537037037037,95.0,12.967479674796747,17.657739446209717
I3407,제지,1998,5216.0,2895.0,1798.0,472.0,1135.0,447.0,4081.0,2487.0,1593.0,1018.0,819.0,0.0,428.0,21.8,359.5,219.1,140.3,199.5,2265.0,1018.0,19.516871165644172,44.94481236203091,43.42407975460122,72.29593888218737,19.735099337748345,0.6172839506172867
I3407,제지,1999,5925.0,3285.0,2108.0,506.0,1554.0,305.0,4371.0,2395.0,1977.0,953.0,884.0,0.0,409.0,26.2,281.3,154.1,127.2,144.5,2246.0,953.0,16.084388185654007,42.43098842386465,37.90717299578059,88.01670146137786,13.579697239536955,13.592791411042949
I3407,제지,2000,6246.0,3557.0,2208.0,647.0,1975.0,315.0,4271.0,1995.0,2275.0,779.0,1020.0,0.0,522.0,31.6,216.2,101.0,115.2,117.5,2321.0,779.0,12.471982068523856,33.56311934510987,37.159782260646814,110.67669172932331,13.571736320551487,5.41772151898734
I3407,제지,2001,6224.0,3560.0,2208.0,526.0,2397.0,272.0,3827.0,1987.0,1840.0,696.0,856.0,0.0,285.0,38.5,159.7,82.9,76.8,76.6,1837.0,696.0,11.182519280205655,37.88786064235166,29.514781491002573,111.12229491696024,14.806750136091454,-0.352225424271535
I3407,제지,2002,6505.0,3622.0,2373.0,553.0,2975.0,194.0,3531.0,2111.0,1419.0,910.0,565.0,0.0,241.0,45.7,118.7,71.0,47.7,57.7,1716.0,910.0,13.98923904688701,53.03030303030303,26.379707916986934,112.41117953576504,11.305361305361306,4.514781491002573
I3407,제지,2003,6733.0,3711.0,2459.0,578.0,3293.0,153.0,3440.0,2091.0,1349.0,975.0,513.0,0.0,278.0,48.9,104.5,63.5,41.0,53.6,1766.0,975.0,14.480914896777069,55.20951302378256,26.22902123867518,117.59923481587758,8.663646659116647,3.5049961568024646
I3407,제지,2004,6968.0,3740.0,2614.0,679.0,3490.0,141.0,3478.0,2179.0,1300.0,1010.0,438.0,0.0,341.0,50.1,99.7,62.4,37.2,51.3,1789.0,1010.0,14.49483352468427,56.456120737842376,25.674512055109073,119.96328591096834,7.881498043599776,3.4902717956334373
I3407,제지,2005,7179.0,3831.0,2614.0,671.0,3644.0,139.0,3536.0,2224.0,1311.0,1061.0,502.0,0.0,431.0,50.8,97.0,61.0,36.0,54.7,1994.0,1061.0,14.779217161164507,53.20962888665998,27.775456191670152,117.53597122302158,6.970912738214643,3.028128587830081
I3407,제지,2006,7537.0,3954.0,2756.0,688.0,3971.0,145.0,3566.0,2343.0,1224.0,1056.0,528.0,0.0,358.0,52.7,89.8,59.0,30.8,48.9,1942.0,1056.0,14.010879660342312,54.37693099897013,25.76621998142497,117.62697396500212,7.466529351184346,4.986766959186517
I3407,제지,2007,8038.0,4049.0,3126.0,786.0,4047.0,156.0,3991.0,2630.0,1362.0,1320.0,691.0,48.0,319.0,50.3,98.6,65.0,33.6,58.8,2378.0,1368.0,17.01915899477482,57.5273338940286,29.58447374968898,118.85931558935361,6.56013456686291,6.647207111582865
I3407,제지,2008,9349.0,4600.0,3538.0,1040.0,4448.0,197.0,4902.0,3452.0,1449.0,1823.0,779.0,62.0,224.0,47.6,110.2,77.6,32.6,64.9,2888.0,1885.0,20.162584233607873,65.27008310249307,30.891004385495773,102.49130938586326,6.821329639889197,16.31002736999254
I3407,제지,2009,10395.0,5224.0,3668.0,855.0,5663.0,163.0,4732.0,3083.0,1649.0,1562.0,842.0,24.0,265.0,54.5,83.6,54.4,29.1,47.6,2693.0,1586.0,15.257335257335258,58.893427404381725,25.906685906685905,118.97502432695426,6.052729298180467,11.188362391699647
I3407,제지,2010,11465.0,5865.0,3999.0,1135.0,5979.0,152.0,5486.0,3563.0,1923.0,1800.0,1051.0,23.0,322.0,52.1,91.8,59.6,32.2,53.4,3196.0,1823.0,15.900566942869604,57.04005006257822,27.8761447884867,112.23687903452146,4.755944931163955,10.293410293410288
I3407,제지,2011,12904.0,6453.0,4503.0,1281.0,6475.0,182.0,6428.0,4323.0,2105.0,2328.0,1122.0,27.0,334.0,50.2,99.3,66.8,32.5,58.8,3811.0,2355.0,18.25015499070056,61.79480451325111,29.533477991320524,104.16377515614157,4.775649435843611,12.551242913214121
I3407,제지,2012,13161.0,6677.0,4448.0,1235.0,7029.0,194.0,6132.0,4113.0,2020.0,1945.0,1044.0,42.0,286.0,53.4,87.2,58.5,28.7,47.2,3317.0,1987.0,15.097636957677988,59.90352728369008,25.203252032520325,108.14490639435934,5.848658426288815,1.991630502169861
I3407,제지,2013,13882.0,7119.0,4610.0,1317.0,7592.0,164.0,6290.0,4109.0,2181.0,1990.0,1169.0,41.0,337.0,54.7,82.8,54.1,28.7,46.6,3537.0,2031.0,14.630456706526438,57.421543681085666,25.479037602650916,112.19274762715989,4.6366977664687585,5.4783071195197985
I3407,제지,2014,14176.0,7420.0,4587.0,1338.0,7767.0,156.0,6409.0,4175.0,2234.0,1965.0,1314.0,0.0,252.0,54.8,82.5,53.8,28.8,45.5,3531.0,1965.0,13.86145598194131,55.6499575191164,24.908295711060948,109.8682634730539,4.4180118946474085,2.1178504538250875
I3407,제지,2015,15858.0,8492.0,5120.0,1511.0,8110.0,167.0,7748.0,5220.0,2528.0,2339.0,1461.0,0.0,418.0,51.1,95.5,64.4,31.2,52.0,4218.0,2339.0,14.749653171900617,55.452821242294924,26.598562239878927,98.08429118773945,3.959222380275012,11.865124153498874
I3407,제지,2016,16356.0,8641.0,5495.0,1402.0,8534.0,159.0,7823.0,5395.0,2427.0,2213.0,1495.0,0.0,281.0,52.2,91.7,63.2,28.4,46.7,3989.0,2213.0,13.530202983614576,55.47756329907245,24.388603570555148,101.85356811862836,3.985961393833041,3.1403707907680767
I3407,제지,2017,17414.0,9018.0,6042.0,1815.0,8883.0,165.0,8531.0,5892.0,2638.0,2597.0,1548.0,0.0,408.0,51.0,96.0,66.3,29.7,51.3,4553.0,2597.0,14.913288158952568,57.0393147375357,26.145629952911452,102.5458248472505,3.6239841862508233,6.468574223526535
I3407,제지,2018,18039.0,9169.0,6445.0,1976.0,9422.0,191.0,8617.0,6002.0,2615.0,2498.0,1441.0,15.0,447.0,52.2,91.5,63.7,27.8,46.7,4401.0,2513.0,13.93092743500194,57.10065894114974,24.397139531016133,107.38087304231922,4.33992274483072,3.5890662685195807
I3407,제지,2019,19028.0,9526.0,6690.0,1913.0,10377.0,199.0,8651.0,5666.0,2985.0,2241.0,1654.0,10.0,482.0,54.5,83.4,54.6,28.8,42.3,4387.0,2251.0,11.829934832877864,51.310690677000224,23.05549716207694,118.07271443699258,4.536129473444267,5.48256555241422
I3407,제지,2020,20031.0,9656.0,7312.0,1832.0,10875.0,178.0,9156.0,5537.0,3619.0,1882.0,2042.0,20.0,712.0,54.3,84.2,50.9,33.3,42.8,4656.0,1902.0,9.495282312415755,40.850515463917525,23.243971843642356,132.05707061585696,3.823024054982818,5.271179314694141
I3407,제지,2021,21849.0,10401.0,8178.0,2186.0,11704.0,169.0,10145.0,6319.0,3826.0,2046.0,2305.0,0.0,588.0,53.6,86.7,54.0,32.7,42.2,4939.0,2046.0,9.364272964437733,41.42538975501114,22.605153553938393,129.41921190061717,3.421745292569346,9.07593230492736
I3407,제지,2022,23052.0,10469.0,9113.0,2691.0,12185.0,229.0,10867.0,7616.0,3251.0,2889.0,1828.0,0.0,560.0,52.9,89.2,62.5,26.7,43.3,5277.0,2889.0,12.532535137948987,54.747015349630466,22.89172306090578,119.65598739495798,4.339586886488536,5.505972813401061
I3407,제지,2023,23781.0,10810.0,9384.0,2304.0,13072.0,314.0,10709.0,7804.0,2905.0,3010.0,1397.0,10.0,653.0,55.0,81.9,59.7,22.2,38.8,5070.0,3020.0,12.699213657962238,59.56607495069034,21.31954080989025,120.24602767811379,6.193293885601578,3.162415408641328
I3407,제지,2024,25599.0,11495.0,9767.0,2540.0,14017.0,325.0,11582.0,8552.0,3029.0,3693.0,1816.0,0.0,363.0,54.8,82.6,61.0,21.6,41.9,5872.0,3693.0,14.426344779092934,62.891689373297,22.938396031094964,114.20720299345182,5.534741144414169,7.644758420587872
I3407,제지,2025,26100.0,11925.0,9661.0,2431.0,14287.0,302.0,11813.0,8254.0,3559.0,3753.0,1989.0,6.0,666.0,54.7,82.7,57.8,24.9,44.9,6414.0,3759.0,14.402298850574713,58.60617399438728,24.57471264367816,117.04628059122851,4.708450265045213,1.9571076995195114
I3408,인쇄,1994,137.0,57.0,66.0,7.0,32.0,5.0,105.0,71.0,35.0,21.0,15.0,0.0,6.0,23.2,330.6,222.3,108.3,133.6,42.0,21.0,15.328467153284672,50.0,30.656934306569344,92.95774647887323,11.904761904761903,
I3408,인쇄,1995,180.0,75.0,83.0,11.0,39.0,7.0,141.0,102.0,39.0,29.0,21.0,0.0,1.0,21.6,363.8,263.0,100.9,132.2,51.0,29.0,16.11111111111111,56.86274509803921,28.333333333333332,81.37254901960785,13.725490196078432,31.386861313868607
I3408,인쇄,1996,246.0,132.0,92.0,13.0,84.0,8.0,162.0,99.0,64.0,28.0,27.0,0.0,16.0,34.1,193.6,117.9,75.7,84.4,71.0,28.0,11.38211382113821,39.436619718309856,28.86178861788618,92.92929292929293,11.267605633802818,36.66666666666667
I3408,인쇄,1997,310.0,149.0,119.0,15.0,102.0,11.0,208.0,128.0,80.0,35.0,41.0,0.0,15.0,33.0,203.1,124.6,78.5,88.7,91.0,35.0,11.29032258064516,38.46153846153847,29.354838709677416,92.96875,12.087912087912088,26.016260162601633
I3408,인쇄,1998,324.0,157.0,127.0,15.0,108.0,16.0,216.0,141.0,73.0,37.0,46.0,0.0,0.0,33.4,199.8,130.8,67.9,76.8,83.0,37.0,11.419753086419753,44.57831325301205,25.617283950617285,90.0709219858156,19.27710843373494,4.516129032258065
I3408,인쇄,1999,444.0,223.0,187.0,16.0,175.0,13.0,270.0,169.0,100.0,38.0,49.0,0.0,14.0,39.4,154.1,96.6,57.3,57.7,101.0,38.0,8.558558558558559,37.62376237623762,22.74774774774775,110.65088757396451,12.871287128712872,37.037037037037045
I3408,인쇄,2000,530.0,275.0,214.0,29.0,215.0,12.0,315.0,199.0,116.0,56.0,67.0,0.0,14.0,40.6,146.5,92.6,53.8,63.8,137.0,56.0,10.566037735849058,40.87591240875913,25.849056603773583,107.53768844221105,8.75912408759124,19.369369369369373
I3408,인쇄,2001,626.0,311.0,262.0,35.0,269.0,12.0,357.0,252.0,105.0,73.0,63.0,0.0,13.0,42.9,132.9,93.8,39.1,55.4,149.0,73.0,11.661341853035143,48.99328859060403,23.80191693290735,103.96825396825398,8.053691275167784,18.113207547169807
I3408,인쇄,2002,738.0,360.0,313.0,39.0,305.0,14.0,433.0,317.0,116.0,105.0,80.0,0.0,2.0,41.3,142.0,103.8,38.1,61.4,187.0,105.0,14.227642276422763,56.14973262032086,25.338753387533874,98.73817034700315,7.4866310160427805,17.89137380191694
I3408,인쇄,2003,837.0,405.0,333.0,36.0,371.0,15.0,466.0,336.0,130.0,121.0,85.0,0.0,4.0,44.3,125.8,90.7,35.1,56.7,210.0,121.0,14.456391875746716,57.61904761904761,25.089605734767023,99.10714285714286,7.142857142857142,13.414634146341452
I3408,인쇄,2004,916.0,464.0,351.0,45.0,423.0,15.0,493.0,343.0,150.0,133.0,110.0,0.0,5.0,46.2,116.6,81.1,35.5,58.6,248.0,133.0,14.519650655021834,53.62903225806451,27.074235807860266,102.33236151603498,6.048387096774194,9.438470728793313
I3408,인쇄,2005,1012.0,508.0,388.0,39.0,486.0,16.0,526.0,354.0,171.0,137.0,125.0,0.0,3.0,48.0,108.2,72.9,35.3,54.7,265.0,137.0,13.537549407114625,51.698113207547166,26.18577075098814,109.6045197740113,6.037735849056604,10.480349344978169
I3408,인쇄,2006,1098.0,558.0,415.0,46.0,539.0,17.0,559.0,380.0,179.0,143.0,135.0,0.0,1.0,49.1,103.7,70.4,33.3,51.9,279.0,143.0,13.02367941712204,51.25448028673835,25.40983606557377,109.21052631578947,6.093189964157706,8.498023715415016
I3408,인쇄,2007,1186.0,589.0,455.0,53.0,581.0,20.0,605.0,417.0,188.0,155.0,144.0,5.0,1.0,49.0,104.1,71.8,32.3,52.5,305.0,160.0,13.490725126475548,52.459016393442624,25.716694772344013,109.1127098321343,6.557377049180328,8.014571948998173
I3408,인쇄,2008,1359.0,690.0,491.0,63.0,677.0,25.0,682.0,459.0,223.0,194.0,167.0,8.0,4.0,49.8,100.6,67.8,32.9,55.1,373.0,202.0,14.863870493009564,54.15549597855228,27.446651949963208,106.97167755991286,6.702412868632708,14.586846543001686
I3408,인쇄,2009,1453.0,705.0,557.0,57.0,726.0,21.0,727.0,467.0,260.0,202.0,198.0,0.0,6.0,50.0,100.1,64.2,35.9,55.9,406.0,202.0,13.902271163110806,49.75369458128079,27.94218857536132,119.27194860813704,5.172413793103448,6.916850625459903
I3408,인쇄,2010,1615.0,819.0,608.0,71.0,785.0,22.0,830.0,555.0,276.0,223.0,202.0,0.0,6.0,48.6,105.8,70.6,35.1,54.8,431.0,223.0,13.808049535603715,51.74013921113689,26.687306501547987,109.54954954954954,5.104408352668213,11.149346180316577
I3408,인쇄,2011,1766.0,912.0,648.0,80.0,837.0,25.0,929.0,634.0,295.0,240.0,217.0,0.0,9.0,47.4,111.0,75.8,35.2,55.7,466.0,240.0,13.590033975084935,51.50214592274678,26.387315968289922,102.20820189274448,5.36480686695279,9.349845201238383
I3408,인쇄,2012,1884.0,1007.0,657.0,86.0,870.0,30.0,1014.0,674.0,340.0,280.0,256.0,0.0,7.0,46.2,116.6,77.5,39.1,62.6,543.0,280.0,14.8619957537155,51.56537753222836,28.82165605095541,97.47774480712165,5.524861878453039,6.681766704416758
I3408,인쇄,2013,1971.0,1084.0,674.0,92.0,920.0,30.0,1052.0,709.0,343.0,288.0,246.0,0.0,8.0,46.7,114.3,77.1,37.2,58.8,542.0,288.0,14.61187214611872,53.13653136531366,27.498731608320647,95.06346967559944,5.535055350553505,4.617834394904463
I3408,인쇄,2014,2103.0,1196.0,667.0,89.0,1002.0,29.0,1102.0,724.0,378.0,336.0,270.0,0.0,12.0,47.6,110.0,72.2,37.7,61.7,618.0,336.0,15.977175463623395,54.36893203883495,29.386590584878746,92.12707182320442,4.692556634304207,6.69710806697108
I3408,인쇄,2015,2275.0,1277.0,748.0,100.0,1103.0,26.0,1172.0,798.0,374.0,397.0,276.0,0.0,6.0,48.5,106.3,72.4,33.9,61.5,679.0,397.0,17.450549450549453,58.46833578792342,29.846153846153843,93.734335839599,3.829160530191458,8.178792201616748
I3408,인쇄,2016,2447.0,1322.0,832.0,110.0,1197.0,26.0,1250.0,858.0,391.0,414.0,283.0,0.0,9.0,48.9,104.4,71.7,32.7,59.0,706.0,414.0,16.91867592970985,58.640226628895185,28.85165508786269,96.96969696969697,3.6827195467422094,7.560439560439569
I3408,인쇄,2017,2694.0,1446.0,852.0,117.0,1322.0,30.0,1372.0,948.0,424.0,430.0,313.0,0.0,8.0,49.1,103.8,71.7,32.0,56.7,751.0,430.0,15.961395694135113,57.25699067909454,27.87676317743133,89.87341772151899,3.9946737683089215,10.093992644053952
I3408,인쇄,2018,3027.0,1644.0,960.0,150.0,1506.0,37.0,1521.0,961.0,560.0,459.0,420.0,0.0,29.0,49.7,101.0,63.8,37.2,60.3,908.0,459.0,15.163528245787909,50.55066079295154,29.99669639907499,99.89594172736732,4.074889867841409,12.360801781737196
I3408,인쇄,2019,3429.0,1860.0,1094.0,160.0,1698.0,40.0,1731.0,1141.0,590.0,533.0,457.0,0.0,9.0,49.5,101.9,67.2,34.7,58.8,999.0,533.0,15.543890347039953,53.35335335335335,29.133858267716533,95.88080631025416,4.004004004004004,13.280475718533191
I3408,인쇄,2020,3755.0,2003.0,1134.0,163.0,1867.0,37.0,1888.0,1189.0,699.0,531.0,556.0,0.0,15.0,49.7,101.1,63.7,37.4,59.1,1102.0,531.0,14.141145139813583,48.185117967332125,29.347536617842877,95.37426408746846,3.3575317604355717,9.507144940215806
I3408,인쇄,2021,4232.0,2300.0,1397.0,203.0,2068.0,40.0,2164.0,1319.0,845.0,602.0,715.0,0.0,6.0,48.9,104.7,63.8,40.9,64.0,1323.0,602.0,14.224952741020793,45.5026455026455,31.261814744801512,105.91357088703563,3.0234315948601664,12.70306258322238
I3408,인쇄,2022,4380.0,2458.0,1434.0,203.0,2198.0,50.0,2182.0,1370.0,811.0,580.0,663.0,0.0,10.0,50.2,99.3,62.3,36.9,57.0,1253.0,580.0,13.24200913242009,46.288906624102154,28.607305936073057,104.67153284671534,3.9904229848363926,3.497164461247637
I3408,인쇄,2023,4729.0,2666.0,1581.0,203.0,2321.0,73.0,2408.0,1480.0,929.0,648.0,739.0,0.0,5.0,49.1,103.8,63.8,40.0,59.9,1392.0,648.0,13.702685557200253,46.55172413793103,29.4353986043561,106.82432432432432,5.244252873563219,7.968036529680367
I3408,인쇄,2024,5185.0,2796.0,1726.0,232.0,2607.0,75.0,2578.0,1716.0,862.0,780.0,682.0,0.0,9.0,50.3,98.9,65.8,33.1,56.4,1471.0,780.0,15.043394406943106,53.025152957172,28.370298939247828,100.58275058275059,5.098572399728076,9.642630577289069
I3408,인쇄,2025,5659.0,3172.0,1845.0,227.0,2819.0,74.0,2841.0,1798.0,1043.0,937.0,856.0,0.0,9.0,49.8,100.8,63.8,37.0,63.9,1802.0,937.0,16.557695705955116,51.99778024417314,31.84308181657537,102.61401557285875,4.1065482796892345,9.1417550626808
I3409,가구,1994,573.0,170.0,332.0,101.0,38.0,22.0,534.0,261.0,274.0,44.0,81.0,0.0,87.0,6.6,1406.2,686.3,719.9,557.6,212.0,44.0,7.678883071553229,20.754716981132077,36.99825479930192,127.20306513409963,10.377358490566039,
I3409,가구,1995,680.0,201.0,389.0,109.0,62.0,27.0,618.0,362.0,256.0,56.0,86.0,0.0,57.0,9.1,996.2,583.0,413.3,319.6,199.0,56.0,8.235294117647058,28.14070351758794,29.264705882352942,107.45856353591161,13.5678391959799,18.673647469458988
I3409,가구,1996,772.0,235.0,413.0,120.0,113.0,32.0,659.0,375.0,284.0,65.0,89.0,0.0,68.0,14.6,584.8,333.0,251.8,196.9,222.0,65.0,8.419689119170984,29.27927927927928,28.756476683937827,110.13333333333333,14.414414414414415,13.529411764705879
I3409,가구,1997,844.0,260.0,459.0,119.0,121.0,38.0,723.0,428.0,295.0,105.0,89.0,0.0,60.0,14.4,595.5,352.6,242.9,209.9,254.0,105.0,12.440758293838861,41.338582677165356,30.09478672985782,107.24299065420561,14.960629921259844,9.326424870466333
I3409,가구,1998,911.0,298.0,493.0,134.0,196.0,48.0,715.0,484.0,231.0,113.0,63.0,0.0,38.0,21.5,364.8,246.9,117.9,109.3,214.0,113.0,12.403951701427003,52.80373831775701,23.490669593852907,101.85950413223142,22.429906542056074,7.9383886255924185
I3409,가구,1999,1215.0,399.0,665.0,157.0,396.0,44.0,819.0,549.0,270.0,111.0,69.0,0.0,94.0,32.6,207.0,138.8,68.2,69.4,274.0,111.0,9.135802469135802,40.51094890510949,22.551440329218106,121.12932604735884,16.05839416058394,33.369923161361136
I3409,가구,2000,1152.0,423.0,610.0,142.0,368.0,42.0,784.0,528.0,256.0,144.0,47.0,0.0,66.0,32.0,212.9,143.4,69.5,69.7,257.0,144.0,12.5,56.03112840466926,22.30902777777778,115.53030303030303,16.342412451361866,-5.185185185185182
I3409,가구,2001,1250.0,453.0,672.0,155.0,487.0,38.0,763.0,573.0,191.0,129.0,87.0,0.0,44.0,39.0,156.7,117.6,39.1,53.4,260.0,129.0,10.32,49.61538461538461,20.8,117.27748691099475,14.615384615384617,8.506944444444443
I3409,가구,2002,1361.0,508.0,719.0,160.0,566.0,26.0,795.0,654.0,140.0,188.0,61.0,0.0,25.0,41.6,140.4,115.6,24.8,48.4,274.0,188.0,13.81337252020573,68.61313868613139,20.132255694342398,109.9388379204893,9.48905109489051,8.879999999999999
I3409,가구,2003,1407.0,518.0,774.0,180.0,580.0,22.0,827.0,664.0,163.0,205.0,64.0,0.0,40.0,41.2,142.4,114.4,28.0,53.2,309.0,205.0,14.57000710732054,66.34304207119742,21.961620469083158,116.56626506024097,7.119741100323624,3.3798677443056535
I3409,가구,2004,1527.0,513.0,887.0,170.0,621.0,22.0,906.0,730.0,176.0,183.0,66.0,0.0,5.0,40.7,145.7,117.4,28.3,40.9,254.0,183.0,11.984282907662083,72.04724409448819,16.633922724296006,121.5068493150685,8.661417322834646,8.528784648187626
I3409,가구,2005,1735.0,568.0,1007.0,184.0,755.0,21.0,980.0,808.0,172.0,149.0,51.0,0.0,13.0,43.5,129.9,107.1,22.8,28.2,213.0,149.0,8.587896253602304,69.95305164319248,12.276657060518732,124.62871287128714,9.859154929577464,13.621480026195144
I3409,가구,2006,1922.0,642.0,1079.0,193.0,847.0,22.0,1075.0,906.0,170.0,236.0,60.0,0.0,3.0,44.1,126.9,106.9,20.0,35.4,299.0,236.0,12.278876170655566,78.92976588628763,15.556711758584807,119.09492273730685,7.357859531772576,10.778097982708923
I3409,가구,2007,2159.0,736.0,1175.0,208.0,944.0,28.0,1214.0,998.0,216.0,274.0,111.0,0.0,3.0,43.8,128.6,105.7,22.9,41.1,388.0,274.0,12.691060676239,70.61855670103093,17.971283001389533,117.73547094188376,7.216494845360824,12.330905306971896
I3409,가구,2008,2437.0,915.0,1238.0,265.0,1095.0,35.0,1341.0,1116.0,226.0,339.0,113.0,0.0,0.0,44.9,122.5,101.9,20.6,41.3,452.0,339.0,13.91054575297497,75.0,18.54739433729996,110.93189964157706,7.7433628318584065,12.876331635016204
I3409,가구,2009,2706.0,956.0,1415.0,273.0,1214.0,36.0,1492.0,1210.0,282.0,337.0,159.0,0.0,8.0,44.9,122.8,99.6,23.2,41.5,504.0,337.0,12.453806356245382,66.86507936507937,18.625277161862527,116.94214876033058,7.142857142857142,11.038161674189585
I3409,가구,2010,2919.0,1031.0,1527.0,306.0,1376.0,37.0,1542.0,1269.0,273.0,393.0,142.0,6.0,14.0,47.2,112.1,92.2,19.9,40.3,555.0,399.0,13.66906474820144,71.89189189189189,19.013360739979447,120.3309692671395,6.666666666666667,7.8713968957871305
I3409,가구,2011,3348.0,1153.0,1642.0,362.0,1574.0,42.0,1774.0,1426.0,348.0,440.0,188.0,10.0,29.0,47.0,112.7,90.6,22.1,42.3,667.0,450.0,13.440860215053762,67.46626686656671,19.922341696535245,115.14726507713885,6.296851574212893,14.69681397738951
I3409,가구,2012,3498.0,1249.0,1783.0,361.0,1709.0,43.0,1789.0,1443.0,347.0,439.0,204.0,4.0,15.0,48.9,104.7,84.4,20.3,38.7,662.0,443.0,12.664379645511719,66.91842900302115,18.925100057175527,123.56202356202357,6.495468277945619,4.480286738351258
I3409,가구,2013,3747.0,1264.0,2007.0,410.0,1909.0,42.0,1838.0,1440.0,398.0,430.0,257.0,0.0,15.0,50.9,96.3,75.5,20.8,36.8,702.0,430.0,11.4758473445423,61.25356125356125,18.734987990392312,139.375,5.982905982905983,7.118353344768447
I3409,가구,2014,3980.0,1351.0,2019.0,438.0,2119.0,36.0,1862.0,1452.0,410.0,426.0,251.0,1.0,27.0,53.2,87.9,68.5,19.3,33.3,705.0,427.0,10.728643216080403,60.56737588652482,17.713567839195978,139.0495867768595,5.106382978723404,6.218307979717097
I3409,가구,2015,4432.0,1522.0,2155.0,427.0,2413.0,32.0,2019.0,1567.0,452.0,433.0,293.0,2.0,25.0,54.4,83.7,64.9,18.8,31.2,753.0,435.0,9.814981949458483,57.76892430278885,16.990072202166065,137.52393107849394,4.249667994687915,11.35678391959798
I3409,가구,2016,4960.0,1697.0,2369.0,467.0,2667.0,33.0,2293.0,1737.0,555.0,467.0,373.0,0.0,38.0,53.8,86.0,65.1,20.8,32.9,878.0,467.0,9.41532258064516,53.18906605922551,17.701612903225804,136.384571099597,3.758542141230068,11.913357400722013
I3409,가구,2017,5599.0,1955.0,2680.0,575.0,2973.0,40.0,2626.0,2043.0,583.0,473.0,384.0,0.0,44.0,53.1,88.4,68.7,19.6,30.3,901.0,473.0,8.447937131630647,52.497225305216425,16.092159314163244,131.1796377875673,4.439511653718091,12.88306451612904
I3409,가구,2018,5966.0,2148.0,2879.0,655.0,3157.0,45.0,2810.0,2161.0,649.0,523.0,448.0,0.0,30.0,52.9,89.0,68.5,20.6,31.7,1001.0,523.0,8.76634260811264,52.247752247752246,16.77841099564197,133.22535863026377,4.495504495504496,6.554741918199669
I3409,가구,2019,6410.0,2499.0,2862.0,599.0,3424.0,52.0,2986.0,2230.0,756.0,622.0,507.0,4.0,39.0,53.4,87.2,65.1,22.1,34.2,1172.0,626.0,9.765990639625585,53.412969283276446,18.28393135725429,128.34080717488789,4.436860068259386,7.442172309755279
I3409,가구,2020,6680.0,2590.0,2906.0,613.0,3682.0,45.0,2998.0,2302.0,695.0,579.0,447.0,2.0,34.0,55.1,81.4,62.5,18.9,28.9,1062.0,581.0,8.697604790419161,54.70809792843691,15.898203592814372,126.2380538662033,4.23728813559322,4.212168486739465
I3409,가구,2021,7455.0,2869.0,3258.0,800.0,3962.0,47.0,3494.0,2593.0,901.0,761.0,661.0,3.0,54.0,53.1,88.2,65.4,22.7,37.3,1479.0,764.0,10.248155600268277,51.65652467883706,19.839034205231385,125.64596991901273,3.1778228532792427,11.601796407185638
I3409,가구,2022,7809.0,2900.0,3390.0,903.0,4144.0,64.0,3665.0,2804.0,861.0,896.0,627.0,1.0,46.0,53.1,88.4,67.7,20.8,37.9,1570.0,897.0,11.486746062235882,57.13375796178344,20.105007043155336,120.8987161198288,4.076433121019108,4.748490945674044
I3409,가구,2023,8476.0,3145.0,3782.0,951.0,4511.0,87.0,3964.0,3130.0,834.0,863.0,599.0,0.0,45.0,53.2,87.9,69.4,18.5,33.4,1507.0,863.0,10.181689476168005,57.26609157266091,17.7796130250118,120.83067092651758,5.77305905773059,8.541426559098486
I3409,가구,2024,8856.0,3444.0,3875.0,1001.0,4809.0,102.0,4047.0,3203.0,844.0,891.0,578.0,0.0,51.0,54.3,84.1,66.6,17.5,31.6,1520.0,891.0,10.060975609756099,58.618421052631575,17.163504968383016,120.98033093974398,6.7105263157894735,4.483246814535158
I3409,가구,2025,9029.0,3676.0,3678.0,864.0,5131.0,92.0,3898.0,3104.0,794.0,964.0,524.0,30.0,48.0,56.8,76.0,60.5,15.5,30.5,1566.0,994.0,11.008971093144313,63.47381864623244,17.34411341233802,118.49226804123711,5.874840357598978,1.953477868112019
I3410,기타 제조업,1994,876.0,278.0,432.0,167.0,221.0,38.0,655.0,425.0,230.0,256.0,98.0,0.0,51.0,25.2,296.3,192.1,104.2,183.4,405.0,256.0,29.22374429223744,63.20987654320987,46.23287671232877,101.6470588235294,9.382716049382717,
I3410,기타 제조업,1995,955.0,308.0,490.0,195.0,238.0,48.0,716.0,499.0,218.0,304.0,59.0,0.0,43.0,25.0,300.4,209.1,91.3,170.2,406.0,304.0,31.83246073298429,74.8768472906404,42.51308900523561,98.19639278557113,11.822660098522167,9.018264840182644
I3410,기타 제조업,1996,872.0,331.0,405.0,179.0,104.0,58.0,768.0,488.0,280.0,314.0,134.0,0.0,50.0,11.9,737.3,468.5,268.7,477.2,498.0,314.0,36.00917431192661,63.05220883534136,57.11009174311926,82.99180327868852,11.646586345381527,-8.69109947643979
I3410,기타 제조업,1997,1022.0,340.0,502.0,190.0,131.0,57.0,891.0,506.0,381.0,301.0,226.0,0.0,57.0,12.8,679.0,386.0,290.4,445.5,584.0,301.0,29.45205479452055,51.54109589041096,57.14285714285714,99.2094861660079,9.76027397260274,17.20183486238531
I3410,기타 제조업,1998,1070.0,446.0,487.0,167.0,173.0,62.0,897.0,348.0,546.0,168.0,170.0,0.0,13.0,16.2,518.0,200.7,315.4,202.4,351.0,168.0,15.700934579439252,47.863247863247864,32.80373831775701,139.94252873563218,17.663817663817664,4.6966731898238745
I3410,기타 제조업,1999,1262.0,549.0,536.0,185.0,432.0,53.0,829.0,272.0,557.0,94.0,260.0,0.0,32.0,34.3,191.8,62.9,128.9,89.3,386.0,94.0,7.448494453248812,24.352331606217618,30.58637083993661,197.05882352941177,13.730569948186528,17.943925233644855
I3410,기타 제조업,2000,1365.0,580.0,593.0,212.0,474.0,52.0,891.0,347.0,545.0,129.0,251.0,0.0,21.0,34.7,188.2,73.2,115.0,84.6,401.0,129.0,9.45054945054945,32.16957605985037,29.37728937728938,170.89337175792508,12.967581047381547,8.161648177496028
I3410,기타 제조업,2001,1415.0,586.0,601.0,222.0,518.0,52.0,897.0,462.0,435.0,158.0,151.0,0.0,12.0,36.6,173.1,89.2,83.9,61.9,321.0,158.0,11.1660777385159,49.22118380062305,22.685512367491167,130.08658008658008,16.1993769470405,3.663003663003672
I3410,기타 제조업,2002,1366.0,516.0,632.0,241.0,649.0,29.0,717.0,435.0,282.0,201.0,167.0,0.0,16.0,47.5,110.3,67.0,43.4,59.0,384.0,201.0,14.714494875549047,52.34375,28.111273792093705,145.2873563218391,7.552083333333333,-3.4628975265017625
I3410,기타 제조업,2003,1399.0,508.0,621.0,232.0,677.0,24.0,722.0,516.0,206.0,273.0,122.0,0.0,24.0,48.4,106.7,76.3,30.4,62.0,419.0,273.0,19.513938527519656,65.15513126491646,29.949964260185848,120.34883720930232,5.727923627684964,2.4158125915080486
I3410,기타 제조업,2004,1405.0,512.0,625.0,230.0,710.0,26.0,694.0,522.0,173.0,263.0,98.0,0.0,23.0,50.6,97.7,73.4,24.3,54.0,384.0,263.0,18.718861209964412,68.48958333333334,27.330960854092528,119.73180076628354,6.770833333333333,0.42887776983560055
I3410,기타 제조업,2005,1574.0,540.0,723.0,211.0,894.0,23.0,680.0,505.0,175.0,267.0,76.0,0.0,20.0,56.8,76.1,56.5,19.6,40.6,363.0,267.0,16.96315120711563,73.55371900826447,23.06226175349428,143.16831683168317,6.336088154269973,12.02846975088967
I3410,기타 제조업,2006,1687.0,555.0,783.0,204.0,921.0,25.0,766.0,566.0,201.0,297.0,71.0,0.0,69.0,54.6,83.2,61.4,21.8,47.6,437.0,297.0,17.605216360403084,67.96338672768879,25.903971547125078,138.339222614841,5.720823798627003,7.17916137229988
I3410,기타 제조업,2007,1833.0,613.0,836.0,226.0,966.0,32.0,867.0,654.0,213.0,343.0,93.0,8.0,44.0,52.7,89.8,67.7,22.1,50.4,488.0,351.0,19.148936170212767,71.92622950819673,26.62302236770322,127.82874617737004,6.557377049180328,8.654416123295782
I3410,기타 제조업,2008,2076.0,731.0,905.0,267.0,1027.0,40.0,1050.0,836.0,214.0,428.0,119.0,0.0,11.0,49.4,102.2,81.4,20.8,54.4,558.0,428.0,20.616570327552985,76.70250896057348,26.878612716763005,108.2535885167464,7.168458781362006,13.256955810147296
I3410,기타 제조업,2009,2232.0,787.0,927.0,269.0,1134.0,43.0,1097.0,828.0,269.0,431.0,124.0,0.0,39.0,50.8,96.7,73.0,23.7,52.4,594.0,431.0,19.310035842293907,72.55892255892256,26.61290322580645,111.95652173913044,7.23905723905724,7.514450867052025
I3410,기타 제조업,2010,2410.0,806.0,1027.0,308.0,1258.0,42.0,1152.0,844.0,308.0,444.0,144.0,10.0,54.0,52.2,91.6,67.1,24.5,51.9,652.0,454.0,18.83817427385892,69.6319018404908,27.053941908713693,121.6824644549763,6.441717791411043,7.974910394265233
I3410,기타 제조업,2011,2724.0,856.0,1244.0,374.0,1400.0,44.0,1324.0,1011.0,313.0,496.0,169.0,0.0,20.0,51.4,94.6,72.2,22.4,49.0,685.0,496.0,18.208516886930983,72.4087591240876,25.146842878120413,123.04648862512364,6.423357664233577,13.029045643153525
I3410,기타 제조업,2012,2929.0,952.0,1321.0,416.0,1574.0,44.0,1355.0,992.0,363.0,508.0,179.0,0.0,58.0,53.7,86.1,63.0,23.1,47.3,745.0,508.0,17.34380334585183,68.18791946308724,25.435302150904747,133.16532258064515,5.906040268456376,7.525697503671069
I3410,기타 제조업,2013,3129.0,960.0,1558.0,436.0,1738.0,41.0,1391.0,1048.0,344.0,546.0,155.0,0.0,79.0,55.5,80.1,60.3,19.8,44.8,780.0,546.0,17.449664429530202,70.0,24.928092042186,148.66412213740458,5.256410256410256,6.8282690337999385
I3410,기타 제조업,2014,3422.0,1029.0,1688.0,455.0,1923.0,43.0,1498.0,1139.0,359.0,553.0,221.0,0.0,13.0,56.2,77.9,59.2,18.7,41.0,787.0,553.0,16.16014026884863,70.26683608640406,22.998246639392168,148.2001755926251,5.463786531130877,9.364014062000647
I3410,기타 제조업,2015,3756.0,1125.0,1892.0,482.0,2259.0,37.0,1497.0,1095.0,402.0,512.0,247.0,0.0,19.0,60.1,66.3,48.5,17.8,34.5,778.0,512.0,13.631522896698616,65.80976863753213,20.71352502662407,172.78538812785388,4.755784061696658,9.760374050263
I3410,기타 제조업,2016,4106.0,1245.0,2060.0,542.0,2490.0,32.0,1616.0,1183.0,433.0,503.0,267.0,0.0,21.0,60.6,64.9,47.5,17.4,31.8,791.0,503.0,12.250365319045299,63.59039190897599,19.264490988796883,174.13355874894336,4.0455120101137805,9.318423855165058
I3410,기타 제조업,2017,4364.0,1391.0,2064.0,554.0,2640.0,33.0,1724.0,1237.0,487.0,552.0,305.0,3.0,22.0,60.5,65.3,46.9,18.5,33.4,882.0,555.0,12.71769019248396,62.925170068027214,20.210815765352887,166.85529506871464,3.741496598639456,6.283487579152469
I3410,기타 제조업,2018,4792.0,1549.0,2326.0,613.0,2924.0,37.0,1868.0,1439.0,429.0,625.0,252.0,1.0,11.0,61.0,63.9,49.2,14.7,30.4,889.0,626.0,13.063439065108515,70.4161979752531,18.551752921535893,161.6400277970813,4.161979752530934,9.807516040329967
I3410,기타 제조업,2019,5447.0,1713.0,2462.0,741.0,3351.0,46.0,2096.0,1394.0,702.0,538.0,454.0,0.0,28.0,61.5,62.6,41.6,21.0,30.4,1020.0,538.0,9.87699651184138,52.74509803921569,18.725904167431615,176.61406025824965,4.509803921568627,13.668614357262099
I3410,기타 제조업,2020,5536.0,1759.0,2466.0,726.0,3414.0,48.0,2122.0,1490.0,634.0,591.0,407.0,0.0,21.0,61.7,62.2,43.6,18.6,29.9,1019.0,591.0,10.675578034682081,57.998037291462225,18.40679190751445,165.50335570469798,4.710500490677134,1.63392693225628
I3410,기타 제조업,2021,6202.0,2073.0,2882.0,845.0,3635.0,46.0,2567.0,1787.0,780.0,739.0,576.0,0.0,16.0,58.6,70.6,49.2,21.5,36.6,1331.0,739.0,11.915511125443405,55.5221637866266,21.460819090615928,161.2758813654169,3.4560480841472576,12.030346820809257
I3410,기타 제조업,2022,7566.0,2493.0,3575.0,1242.0,4200.0,66.0,3366.0,2468.0,898.0,987.0,667.0,0.0,20.0,55.5,80.1,58.8,21.4,39.9,1674.0,987.0,13.045202220459954,58.96057347670251,22.12529738302934,144.8541329011345,3.942652329749104,21.992905514350202
I3410,기타 제조업,2023,9004.0,3103.0,4484.0,1665.0,4706.0,118.0,4299.0,3321.0,978.0,1660.0,665.0,0.0,70.0,52.3,91.3,70.6,20.8,50.9,2395.0,1660.0,18.436250555308753,69.31106471816284,26.599289204797866,135.0195724179464,4.926931106471817,19.0060798308221
I3410,기타 제조업,2024,9236.0,3590.0,4135.0,1304.0,5138.0,135.0,4098.0,2974.0,1124.0,1268.0,842.0,0.0,38.0,55.6,79.8,57.9,21.9,41.8,2148.0,1268.0,13.728886964053702,59.0316573556797,23.25682113469034,139.0383322125084,6.284916201117319,2.5766326077298896
I3410,기타 제조업,2025,9607.0,3859.0,4132.0,1367.0,5310.0,113.0,4296.0,3304.0,992.0,1460.0,655.0,0.0,91.0,55.3,80.9,62.2,18.7,41.5,2206.0,1460.0,15.197252003747266,66.18313689936537,22.96242323305923,125.06053268765133,5.122393472348142,4.016890428757036
