통계표,계정코드,통화계약구분코드,단위,가중치,변환,1994,1995,1996,1997,1998,1999,2000,2001,2002,2003,2004,2005,2006,2007,2008,2009,2010,2011,2012,2013,2014,2015,2016,2017,2018,2019,2020,2021,2022,2023,2024,2025
"4.3.2.1. 수입물가지수(기본분류)","총지수","원화기준","2020=100","1000.0","원자료","54.23","57.36","57.77","63.25","81.10","71.26","76.72","79.43","74.50","75.84","83.54","85.95","86.75","90.65","123.46","118.34","124.63","139.08","138.08","127.95","118.29","100.15","95.92","102.19","108.59","109.50","100.00","117.63","148.10","136.04","139.56","138.99"
"4.3.2.1. 수입물가지수(기본분류)","총지수","계약통화기준","2020=100","1000.0","원자료","77.98","84.54","83.32","81.20","72.12","71.99","80.62","74.41","72.13","75.74","85.77","98.84","107.53","115.10","132.61","107.68","124.35","143.29","140.30","135.23","130.58","105.09","97.39","106.48","115.82","111.03","100.00","120.56","137.57","125.30","123.93","118.24"
"4.3.2.1. 수입물가지수(기본분류)","총지수","달러기준","2020=100","1000.0","원자료","78.99","86.45","84.00","80.67","70.79","71.35","79.99","72.51","70.21","75.01","85.94","98.86","107.02","114.96","133.94","109.66","127.05","147.97","144.44","137.75","132.55","104.50","97.44","106.52","116.34","110.83","100.00","121.09","135.42","122.89","120.74","115.22"
"4.3.2.1. 수입물가지수(기본분류)","  농림수산품","원화기준","2020=100","43.7","원자료","48.69","49.49","50.37","52.49","64.48","53.48","52.61","58.47","59.63","61.65","67.36","60.50","60.72","71.20","97.11","94.74","103.45","119.88","110.98","104.47","102.32","97.34","96.97","97.18","95.66","99.35","100.00","113.53","136.16","123.74","130.67","139.50"
"4.3.2.1. 수입물가지수(기본분류)","  농림수산품","계약통화기준","2020=100","43.7","원자료","68.39","72.21","70.97","65.31","56.95","53.29","54.82","53.36","56.17","60.95","69.20","69.57","74.94","90.16","104.73","87.15","104.77","126.63","115.23","112.26","114.51","101.71","98.44","101.27","102.56","100.58","100.00","116.99","125.01","112.44","113.90","116.54"
"4.3.2.1. 수입물가지수(기본분류)","  농림수산품","달러기준","2020=100","43.7","원자료","68.41","72.21","70.97","65.32","56.95","53.29","54.83","53.36","56.18","60.95","69.20","69.58","74.91","90.26","105.24","87.65","105.42","127.52","116.05","112.39","114.54","101.52","98.47","101.23","102.51","100.54","100.00","116.93","124.52","111.80","113.04","115.66"
"4.3.2.1. 수입물가지수(기본분류)","    농림수산품","원화기준","2020=100","43.7","원자료","48.69","49.49","50.37","52.49","64.48","53.48","52.61","58.47","59.63","61.65","67.36","60.50","60.72","71.20","97.11","94.74","103.45","119.88","110.98","104.47","102.32","97.34","96.97","97.18","95.66","99.35","100.00","113.53","136.16","123.74","130.67","139.50"
"4.3.2.1. 수입물가지수(기본분류)","    농림수산품","계약통화기준","2020=100","43.7","원자료","68.39","72.21","70.97","65.31","56.95","53.29","54.82","53.36","56.17","60.95","69.20","69.57","74.94","90.16","104.73","87.15","104.77","126.63","115.23","112.26","114.51","101.71","98.44","101.27","102.56","100.58","100.00","116.99","125.01","112.44","113.90","116.54"
"4.3.2.1. 수입물가지수(기본분류)","    농림수산품","달러기준","2020=100","43.7","원자료","68.41","72.21","70.97","65.32","56.95","53.29","54.83","53.36","56.18","60.95","69.20","69.58","74.91","90.26","105.24","87.65","105.42","127.52","116.05","112.39","114.54","101.52","98.47","101.23","102.51","100.54","100.00","116.93","124.52","111.80","113.04","115.66"
"4.3.2.1. 수입물가지수(기본분류)","      농산물","원화기준","2020=100","19.3","원자료","42.55","49.14","51.85","50.74","65.89","49.63","46.74","50.74","53.21","57.39","64.66","55.82","60.09","78.51","116.97","107.86","117.47","145.20","130.52","118.12","107.46","99.81","96.57","97.37","97.31","98.41","100.00","123.39","157.30","140.75","145.65","154.54"
"4.3.2.1. 수입물가지수(기본분류)","      농산물","계약통화기준","2020=100","19.3","원자료","62.16","74.87","76.27","65.15","55.51","49.25","48.59","46.20","50.08","56.63","66.24","64.05","74.00","99.35","127.11","99.72","119.74","154.53","136.43","127.04","120.29","104.09","98.05","101.41","104.26","99.50","100.00","126.89","143.71","127.06","125.85","128.06"
"4.3.2.1. 수입물가지수(기본분류)","      농산물","달러기준","2020=100","19.3","원자료","62.31","75.05","76.44","65.28","55.64","49.36","48.71","46.31","50.19","56.76","66.39","64.20","74.17","99.58","127.34","99.71","119.79","154.51","136.49","127.06","120.30","104.10","98.06","101.42","104.25","99.50","100.00","126.89","143.71","127.07","125.83","127.93"
"4.3.2.1. 수입물가지수(기본분류)","        곡물및식량작물","원화기준","2020=100","9.4","원자료","40.25","42.90","49.56","45.86","58.20","43.98","42.65","48.40","51.20","54.13","62.49","51.58","53.82","78.54","123.23","112.79","110.39","132.85","129.82","119.20","106.78","94.90","90.88","88.29","92.03","94.67","100.00","134.63","175.05","145.89","128.48","129.57"
"4.3.2.1. 수입물가지수(기본분류)","        곡물및식량작물","계약통화기준","2020=100","9.4","원자료","59.19","65.81","73.48","59.37","49.28","43.78","44.40","44.13","48.28","53.49","64.10","59.27","66.40","99.54","134.22","103.99","112.45","141.21","135.70","128.07","119.40","98.86","92.15","91.87","98.47","95.62","100.00","138.31","159.81","131.65","110.95","107.19"
"4.3.2.1. 수입물가지수(기본분류)","        곡물및식량작물","달러기준","2020=100","9.4","원자료","59.19","65.81","73.48","59.37","49.28","43.78","44.40","44.13","48.28","53.49","64.10","59.27","66.40","99.54","134.22","103.99","112.45","141.21","135.70","128.07","119.40","98.86","92.15","91.87","98.47","95.62","100.00","138.31","159.81","131.65","110.95","107.19"
"4.3.2.1. 수입물가지수(기본분류)","          곡류","원화기준","2020=100","0.7","원자료","","","","","","","36.86","42.53","42.72","44.57","53.75","47.51","52.41","54.71","81.21","134.40","98.96","95.78","94.48","94.26","90.49","96.60","91.23","87.62","90.68","97.20","100.00","107.81","129.90","135.10","133.39","132.77"
"4.3.2.1. 수입물가지수(기본분류)","          곡류","계약통화기준","2020=100","0.7","원자료","","","","","","","38.47","38.87","40.26","44.16","55.30","54.73","64.74","69.46","85.89","124.07","100.95","101.92","98.93","101.51","101.39","100.80","92.69","91.44","97.23","98.38","100.00","111.10","118.62","122.09","115.50","110.14"
"4.3.2.1. 수입물가지수(기본분류)","          곡류","달러기준","2020=100","0.7","원자료","","","","","","","38.47","38.87","40.26","44.16","55.30","54.73","64.74","69.46","85.89","124.07","100.95","101.92","98.93","101.51","101.39","100.80","92.69","91.44","97.23","98.38","100.00","111.10","118.62","122.09","115.50","110.14"
"4.3.2.1. 수입물가지수(기본분류)","          맥류및잡곡","원화기준","2020=100","7.3","원자료","40.49","44.09","50.61","43.82","56.25","43.82","41.99","48.17","51.19","52.71","58.30","50.63","54.50","81.26","127.39","112.03","112.57","138.95","131.43","117.86","104.29","92.14","88.06","85.79","91.42","94.93","100.00","137.51","180.25","146.29","127.87","128.98"
"4.3.2.1. 수입물가지수(기본분류)","          맥류및잡곡","계약통화기준","2020=100","7.3","원자료","59.50","67.61","75.08","56.88","47.83","43.61","43.71","43.92","48.27","52.08","59.82","58.18","67.25","102.98","138.82","103.19","114.68","147.68","137.37","126.61","116.58","95.98","89.28","89.25","97.78","95.88","100.00","141.22","164.57","132.03","110.40","106.68"
"4.3.2.1. 수입물가지수(기본분류)","          맥류및잡곡","달러기준","2020=100","7.3","원자료","59.50","67.61","75.08","56.88","47.83","43.61","43.71","43.92","48.27","52.08","59.82","58.18","67.25","102.98","138.82","103.19","114.68","147.68","137.37","126.61","116.58","95.98","89.28","89.25","97.78","95.88","100.00","141.22","164.57","132.03","110.40","106.68"
"4.3.2.1. 수입물가지수(기본분류)","          콩류","원화기준","2020=100","1.4","원자료","46.93","44.71","53.07","62.52","76.50","51.98","52.63","56.67","60.06","71.11","93.94","62.73","55.28","78.62","125.54","119.35","111.94","127.93","145.19","143.05","129.43","106.26","106.09","103.58","96.80","91.40","100.00","132.80","169.57","148.44","127.75","128.91"
"4.3.2.1. 수입물가지수(기본분류)","          콩류","계약통화기준","2020=100","1.4","원자료","69.14","68.61","78.41","80.17","63.79","51.71","54.71","51.61","56.60","70.19","96.07","72.03","68.03","99.53","137.16","110.45","113.90","135.87","151.62","153.57","144.71","110.57","107.55","107.65","103.65","92.19","100.00","136.51","154.64","133.79","110.26","106.59"
"4.3.2.1. 수입물가지수(기본분류)","          콩류","달러기준","2020=100","1.4","원자료","69.14","68.61","78.41","80.17","63.79","51.71","54.71","51.61","56.60","70.19","96.07","72.03","68.03","99.53","137.16","110.45","113.90","135.87","151.62","153.57","144.71","110.57","107.55","107.65","103.65","92.19","100.00","136.51","154.64","133.79","110.26","106.59"
"4.3.2.1. 수입물가지수(기본분류)","        채소및과실","원화기준","2020=100","2.6","원자료","33.29","41.52","55.24","55.81","89.53","80.40","60.23","70.74","70.69","71.73","73.33","68.30","71.01","78.55","91.28","106.19","100.20","91.61","87.25","88.68","92.74","95.46","95.14","94.80","100.59","102.24","100.00","104.32","123.80","128.26","133.27","133.10"
"4.3.2.1. 수입물가지수(기본분류)","        채소및과실","계약통화기준","2020=100","2.6","원자료","47.20","61.43","78.50","70.57","73.97","77.90","61.34","63.02","64.70","69.26","73.61","76.83","85.63","97.32","96.40","98.46","102.17","97.45","91.31","95.52","104.00","99.65","96.72","98.95","107.98","103.50","100.00","107.59","113.00","115.89","115.62","111.29"
"4.3.2.1. 수입물가지수(기본분류)","        채소및과실","달러기준","2020=100","2.6","원자료","48.34","62.92","80.41","71.96","75.77","79.79","62.82","64.55","66.27","70.94","75.40","78.70","87.71","99.68","97.98","98.12","102.17","97.45","91.31","95.52","104.00","99.65","96.72","98.95","107.98","103.50","100.00","107.59","113.00","115.89","115.44","110.52"
"4.3.2.1. 수입물가지수(기본분류)","          과일","원화기준","2020=100","2.6","원자료","33.29","41.52","55.24","55.81","89.53","80.40","60.23","70.74","70.69","71.73","73.33","68.30","71.01","78.55","91.28","106.19","100.20","91.61","87.25","88.68","92.74","95.46","95.14","94.80","100.59","102.24","100.00","104.32","123.80","128.26","133.27","133.10"
"4.3.2.1. 수입물가지수(기본분류)","          과일","계약통화기준","2020=100","2.6","원자료","47.20","61.43","78.50","70.57","73.97","77.90","61.34","63.02","64.70","69.26","73.61","76.83","85.63","97.32","96.40","98.46","102.17","97.45","91.31","95.52","104.00","99.65","96.72","98.95","107.98","103.50","100.00","107.59","113.00","115.89","115.62","111.29"
"4.3.2.1. 수입물가지수(기본분류)","          과일","달러기준","2020=100","2.6","원자료","48.34","62.92","80.41","71.96","75.77","79.79","62.82","64.55","66.27","70.94","75.40","78.70","87.71","99.68","97.98","98.12","102.17","97.45","91.31","95.52","104.00","99.65","96.72","98.95","107.98","103.50","100.00","107.59","113.00","115.89","115.44","110.52"
"4.3.2.1. 수입물가지수(기본분류)","        기타작물","원화기준","2020=100","7.3","원자료","48.57","61.97","55.17","58.89","76.46","55.26","52.06","48.56","50.67","59.30","64.63","61.37","71.73","76.47","106.63","92.23","140.72","194.44","155.82","134.75","119.10","112.16","108.47","116.49","105.77","103.45","100.00","115.00","146.49","141.53","191.93","223.48"
"4.3.2.1. 수입물가지수(기본분류)","        기타작물","계약통화기준","2020=100","7.3","원자료","70.58","93.88","80.62","74.89","64.13","54.79","54.23","44.31","47.81","58.64","66.32","70.51","88.41","96.92","116.07","85.76","143.45","207.12","162.73","144.97","133.38","117.07","110.25","121.35","113.39","104.71","100.00","118.29","134.08","127.78","165.73","185.00"
"4.3.2.1. 수입물가지수(기본분류)","        기타작물","달러기준","2020=100","7.3","원자료","70.65","93.99","80.70","74.97","64.20","54.85","54.29","44.36","47.86","58.71","66.39","70.59","88.51","97.02","116.19","85.86","143.61","207.07","162.90","145.02","133.39","117.08","110.25","121.35","113.39","104.71","100.00","118.29","134.08","127.78","165.73","185.00"
"4.3.2.1. 수입물가지수(기본분류)","          잎담배","원화기준","2020=100","0.7","원자료","","","","","","","","","","","","","","","","","113.30","109.89","124.91","121.39","122.52","125.10","114.69","104.01","99.47","101.14","100.00","95.20","109.91","130.75","145.14","177.91"
"4.3.2.1. 수입물가지수(기본분류)","          잎담배","계약통화기준","2020=100","0.7","원자료","","","","","","","","","","","","","","","","","115.65","116.99","130.81","130.81","137.31","130.73","116.63","108.52","106.69","102.43","100.00","98.22","100.46","118.20","125.67","147.66"
"4.3.2.1. 수입물가지수(기본분류)","          잎담배","달러기준","2020=100","0.7","원자료","","","","","","","","","","","","","","","","","115.61","116.99","130.81","130.81","137.31","130.73","116.63","108.52","106.69","102.43","100.00","98.22","100.46","118.20","125.67","147.66"
"4.3.2.1. 수입물가지수(기본분류)","          천연고무","원화기준","2020=100","1.4","원자료","55.71","72.95","68.20","56.26","62.43","46.32","51.77","50.24","67.85","84.23","96.96","98.75","131.18","139.59","192.57","151.85","276.16","372.05","263.37","196.98","131.41","112.01","109.59","131.75","107.46","106.75","100.00","115.90","124.60","110.04","150.37","158.69"
"4.3.2.1. 수입물가지수(기본분류)","          천연고무","계약통화기준","2020=100","1.4","원자료","82.18","111.90","100.91","72.99","52.14","46.21","53.92","45.84","64.19","83.29","99.56","113.39","161.63","176.85","210.51","142.03","281.58","395.54","274.77","211.81","146.93","116.80","111.26","136.91","115.10","107.88","100.00","119.28","114.20","99.23","129.69","131.26"
"4.3.2.1. 수입물가지수(기본분류)","          천연고무","달러기준","2020=100","1.4","원자료","82.18","111.90","100.91","72.99","52.14","46.21","53.92","45.84","64.19","83.29","99.56","113.39","161.63","176.85","210.51","142.03","281.58","395.54","274.77","211.81","146.93","116.80","111.26","136.91","115.10","107.88","100.00","119.28","114.20","99.23","129.69","131.26"
"4.3.2.1. 수입물가지수(기본분류)","          기타식용작물","원화기준","2020=100","4.4","원자료","127.65","121.97","98.62","135.05","175.24","115.74","83.05","60.82","56.82","57.66","60.13","79.67","90.56","108.64","148.83","128.16","126.23","169.62","147.67","126.83","133.48","123.84","123.78","131.10","112.38","103.65","100.00","127.36","172.31","180.70","298.11","379.19"
"4.3.2.1. 수입물가지수(기본분류)","          기타식용작물","계약통화기준","2020=100","4.4","원자료","188.88","187.69","146.58","172.95","147.14","115.47","86.74","55.52","53.49","57.02","61.85","91.64","111.79","137.90","161.99","118.15","128.69","180.78","154.42","136.38","149.53","129.43","125.93","136.58","120.56","104.94","100.00","130.73","157.65","163.06","257.13","313.74"
"4.3.2.1. 수입물가지수(기본분류)","          기타식용작물","달러기준","2020=100","4.4","원자료","188.88","187.69","146.58","172.95","147.14","115.47","86.74","55.52","53.49","57.02","61.85","91.64","111.79","137.90","161.99","118.15","128.69","180.78","154.42","136.38","149.53","129.43","125.93","136.58","120.56","104.94","100.00","130.73","157.65","163.06","257.13","313.74"
"4.3.2.1. 수입물가지수(기본분류)","          기타비식용작물","원화기준","2020=100","0.8","원자료","46.58","62.23","53.64","57.85","79.32","57.20","55.70","55.10","48.26","55.43","57.44","43.60","41.66","41.26","59.58","61.03","83.85","128.00","106.19","104.76","100.19","97.76","92.04","97.96","101.03","101.19","100.00","110.72","153.07","127.82","122.07","117.67"
"4.3.2.1. 수입물가지수(기본분류)","          기타비식용작물","계약통화기준","2020=100","0.8","원자료","68.67","95.82","79.33","74.17","67.10","56.88","57.92","50.23","45.40","54.75","58.80","50.07","51.28","52.23","64.22","56.46","85.34","136.58","110.79","112.76","112.30","102.02","93.56","102.22","108.33","102.52","100.00","113.97","140.12","115.52","105.70","97.56"
"4.3.2.1. 수입물가지수(기본분류)","          기타비식용작물","달러기준","2020=100","0.8","원자료","68.86","96.14","79.59","74.42","67.32","57.07","58.12","50.40","45.55","54.93","59.00","50.24","51.46","52.40","64.44","56.65","85.62","136.45","111.16","112.85","112.33","102.05","93.56","102.22","108.32","102.52","100.00","113.97","140.11","115.53","105.70","97.56"
"4.3.2.1. 수입물가지수(기본분류)","      축산물","원화기준","2020=100","14.4","원자료","47.08","45.23","44.02","50.39","58.13","52.17","54.56","63.78","61.61","66.41","68.65","64.04","60.58","63.42","77.54","76.33","84.88","91.49","94.15","94.11","102.61","97.58","98.24","96.47","93.70","102.55","100.00","116.53","131.40","118.80","128.80","142.82"
"4.3.2.1. 수입물가지수(기본분류)","      축산물","계약통화기준","2020=100","14.4","원자료","67.89","67.63","63.46","64.86","56.18","52.86","57.29","58.65","58.48","66.14","71.14","74.20","75.30","80.45","83.36","70.56","86.18","96.92","98.15","100.96","114.50","101.45","99.48","100.17","100.16","103.73","100.00","120.00","120.22","107.26","111.40","118.37"
"4.3.2.1. 수입물가지수(기본분류)","      축산물","달러기준","2020=100","14.4","원자료","67.17","66.91","62.78","64.22","55.58","52.29","56.68","58.02","57.85","65.43","70.37","73.40","74.47","80.10","83.33","70.53","86.18","96.92","98.15","100.96","114.50","101.45","99.48","100.17","100.16","103.73","100.00","120.00","120.22","107.26","111.38","118.41"
"4.3.2.1. 수입물가지수(기본분류)","        낙농및육류","원화기준","2020=100","14.4","원자료","49.31","47.10","45.39","51.81","60.99","55.84","58.04","67.83","63.86","69.19","72.11","67.69","63.80","64.02","78.78","76.46","84.88","91.49","94.15","94.11","102.61","97.58","98.24","96.47","93.70","102.55","100.00","116.53","131.40","118.80","128.80","142.82"
"4.3.2.1. 수입물가지수(기본분류)","        낙농및육류","계약통화기준","2020=100","14.4","원자료","70.59","70.06","65.12","66.59","58.35","55.63","60.30","61.72","59.97","68.19","73.95","77.60","78.44","80.85","84.53","70.61","86.18","96.92","98.15","100.96","114.50","101.45","99.48","100.17","100.16","103.73","100.00","120.00","120.22","107.26","111.40","118.37"
"4.3.2.1. 수입물가지수(기본분류)","        낙농및육류","달러기준","2020=100","14.4","원자료","70.59","70.06","65.12","66.66","58.35","55.63","60.30","61.72","59.97","68.19","73.95","77.60","78.44","80.85","84.53","70.61","86.18","96.92","98.15","100.96","114.50","101.45","99.48","100.17","100.16","103.73","100.00","120.00","120.22","107.26","111.38","118.41"
"4.3.2.1. 수입물가지수(기본분류)","          도축육","원화기준","2020=100","13.4","원자료","48.81","46.63","44.94","51.29","60.37","55.28","57.46","67.16","63.22","68.49","71.39","67.01","63.16","63.37","77.99","75.69","84.02","90.57","93.21","93.16","101.58","96.60","97.25","95.50","91.76","100.80","100.00","116.46","129.43","117.40","128.14","141.16"
"4.3.2.1. 수입물가지수(기본분류)","          도축육","계약통화기준","2020=100","13.4","원자료","70.15","69.61","64.70","66.17","57.98","55.28","59.91","61.33","59.59","67.76","73.48","77.11","77.95","80.34","83.99","70.16","85.63","96.30","97.53","100.32","113.77","100.81","98.85","99.54","98.36","101.94","100.00","119.94","118.44","106.01","110.85","116.99"
"4.3.2.1. 수입물가지수(기본분류)","          도축육","달러기준","2020=100","13.4","원자료","70.15","69.61","64.70","66.24","57.98","55.28","59.91","61.33","59.59","67.76","73.48","77.11","77.95","80.34","83.99","70.16","85.63","96.30","97.52","100.32","113.77","100.81","98.85","99.54","98.36","101.94","100.00","119.94","118.44","106.01","110.82","117.03"
"4.3.2.1. 수입물가지수(기본분류)","          가금육","원화기준","2020=100","1","원자료","","","","","","","","","","","","","","","","","","","","","","","","","119.00","127.10","100.00","118.63","173.26","147.29","143.39","175.30"
"4.3.2.1. 수입물가지수(기본분류)","          가금육","계약통화기준","2020=100","1","원자료","","","","","","","","","","","","","","","","","","","","","","","","","124.28","128.98","100.00","122.16","158.58","133.34","124.34","145.80"
"4.3.2.1. 수입물가지수(기본분류)","          가금육","달러기준","2020=100","1","원자료","","","","","","","","","","","","","","","","","","","","","","","","","124.28","128.98","100.00","122.16","158.58","133.34","124.34","145.80"
"4.3.2.1. 수입물가지수(기본분류)","      임산물","원화기준","2020=100","0.9","원자료","61.66","53.04","50.98","54.87","64.88","59.05","56.94","59.99","62.86","62.93","71.70","70.47","69.84","77.95","96.51","91.06","104.51","107.15","100.38","110.39","103.53","90.63","95.74","105.35","107.90","105.55","100.00","121.17","130.02","111.82","116.14","115.45"
"4.3.2.1. 수입물가지수(기본분류)","      임산물","계약통화기준","2020=100","0.9","원자료","80.77","72.37","66.96","63.38","54.88","58.51","59.41","54.78","59.21","62.28","73.79","81.12","86.27","98.88","103.66","84.54","106.61","114.12","105.10","118.91","115.97","94.63","97.30","109.92","115.72","106.94","100.00","124.89","118.96","101.08","100.47","95.67"
"4.3.2.1. 수입물가지수(기본분류)","      임산물","달러기준","2020=100","0.9","원자료","80.77","72.37","66.96","63.38","54.88","58.51","59.41","54.78","59.21","62.28","73.79","81.12","86.27","98.88","103.66","84.54","106.61","114.12","105.10","118.91","115.97","94.63","97.30","109.92","115.72","106.94","100.00","124.89","118.96","101.08","100.47","95.67"
"4.3.2.1. 수입물가지수(기본분류)","        임산물","원화기준","2020=100","0.9","원자료","61.66","53.04","50.98","54.87","64.88","59.05","56.94","59.99","62.86","62.93","71.70","70.47","69.84","77.95","96.51","91.06","104.51","107.15","100.38","110.39","103.53","90.63","95.74","105.35","107.90","105.55","100.00","121.17","130.02","111.82","116.14","115.45"
"4.3.2.1. 수입물가지수(기본분류)","        임산물","계약통화기준","2020=100","0.9","원자료","80.77","72.37","66.96","63.38","54.88","58.51","59.41","54.78","59.21","62.28","73.79","81.12","86.27","98.88","103.66","84.54","106.61","114.12","105.10","118.91","115.97","94.63","97.30","109.92","115.72","106.94","100.00","124.89","118.96","101.08","100.47","95.67"
"4.3.2.1. 수입물가지수(기본분류)","        임산물","달러기준","2020=100","0.9","원자료","80.77","72.37","66.96","63.38","54.88","58.51","59.41","54.78","59.21","62.28","73.79","81.12","86.27","98.88","103.66","84.54","106.61","114.12","105.10","118.91","115.97","94.63","97.30","109.92","115.72","106.94","100.00","124.89","118.96","101.08","100.47","95.67"
"4.3.2.1. 수입물가지수(기본분류)","          원목","원화기준","2020=100","0.9","원자료","61.66","53.04","50.98","54.87","64.88","59.05","56.94","59.99","62.86","62.93","71.70","70.47","69.84","77.95","96.51","91.06","104.51","107.15","100.38","110.39","103.53","90.63","95.74","105.35","107.90","105.55","100.00","121.17","130.02","111.82","116.14","115.45"
"4.3.2.1. 수입물가지수(기본분류)","          원목","계약통화기준","2020=100","0.9","원자료","80.77","72.37","66.96","63.38","54.88","58.51","59.41","54.78","59.21","62.28","73.79","81.12","86.27","98.88","103.66","84.54","106.61","114.12","105.10","118.91","115.97","94.63","97.30","109.92","115.72","106.94","100.00","124.89","118.96","101.08","100.47","95.67"
"4.3.2.1. 수입물가지수(기본분류)","          원목","달러기준","2020=100","0.9","원자료","80.77","72.37","66.96","63.38","54.88","58.51","59.41","54.78","59.21","62.28","73.79","81.12","86.27","98.88","103.66","84.54","106.61","114.12","105.10","118.91","115.97","94.63","97.30","109.92","115.72","106.94","100.00","124.89","118.96","101.08","100.47","95.67"
"4.3.2.1. 수입물가지수(기본분류)","      수산물","원화기준","2020=100","9.1","원자료","51.73","55.57","56.96","60.94","68.46","69.94","72.19","79.68","82.52","67.18","72.59","65.47","59.41","58.55","67.63","84.96","89.30","97.39","88.96","83.89","88.73","91.36","95.54","94.87","90.50","95.38","100.00","88.35","102.09","98.06","104.81","108.00"
"4.3.2.1. 수입물가지수(기본분류)","      수산물","계약통화기준","2020=100","9.1","원자료","60.82","66.49","66.84","65.84","68.94","69.75","75.13","72.59","77.36","66.23","74.41","75.15","73.25","74.24","70.64","75.85","87.62","99.18","89.20","89.79","99.37","96.49","97.19","99.32","97.47","96.83","100.00","91.55","95.46","91.52","94.46","93.18"
"4.3.2.1. 수입물가지수(기본분류)","      수산물","달러기준","2020=100","9.1","원자료","61.22","66.85","67.20","66.20","69.32","70.13","75.54","72.99","77.77","66.59","74.81","75.56","73.50","74.45","72.94","78.82","91.21","103.94","93.27","90.56","99.70","95.56","97.35","99.13","97.27","96.69","100.00","91.32","93.47","88.78","90.91","89.74"
"4.3.2.1. 수입물가지수(기본분류)","        신선수산물","원화기준","2020=100","1.8","원자료","","","","","","","","","","","","107.24","78.48","89.68","103.84","114.65","115.50","131.05","132.35","117.48","104.82","109.14","128.75","119.35","100.97","99.07","100.00","97.11","107.36","107.12","103.72","105.37"
"4.3.2.1. 수입물가지수(기본분류)","        신선수산물","계약통화기준","2020=100","1.8","원자료","","","","","","","","","","","","118.58","93.85","110.32","97.48","87.88","96.20","110.96","111.21","118.00","115.56","119.55","130.49","126.06","110.06","101.30","100.00","101.54","108.73","110.93","106.90","103.45"
"4.3.2.1. 수입물가지수(기본분류)","        신선수산물","달러기준","2020=100","1.8","원자료","","","","","","","","","","","","123.57","96.93","113.85","112.40","106.03","117.84","139.56","138.53","126.39","117.48","113.61","131.02","124.45","108.56","100.31","100.00","100.15","98.08","96.83","89.84","87.36"
"4.3.2.1. 수입물가지수(기본분류)","          신선수산물","원화기준","2020=100","1.8","원자료","","","","","","","","","","","","107.24","78.48","89.68","103.84","114.65","115.50","131.05","132.35","117.48","104.82","109.14","128.75","119.35","100.97","99.07","100.00","97.11","107.36","107.12","103.72","105.37"
"4.3.2.1. 수입물가지수(기본분류)","          신선수산물","계약통화기준","2020=100","1.8","원자료","","","","","","","","","","","","118.58","93.85","110.32","97.48","87.88","96.20","110.96","111.21","118.00","115.56","119.55","130.49","126.06","110.06","101.30","100.00","101.54","108.73","110.93","106.90","103.45"
"4.3.2.1. 수입물가지수(기본분류)","          신선수산물","달러기준","2020=100","1.8","원자료","","","","","","","","","","","","123.57","96.93","113.85","112.40","106.03","117.84","139.56","138.53","126.39","117.48","113.61","131.02","124.45","108.56","100.31","100.00","100.15","98.08","96.83","89.84","87.36"
"4.3.2.1. 수입물가지수(기본분류)","        냉동건조수산물","원화기준","2020=100","7.3","원자료","44.88","48.21","49.42","52.87","59.40","60.68","62.64","69.14","71.60","58.29","62.98","56.80","55.62","52.15","60.18","79.02","84.14","90.56","80.20","76.97","85.03","87.36","88.96","89.74","88.27","94.60","100.00","86.40","100.99","96.30","105.83","109.46"
"4.3.2.1. 수입물가지수(기본분류)","        냉동건조수산물","계약통화기준","2020=100","7.3","원자료","53.08","58.03","58.33","57.46","60.17","60.88","65.56","63.35","67.51","57.80","64.93","65.59","68.83","66.33","64.80","73.37","85.96","96.70","84.13","83.17","95.61","91.48","90.68","93.82","94.87","95.93","100.00","89.34","92.50","87.20","91.79","90.98"
"4.3.2.1. 수입물가지수(기본분류)","        냉동건조수산물","달러기준","2020=100","7.3","원자료","53.14","58.03","58.33","57.46","60.17","60.88","65.56","63.35","67.51","57.80","64.93","65.59","68.83","66.33","64.80","73.37","85.96","96.70","84.13","83.17","95.61","91.48","90.68","93.82","94.87","95.93","100.00","89.34","92.50","87.20","91.79","90.98"
"4.3.2.1. 수입물가지수(기본분류)","          냉동수산물","원화기준","2020=100","7.3","원자료","44.88","48.21","49.42","52.87","59.40","60.68","62.64","69.14","71.60","58.29","62.98","56.80","55.62","52.15","60.18","79.02","84.14","90.56","80.20","76.97","85.03","87.36","88.96","89.74","88.27","94.60","100.00","86.40","100.99","96.30","105.83","109.46"
"4.3.2.1. 수입물가지수(기본분류)","          냉동수산물","계약통화기준","2020=100","7.3","원자료","53.08","58.03","58.33","57.46","60.17","60.88","65.56","63.35","67.51","57.80","64.93","65.59","68.83","66.33","64.80","73.37","85.96","96.70","84.13","83.17","95.61","91.48","90.68","93.82","94.87","95.93","100.00","89.34","92.50","87.20","91.79","90.98"
"4.3.2.1. 수입물가지수(기본분류)","          냉동수산물","달러기준","2020=100","7.3","원자료","53.14","58.03","58.33","57.46","60.17","60.88","65.56","63.35","67.51","57.80","64.93","65.59","68.83","66.33","64.80","73.37","85.96","96.70","84.13","83.17","95.61","91.48","90.68","93.82","94.87","95.93","100.00","89.34","92.50","87.20","91.79","90.98"
"4.3.2.1. 수입물가지수(기본분류)","  광산품","원화기준","2020=100","249.6","원자료","22.69","23.88","27.63","31.62","35.80","36.39","49.82","50.31","50.20","53.37","64.81","84.44","99.24","104.73","164.02","134.26","157.80","202.31","206.10","190.08","170.85","107.45","89.20","114.04","135.51","135.69","100.00","145.51","223.85","191.41","191.36","176.71"
"4.3.2.1. 수입물가지수(기본분류)","  광산품","계약통화기준","2020=100","249.6","원자료","33.51","36.75","40.84","40.59","29.96","36.32","51.94","45.91","47.36","52.77","66.70","97.09","122.42","132.85","179.67","124.94","160.82","215.13","215.45","204.55","191.54","112.29","90.67","118.85","145.04","137.26","100.00","149.37","204.23","172.70","165.38","146.31"
"4.3.2.1. 수입물가지수(기본분류)","  광산품","달러기준","2020=100","249.6","원자료","33.50","36.75","40.83","40.58","29.95","36.32","51.93","45.90","47.35","52.76","66.68","97.07","122.39","132.82","179.63","124.91","160.79","215.14","215.45","204.56","191.54","112.29","90.67","118.85","145.04","137.26","100.00","149.37","204.23","172.70","165.38","146.31"
"4.3.2.1. 수입물가지수(기본분류)","    광산품","원화기준","2020=100","249.6","원자료","22.69","23.88","27.63","31.62","35.80","36.39","49.82","50.31","50.20","53.37","64.81","84.44","99.24","104.73","164.02","134.26","157.80","202.31","206.10","190.08","170.85","107.45","89.20","114.04","135.51","135.69","100.00","145.51","223.85","191.41","191.36","176.71"
"4.3.2.1. 수입물가지수(기본분류)","    광산품","계약통화기준","2020=100","249.6","원자료","33.51","36.75","40.84","40.59","29.96","36.32","51.94","45.91","47.36","52.77","66.70","97.09","122.42","132.85","179.67","124.94","160.82","215.13","215.45","204.55","191.54","112.29","90.67","118.85","145.04","137.26","100.00","149.37","204.23","172.70","165.38","146.31"
"4.3.2.1. 수입물가지수(기본분류)","    광산품","달러기준","2020=100","249.6","원자료","33.50","36.75","40.83","40.58","29.95","36.32","51.93","45.90","47.35","52.76","66.68","97.07","122.39","132.82","179.63","124.91","160.79","215.14","215.45","204.56","191.54","112.29","90.67","118.85","145.04","137.26","100.00","149.37","204.23","172.70","165.38","146.31"
"4.3.2.1. 수입물가지수(기본분류)","      석탄,원유및천연가스","원화기준","2020=100","203.1","원자료","25.59","26.86","31.51","35.77","38.85","41.13","58.57","58.83","59.06","63.08","76.53","99.89","114.15","120.23","189.04","148.10","171.20","219.40","226.69","210.04","188.93","115.64","93.46","119.38","145.75","143.52","100.00","148.54","243.31","206.24","204.62","183.16"
"4.3.2.1. 수입물가지수(기본분류)","      석탄,원유및천연가스","계약통화기준","2020=100","203.1","원자료","37.80","41.33","46.55","45.92","32.49","41.06","61.06","53.67","55.72","62.37","78.76","114.84","140.76","152.49","207.62","137.90","174.50","233.27","236.96","226.04","211.81","120.85","94.99","124.39","155.95","145.18","100.00","152.48","221.92","186.11","176.90","151.66"
"4.3.2.1. 수입물가지수(기본분류)","      석탄,원유및천연가스","달러기준","2020=100","203.1","원자료","37.78","41.32","46.54","45.91","32.48","41.05","61.04","53.66","55.71","62.35","78.74","114.80","140.72","152.45","207.56","137.86","174.45","233.27","236.96","226.04","211.81","120.85","94.99","124.39","155.95","145.18","100.00","152.48","221.92","186.11","176.90","151.66"
"4.3.2.1. 수입물가지수(기본분류)","        석탄","원화기준","2020=100","25.8","원자료","47.34","46.88","52.11","58.54","85.11","62.89","55.69","67.08","67.33","57.31","83.87","112.03","102.18","93.29","117.06","120.06","162.91","194.76","171.58","139.54","117.97","99.90","97.54","148.86","151.77","138.71","100.00","154.15","276.47","211.28","182.32","156.29"
"4.3.2.1. 수입물가지수(기본분류)","        석탄","계약통화기준","2020=100","25.8","원자료","70.09","72.28","77.27","75.10","71.40","62.82","58.16","61.34","63.46","56.78","86.63","129.14","126.23","118.51","125.22","110.68","166.20","207.62","179.52","150.47","132.33","104.60","99.23","155.37","162.96","140.79","100.00","158.08","253.06","191.37","158.03","129.62"
"4.3.2.1. 수입물가지수(기본분류)","        석탄","달러기준","2020=100","25.8","원자료","69.64","71.81","76.78","74.61","70.94","62.42","57.79","60.94","63.05","56.40","86.07","128.30","125.41","117.75","124.41","109.96","165.12","207.62","179.52","150.47","132.33","104.60","99.23","155.37","162.96","140.79","100.00","158.08","253.06","191.37","158.03","129.62"
"4.3.2.1. 수입물가지수(기본분류)","          무연탄","원화기준","2020=100","1.3","원자료","","","","","","","","","","","","41.89","33.79","36.27","74.42","76.89","102.84","121.87","109.64","85.77","70.36","72.78","81.55","104.66","119.87","124.49","100.00","144.57","266.32","247.56","199.69","189.20"
"4.3.2.1. 수입물가지수(기본분류)","          무연탄","계약통화기준","2020=100","1.3","원자료","","","","","","","","","","","","48.19","41.66","46.07","77.78","70.23","104.87","129.81","114.78","92.50","78.87","76.00","83.04","109.31","128.57","126.17","100.00","148.33","243.23","223.95","172.93","156.88"
"4.3.2.1. 수입물가지수(기본분류)","          무연탄","달러기준","2020=100","1.3","원자료","","","","","","","","","","","","48.19","41.66","46.07","77.78","70.23","104.87","129.81","114.78","92.50","78.87","76.00","83.04","109.31","128.57","126.17","100.00","148.33","243.23","223.95","172.93","156.88"
"4.3.2.1. 수입물가지수(기본분류)","          유연탄","원화기준","2020=100","24.5","원자료","53.10","52.53","58.38","65.60","95.38","70.47","62.40","75.17","75.44","64.22","93.98","125.54","115.65","104.17","123.21","126.21","171.65","204.67","179.94","147.04","124.65","103.45","99.33","154.82","155.95","140.63","100.00","155.14","277.75","208.85","181.23","154.11"
"4.3.2.1. 수입물가지수(기본분류)","          유연탄","계약통화기준","2020=100","24.5","원자료","78.63","81.01","86.61","84.18","80.03","70.42","65.19","68.75","71.12","63.64","97.10","144.74","142.90","132.35","132.26","116.52","175.12","218.21","188.25","158.55","139.84","108.35","101.04","161.58","167.46","142.77","100.00","159.09","254.26","189.17","157.11","127.84"
"4.3.2.1. 수입물가지수(기본분류)","          유연탄","달러기준","2020=100","24.5","원자료","78.00","80.37","85.92","83.51","79.39","69.86","64.68","68.21","70.56","63.14","96.33","143.59","141.76","131.31","131.22","115.59","173.74","218.21","188.25","158.55","139.84","108.35","101.04","161.58","167.46","142.77","100.00","159.09","254.26","189.17","157.11","127.84"
"4.3.2.1. 수입물가지수(기본분류)","        원유및천연가스","원화기준","2020=100","177.3","원자료","23.46","24.95","29.55","33.60","34.54","39.03","58.65","58.03","58.26","63.38","75.77","98.69","115.15","122.59","195.47","150.54","171.82","221.56","234.79","221.53","200.47","118.10","92.71","114.61","144.68","144.14","100.00","147.72","238.58","205.92","208.66","187.82"
"4.3.2.1. 수입물가지수(기본분류)","        원유및천연가스","계약통화기준","2020=100","177.3","원자료","34.65","38.41","43.63","43.15","28.87","38.97","61.14","52.95","54.99","62.66","77.96","113.44","141.99","155.48","215.00","140.28","175.13","235.53","245.44","238.38","224.77","123.40","94.24","119.43","154.75","145.76","100.00","151.64","217.48","185.72","180.32","155.51"
"4.3.2.1. 수입물가지수(기본분류)","        원유및천연가스","달러기준","2020=100","177.3","원자료","34.65","38.41","43.63","43.15","28.87","38.97","61.14","52.95","54.99","62.66","77.96","113.44","141.99","155.48","215.00","140.28","175.13","235.53","245.44","238.38","224.77","123.40","94.24","119.43","154.75","145.76","100.00","151.64","217.48","185.72","180.32","155.51"
"4.3.2.1. 수입물가지수(기본분류)","          원유","원화기준","2020=100","122.5","원자료","24.00","25.59","30.29","34.39","34.87","40.06","60.28","59.32","60.25","65.10","78.50","103.17","119.55","128.48","201.46","157.01","182.07","237.29","247.98","232.68","204.66","115.38","96.25","121.17","154.06","149.23","100.00","160.13","250.51","216.21","218.73","199.15"
"4.3.2.1. 수입물가지수(기본분류)","          원유","계약통화기준","2020=100","122.5","원자료","35.36","39.29","44.62","44.06","29.09","39.89","62.69","53.99","56.72","64.21","80.55","118.31","147.04","162.55","222.56","146.43","185.16","251.63","258.63","249.75","229.01","120.24","97.69","125.96","164.42","150.50","100.00","164.04","228.21","194.44","188.56","164.47"
"4.3.2.1. 수입물가지수(기본분류)","          원유","달러기준","2020=100","122.5","원자료","35.36","39.29","44.62","44.06","29.09","39.89","62.69","53.99","56.72","64.21","80.55","118.31","147.04","162.55","222.56","146.43","185.16","251.63","258.63","249.75","229.01","120.24","97.69","125.96","164.42","150.50","100.00","164.04","228.21","194.44","188.56","164.47"
"4.3.2.1. 수입물가지수(기본분류)","          천연가스(LNG)","원화기준","2020=100","54.8","원자료","22.80","23.30","27.64","31.91","36.49","36.25","53.75","55.01","51.32","58.29","65.90","80.60","97.11","98.97","170.36","124.34","131.24","159.57","181.02","174.74","174.73","117.06","79.95","93.77","117.02","129.15","100.00","111.61","201.43","175.11","178.48","160.03"
"4.3.2.1. 수입물가지수(기본분류)","          천연가스(LNG)","계약통화기준","2020=100","54.8","원자료","33.89","36.11","41.13","41.17","30.64","36.42","56.34","50.53","48.80","57.98","68.37","93.26","120.60","126.32","182.93","114.80","134.53","170.75","190.46","189.34","196.93","123.23","81.61","98.40","125.95","131.60","100.00","115.23","183.65","159.31","155.35","133.45"
"4.3.2.1. 수입물가지수(기본분류)","          천연가스(LNG)","달러기준","2020=100","54.8","원자료","33.89","36.11","41.13","41.17","30.64","36.42","56.34","50.53","48.80","57.98","68.37","93.26","120.60","126.32","182.93","114.80","134.53","170.75","190.46","189.34","196.93","123.23","81.61","98.40","125.95","131.60","100.00","115.23","183.65","159.31","155.35","133.45"
"4.3.2.1. 수입물가지수(기본분류)","      금속및비금속광물","원화기준","2020=100","46.5","원자료","11.45","12.23","12.86","15.56","22.51","18.04","17.99","19.39","17.95","17.93","22.04","28.11","43.01","46.09","69.92","77.64","100.05","128.38","118.49","105.20","93.78","71.40","69.53","89.26","89.75","100.18","100.00","130.92","132.56","121.39","128.20","143.92"
"4.3.2.1. 수입물가지수(기본분류)","      금속및비금속광물","계약통화기준","2020=100","46.5","원자료","16.91","18.82","19.04","19.93","18.90","17.97","18.73","17.69","16.87","17.73","22.67","32.30","53.11","58.42","74.76","71.89","101.77","136.48","123.72","113.02","104.97","74.55","70.62","92.97","96.15","101.16","100.00","134.67","121.44","109.53","110.70","119.13"
"4.3.2.1. 수입물가지수(기본분류)","      금속및비금속광물","달러기준","2020=100","46.5","원자료","16.92","18.82","19.05","19.94","18.91","17.98","18.74","17.69","16.88","17.74","22.68","32.31","53.12","58.44","74.78","71.91","101.80","136.51","123.75","113.04","104.97","74.55","70.62","92.97","96.15","101.16","100.00","134.67","121.44","109.53","110.70","119.13"
"4.3.2.1. 수입물가지수(기본분류)","        금속광물","원화기준","2020=100","44.6","원자료","11.59","12.50","13.09","16.22","23.12","18.22","18.42","19.76","18.25","18.43","23.28","30.03","47.71","49.81","62.20","71.71","100.23","129.69","118.20","105.33","94.26","69.87","68.43","90.27","91.00","101.09","100.00","131.19","129.04","118.27","126.05","141.60"
"4.3.2.1. 수입물가지수(기본분류)","        금속광물","계약통화기준","2020=100","44.6","원자료","17.12","19.24","19.39","20.78","19.41","18.16","19.19","18.03","17.15","18.22","23.95","34.51","58.94","63.14","67.12","66.64","101.97","137.92","123.44","113.19","105.52","72.96","69.52","94.04","97.49","102.08","100.00","134.96","118.27","106.71","108.83","117.19"
"4.3.2.1. 수입물가지수(기본분류)","        금속광물","달러기준","2020=100","44.6","원자료","17.12","19.24","19.39","20.78","19.41","18.16","19.19","18.03","17.15","18.22","23.95","34.51","58.94","63.14","67.12","66.64","101.97","137.92","123.44","113.19","105.52","72.96","69.52","94.04","97.49","102.08","100.00","134.96","118.27","106.71","108.83","117.19"
"4.3.2.1. 수입물가지수(기본분류)","          철광석","원화기준","2020=100","15.7","원자료","8.81","8.61","9.58","11.18","17.40","13.34","13.11","15.58","14.80","14.58","16.43","23.49","27.52","30.31","55.77","77.79","112.62","158.47","137.01","121.36","102.44","62.36","52.48","69.34","66.32","95.29","100.00","129.86","107.23","99.84","99.76","107.18"
"4.3.2.1. 수입물가지수(기본분류)","          철광석","계약통화기준","2020=100","15.7","원자료","13.03","13.27","14.18","14.31","14.64","13.30","13.67","14.22","13.91","14.42","16.89","27.02","33.98","38.45","58.24","71.77","114.41","168.53","143.05","130.37","114.77","65.19","53.35","72.25","70.98","96.11","100.00","133.78","98.17","90.02","86.23","88.74"
"4.3.2.1. 수입물가지수(기본분류)","          철광석","달러기준","2020=100","15.7","원자료","13.03","13.27","14.18","14.31","14.64","13.30","13.67","14.22","13.91","14.42","16.89","27.02","33.98","38.45","58.24","71.77","114.41","168.53","143.05","130.37","114.77","65.19","53.35","72.25","70.98","96.11","100.00","133.78","98.17","90.02","86.23","88.74"
"4.3.2.1. 수입물가지수(기본분류)","          기타비철금속광석","원화기준","2020=100","28.9","원자료","18.96","22.49","21.62","29.14","36.49","30.06","31.68","31.00","27.86","28.84","40.33","47.51","90.25","91.84","87.68","80.73","106.99","116.75","106.01","94.44","89.79","77.80","83.43","109.25","113.59","106.50","100.00","132.60","150.80","138.07","153.01","176.44"
"4.3.2.1. 수입물가지수(기본분류)","          기타비철금속광석","계약통화기준","2020=100","28.9","원자료","27.97","34.57","32.03","37.41","30.58","29.94","32.99","28.27","26.16","28.51","41.50","54.56","111.47","116.34","97.53","75.83","109.12","124.21","110.76","101.54","100.42","81.18","84.71","113.77","121.72","107.64","100.00","136.18","138.28","124.58","131.97","145.92"
"4.3.2.1. 수입물가지수(기본분류)","          기타비철금속광석","달러기준","2020=100","28.9","원자료","27.97","34.57","32.04","37.41","30.58","29.94","32.99","28.27","26.16","28.51","41.50","54.56","111.47","116.34","97.53","75.83","109.12","124.21","110.76","101.54","100.42","81.18","84.71","113.77","121.72","107.64","100.00","136.18","138.28","124.58","131.97","145.92"
"4.3.2.1. 수입물가지수(기본분류)","        비금속광물","원화기준","2020=100","1.9","원자료","7.92","7.82","8.33","9.30","14.16","11.97","11.42","12.64","11.82","11.20","11.75","13.88","14.38","20.57","83.12","81.99","75.27","93.66","106.28","90.47","78.22","90.64","83.29","69.38","66.82","84.31","100.00","126.21","183.54","165.60","155.96","173.35"
"4.3.2.1. 수입물가지수(기본분류)","        비금속광물","계약통화기준","2020=100","1.9","원자료","11.63","12.00","12.30","11.87","11.86","11.89","11.87","11.51","11.09","11.04","12.05","15.92","17.70","26.03","86.36","74.92","76.45","99.14","110.75","96.96","87.57","94.46","84.50","72.27","71.57","85.18","100.00","129.83","167.45","149.55","134.87","143.66"
"4.3.2.1. 수입물가지수(기본분류)","        비금속광물","달러기준","2020=100","1.9","원자료","11.68","12.04","12.35","11.91","11.90","11.93","11.91","11.55","11.13","11.08","12.09","15.98","17.76","26.12","86.67","75.19","76.73","99.50","111.14","97.30","87.54","94.46","84.50","72.27","71.57","85.18","100.00","129.83","167.45","149.55","134.87","143.66"
"4.3.2.1. 수입물가지수(기본분류)","          기타비금속광물","원화기준","2020=100","1.9","원자료","7.92","7.82","8.33","9.30","14.16","11.97","11.42","12.64","11.82","11.20","11.75","13.88","14.38","20.57","83.12","81.99","75.27","93.66","106.28","90.47","78.22","90.64","83.29","69.38","66.82","84.31","100.00","126.21","183.54","165.60","155.96","173.35"
"4.3.2.1. 수입물가지수(기본분류)","          기타비금속광물","계약통화기준","2020=100","1.9","원자료","11.63","12.00","12.30","11.87","11.86","11.89","11.87","11.51","11.09","11.04","12.05","15.92","17.70","26.03","86.36","74.92","76.45","99.14","110.75","96.96","87.57","94.46","84.50","72.27","71.57","85.18","100.00","129.83","167.45","149.55","134.87","143.66"
"4.3.2.1. 수입물가지수(기본분류)","          기타비금속광물","달러기준","2020=100","1.9","원자료","11.68","12.04","12.35","11.91","11.90","11.93","11.91","11.55","11.13","11.08","12.09","15.98","17.76","26.12","86.67","75.19","76.73","99.50","111.14","97.30","87.54","94.46","84.50","72.27","71.57","85.18","100.00","129.83","167.45","149.55","134.87","143.66"
"4.3.2.1. 수입물가지수(기본분류)","  공산품","원화기준","2020=100","706.7","원자료","72.53","77.25","75.82","82.62","108.85","93.42","95.54","99.18","90.79","91.04","96.95","90.74","86.42","89.32","113.72","117.38","117.24","122.30","120.23","111.74","104.39","98.20","97.45","99.14","101.54","102.52","100.00","109.53","126.45","120.32","124.63","127.40"
"4.3.2.1. 수입물가지수(기본분류)","  공산품","계약통화기준","2020=100","706.7","원자료","104.11","113.12","109.18","106.51","97.84","94.87","101.15","94.21","89.16","91.67","99.82","104.65","107.66","113.78","121.13","105.99","115.92","124.15","120.59","117.20","114.51","103.22","98.95","103.26","108.08","104.02","100.00","112.26","118.74","112.09","112.27","109.96"
"4.3.2.1. 수입물가지수(기본분류)","  공산품","달러기준","2020=100","706.7","원자료","105.44","116.00","109.94","105.26","95.36","93.47","99.61","90.55","85.53","90.04","99.73","104.40","106.62","113.26","122.72","108.57","119.53","130.13","125.78","120.31","116.93","102.42","98.99","103.35","108.81","103.79","100.00","112.85","115.69","108.72","107.83","105.64"
"4.3.2.1. 수입물가지수(기본분류)","    음식료품","원화기준","2020=100","40.7","원자료","42.56","45.29","45.07","52.30","73.06","55.11","51.15","58.45","57.31","58.34","59.98","56.53","59.36","64.12","94.69","101.90","106.86","115.63","115.26","107.47","103.19","101.17","99.76","99.23","92.55","97.78","100.00","113.70","142.51","144.97","151.62","159.33"
"4.3.2.1. 수입물가지수(기본분류)","    음식료품","계약통화기준","2020=100","40.7","원자료","64.02","69.94","67.87","68.01","61.91","55.51","54.48","54.82","55.21","58.64","62.13","64.63","72.42","79.92","100.88","94.44","108.30","121.68","119.75","114.66","113.92","105.29","101.81","103.52","98.53","98.93","100.00","115.99","131.25","132.25","132.86","133.58"
"4.3.2.1. 수입물가지수(기본분류)","    음식료품","달러기준","2020=100","40.7","원자료","62.75","68.70","66.58","66.93","60.95","54.62","53.35","53.42","54.02","57.74","61.70","65.08","73.30","81.38","101.93","94.34","109.02","123.05","120.58","115.74","115.59","105.56","101.39","103.42","99.25","98.91","100.00","117.07","130.30","130.95","131.17","132.11"
"4.3.2.1. 수입물가지수(기본분류)","      식료품","원화기준","2020=100","36.2","원자료","41.07","44.04","43.50","50.76","72.20","52.43","48.13","55.97","54.57","55.41","57.31","53.14","56.54","61.90","94.63","102.14","107.72","117.55","117.18","108.65","103.76","101.46","99.85","99.36","91.94","97.70","100.00","114.77","146.34","148.89","155.22","163.05"
"4.3.2.1. 수입물가지수(기본분류)","      식료품","계약통화기준","2020=100","36.2","원자료","62.80","69.15","66.75","67.29","61.65","52.70","50.89","51.84","52.12","55.58","59.77","61.96","70.76","79.39","102.43","95.07","110.32","125.45","123.27","117.51","116.69","106.71","102.40","104.19","98.51","98.93","100.00","117.70","134.57","135.43","135.59","136.35"
"4.3.2.1. 수입물가지수(기본분류)","      식료품","달러기준","2020=100","36.2","원자료","61.97","68.23","65.83","66.39","60.83","52.00","50.21","51.16","51.45","54.86","58.97","61.20","69.84","78.57","101.80","94.56","109.93","125.12","122.63","117.04","116.27","105.90","101.52","103.59","98.62","98.85","100.00","118.16","133.79","134.48","134.29","135.20"
"4.3.2.1. 수입물가지수(기본분류)","        육가공품및낙농품","원화기준","2020=100","4.5","원자료","","","","","","","","","","","","74.96","68.07","68.74","122.25","86.11","104.80","103.98","97.23","102.41","106.52","92.84","98.50","103.08","94.31","99.81","100.00","110.84","176.43","168.63","173.21","188.34"
"4.3.2.1. 수입물가지수(기본분류)","        육가공품및낙농품","계약통화기준","2020=100","4.5","원자료","","","","","","","","","","","","87.84","85.51","88.80","134.08","81.07","108.76","112.69","103.61","112.30","121.53","98.69","101.98","109.34","101.27","101.12","100.00","114.20","160.99","152.54","150.25","155.95"
"4.3.2.1. 수입물가지수(기본분류)","        육가공품및낙농품","달러기준","2020=100","4.5","원자료","","","","","","","","","","","","86.40","84.11","87.35","131.89","79.75","106.98","110.85","101.91","110.46","119.54","97.07","100.31","107.55","101.24","101.11","100.00","114.20","161.00","152.55","150.01","156.39"
"4.3.2.1. 수입물가지수(기본분류)","          낙농품","원화기준","2020=100","4.5","원자료","","","","","","","","","","","","74.96","68.07","68.74","122.25","86.11","104.80","103.98","97.23","102.41","106.52","92.84","98.50","103.08","94.31","99.81","100.00","110.84","176.43","168.63","173.21","188.34"
"4.3.2.1. 수입물가지수(기본분류)","          낙농품","계약통화기준","2020=100","4.5","원자료","","","","","","","","","","","","87.84","85.51","88.80","134.08","81.07","108.76","112.69","103.61","112.30","121.53","98.69","101.98","109.34","101.27","101.12","100.00","114.20","160.99","152.54","150.25","155.95"
"4.3.2.1. 수입물가지수(기본분류)","          낙농품","달러기준","2020=100","4.5","원자료","","","","","","","","","","","","86.40","84.11","87.35","131.89","79.75","106.98","110.85","101.91","110.46","119.54","97.07","100.31","107.55","101.24","101.11","100.00","114.20","161.00","152.55","150.01","156.39"
"4.3.2.1. 수입물가지수(기본분류)","        수산가공품","원화기준","2020=100","2.1","원자료","22.41","23.83","21.38","29.02","39.97","38.25","36.08","36.49","40.27","39.91","32.36","36.28","34.10","32.35","63.43","71.57","76.02","78.25","95.45","83.67","75.26","81.67","87.56","83.55","87.84","98.82","100.00","96.85","110.03","107.14","102.24","100.15"
"4.3.2.1. 수입물가지수(기본분류)","        수산가공품","계약통화기준","2020=100","2.1","원자료","34.14","37.20","32.90","38.07","33.60","37.83","37.86","33.45","38.16","39.59","33.39","41.86","42.18","41.14","67.89","66.23","77.70","83.41","100.14","90.34","84.53","85.39","89.26","87.35","94.32","100.26","100.00","97.71","106.46","104.21","96.56","93.15"
"4.3.2.1. 수입물가지수(기본분류)","        수산가공품","달러기준","2020=100","2.1","원자료","33.98","37.02","32.74","37.89","33.44","37.65","37.68","33.36","38.08","39.51","33.32","41.77","42.09","41.05","67.74","66.09","77.53","83.22","99.92","90.14","84.34","85.20","89.06","87.16","94.12","100.04","100.00","99.88","100.56","96.89","88.55","83.12"
"4.3.2.1. 수입물가지수(기본분류)","          수산물가공품","원화기준","2020=100","2.1","원자료","22.41","23.83","21.38","29.02","39.97","38.25","36.08","36.49","40.27","39.91","32.36","36.28","34.10","32.35","63.43","71.57","76.02","78.25","95.45","83.67","75.26","81.67","87.56","83.55","87.84","98.82","100.00","96.85","110.03","107.14","102.24","100.15"
"4.3.2.1. 수입물가지수(기본분류)","          수산물가공품","계약통화기준","2020=100","2.1","원자료","34.14","37.20","32.90","38.07","33.60","37.83","37.86","33.45","38.16","39.59","33.39","41.86","42.18","41.14","67.89","66.23","77.70","83.41","100.14","90.34","84.53","85.39","89.26","87.35","94.32","100.26","100.00","97.71","106.46","104.21","96.56","93.15"
"4.3.2.1. 수입물가지수(기본분류)","          수산물가공품","달러기준","2020=100","2.1","원자료","33.98","37.02","32.74","37.89","33.44","37.65","37.68","33.36","38.08","39.51","33.32","41.77","42.09","41.05","67.74","66.09","77.53","83.22","99.92","90.14","84.34","85.20","89.06","87.16","94.12","100.04","100.00","99.88","100.56","96.89","88.55","83.12"
"4.3.2.1. 수입물가지수(기본분류)","        제당및전분","원화기준","2020=100","2.5","원자료","55.83","60.21","57.43","61.27","83.01","55.25","53.53","68.06","54.56","51.88","52.90","59.77","83.49","62.61","83.60","110.89","143.76","181.24","154.07","125.02","111.11","101.80","115.73","130.57","92.76","95.99","100.00","123.87","156.75","191.18","189.79","166.00"
"4.3.2.1. 수입물가지수(기본분류)","        제당및전분","계약통화기준","2020=100","2.5","원자료","83.23","92.41","85.48","78.36","69.95","54.33","55.77","62.23","51.37","51.37","54.54","68.83","103.13","79.45","89.14","103.17","146.93","192.96","161.20","134.69","124.49","106.38","117.80","136.02","99.60","97.21","100.00","127.47","143.24","172.56","164.39","137.65"
"4.3.2.1. 수입물가지수(기본분류)","        제당및전분","달러기준","2020=100","2.5","원자료","83.23","92.41","85.48","78.36","69.95","54.33","55.77","62.23","51.37","51.37","54.54","68.83","103.13","79.45","89.14","103.17","146.93","192.96","161.20","134.69","124.49","106.38","117.80","136.02","99.60","97.21","100.00","127.47","143.24","172.56","164.39","137.65"
"4.3.2.1. 수입물가지수(기본분류)","          원당","원화기준","2020=100","2.5","원자료","54.75","60.21","57.43","61.27","83.01","55.25","53.53","68.06","54.56","51.88","52.90","59.77","83.49","62.61","83.60","110.89","143.76","181.24","154.07","125.02","111.11","101.80","115.73","130.57","92.76","95.99","100.00","123.87","156.75","191.18","189.79","166.00"
"4.3.2.1. 수입물가지수(기본분류)","          원당","계약통화기준","2020=100","2.5","원자료","81.40","92.41","85.48","78.36","69.95","54.33","55.77","62.23","51.37","51.37","54.54","68.83","103.13","79.45","89.14","103.17","146.93","192.96","161.20","134.69","124.49","106.38","117.80","136.02","99.60","97.21","100.00","127.47","143.24","172.56","164.39","137.65"
"4.3.2.1. 수입물가지수(기본분류)","          원당","달러기준","2020=100","2.5","원자료","81.40","92.41","85.48","78.36","69.95","54.33","55.77","62.23","51.37","51.37","54.54","68.83","103.13","79.45","89.14","103.17","146.93","192.96","161.20","134.69","124.49","106.38","117.80","136.02","99.60","97.21","100.00","127.47","143.24","172.56","164.39","137.65"
"4.3.2.1. 수입물가지수(기본분류)","        떡,과자및면류","원화기준","2024.12=100","3.4","원자료","","","","","","","","","","","","","","","","","","","","","","","","","","","","","","","","106.54"
"4.3.2.1. 수입물가지수(기본분류)","        떡,과자및면류","계약통화기준","2024.12=100","3.4","원자료","","","","","","","","","","","","","","","","","","","","","","","","","","","","","","","","104.19"
"4.3.2.1. 수입물가지수(기본분류)","        떡,과자및면류","달러기준","2024.12=100","3.4","원자료","","","","","","","","","","","","","","","","","","","","","","","","","","","","","","","","107.50"
"4.3.2.1. 수입물가지수(기본분류)","          떡,빵및과자류","원화기준","2024.12=100","3.4","원자료","","","","","","","","","","","","","","","","","","","","","","","","","","","","","","","","106.54"
"4.3.2.1. 수입물가지수(기본분류)","          떡,빵및과자류","계약통화기준","2024.12=100","3.4","원자료","","","","","","","","","","","","","","","","","","","","","","","","","","","","","","","","104.19"
"4.3.2.1. 수입물가지수(기본분류)","          떡,빵및과자류","달러기준","2024.12=100","3.4","원자료","","","","","","","","","","","","","","","","","","","","","","","","","","","","","","","","107.50"
"4.3.2.1. 수입물가지수(기본분류)","        조미료및유지","원화기준","2020=100","6.7","원자료","35.55","39.75","39.92","50.58","74.61","49.96","44.61","50.31","57.42","64.82","73.54","52.31","49.36","66.58","105.20","104.03","103.81","118.35","120.23","110.53","102.22","93.35","98.00","91.05","90.34","91.40","100.00","135.33","167.24","146.37","131.06","128.79"
"4.3.2.1. 수입물가지수(기본분류)","        조미료및유지","계약통화기준","2020=100","6.7","원자료","53.44","62.16","60.75","66.32","63.41","49.69","46.46","45.87","54.12","64.05","75.35","60.11","60.79","83.68","113.39","95.55","105.23","124.68","125.42","118.25","113.82","97.99","100.27","95.07","96.51","92.39","100.00","138.73","153.79","132.54","113.65","106.60"
"4.3.2.1. 수입물가지수(기본분류)","        조미료및유지","달러기준","2020=100","6.7","원자료","53.44","62.16","60.65","66.32","63.41","49.69","46.46","45.88","54.13","64.05","75.36","60.11","60.84","84.38","114.72","96.22","105.71","125.68","125.48","118.76","114.27","97.18","99.39","94.67","96.71","92.24","100.00","139.09","152.83","131.95","113.14","106.47"
"4.3.2.1. 수입물가지수(기본분류)","          유지","원화기준","2020=100","6.7","원자료","35.55","39.75","39.92","50.58","74.61","49.96","44.61","50.31","57.42","64.82","73.54","52.31","49.36","66.58","105.20","104.03","103.81","118.35","120.23","110.53","102.22","93.35","98.00","91.05","90.34","91.40","100.00","135.33","167.24","146.37","131.06","128.79"
"4.3.2.1. 수입물가지수(기본분류)","          유지","계약통화기준","2020=100","6.7","원자료","53.44","62.16","60.75","66.32","63.41","49.69","46.46","45.87","54.12","64.05","75.35","60.11","60.79","83.68","113.39","95.55","105.23","124.68","125.42","118.25","113.82","97.99","100.27","95.07","96.51","92.39","100.00","138.73","153.79","132.54","113.65","106.60"
"4.3.2.1. 수입물가지수(기본분류)","          유지","달러기준","2020=100","6.7","원자료","53.44","62.16","60.65","66.32","63.41","49.69","46.46","45.88","54.13","64.05","75.36","60.11","60.84","84.38","114.72","96.22","105.71","125.68","125.48","118.76","114.27","97.18","99.39","94.67","96.71","92.24","100.00","139.09","152.83","131.95","113.14","106.47"
"4.3.2.1. 수입물가지수(기본분류)","        기타식료품","원화기준","2020=100","17","원자료","47.71","52.63","64.93","63.50","123.33","100.95","76.97","79.13","97.37","93.06","87.89","66.68","64.52","71.54","91.60","104.07","100.57","101.86","107.58","109.55","111.71","117.96","100.71","100.32","93.07","101.71","100.00","103.81","128.61","142.03","165.68","184.45"
"4.3.2.1. 수입물가지수(기본분류)","        기타식료품","계약통화기준","2020=100","17","원자료","77.05","88.57","105.07","89.64","114.44","108.23","86.23","77.58","98.45","98.83","97.33","81.75","85.23","96.81","102.64","99.11","103.32","109.41","113.63","119.15","126.20","124.35","103.56","105.33","99.69","102.96","100.00","106.83","118.05","128.90","144.48","154.43"
"4.3.2.1. 수입물가지수(기본분류)","        기타식료품","달러기준","2020=100","17","원자료","71.92","82.68","98.07","83.68","106.82","101.02","80.49","72.42","91.89","92.25","90.47","76.90","79.78","90.92","98.41","96.43","102.70","108.53","112.71","118.14","125.28","123.23","102.43","104.76","99.97","103.00","100.00","106.94","117.72","128.40","143.44","153.10"
"4.3.2.1. 수입물가지수(기본분류)","          과실및채소가공품","원화기준","2020=100","17","원자료","42.01","46.35","57.18","55.92","108.61","88.90","67.78","69.69","85.75","81.96","77.40","58.72","58.76","69.49","90.03","100.56","96.82","98.07","103.57","107.30","111.48","117.66","100.04","99.66","92.80","101.84","100.00","103.58","128.44","141.97","165.80","184.67"
"4.3.2.1. 수입물가지수(기본분류)","          과실및채소가공품","계약통화기준","2020=100","17","원자료","64.41","74.04","87.83","74.94","95.67","90.48","72.09","64.85","82.31","82.62","81.37","68.34","73.35","88.92","96.86","93.44","99.61","105.48","109.55","116.88","126.11","124.23","103.02","104.78","99.54","103.09","100.00","106.69","117.97","128.90","144.64","154.69"
"4.3.2.1. 수입물가지수(기본분류)","          과실및채소가공품","달러기준","2020=100","17","원자료","63.35","72.82","86.38","73.70","94.08","88.98","70.90","63.78","80.94","81.24","79.68","67.73","72.67","88.34","96.79","93.16","98.88","104.50","108.52","115.73","125.04","122.93","101.75","104.07","99.68","103.12","100.00","106.70","117.57","128.35","143.54","153.29"
"4.3.2.1. 수입물가지수(기본분류)","          인삼및건강보조식품","원화기준","2020=100","0.0","원자료","","","","","","","","","","","","","","","","","","","","91.30","87.79","94.30","105.68","104.59","92.80","96.83","100.00","100.59","112.16","111.54","115.82",""
"4.3.2.1. 수입물가지수(기본분류)","          인삼및건강보조식품","계약통화기준","2020=100","0.0","원자료","","","","","","","","","","","","","","","","","","","","97.19","97.19","97.19","106.46","108.31","98.11","98.10","100.00","101.41","101.66","101.66","101.67",""
"4.3.2.1. 수입물가지수(기본분류)","          인삼및건강보조식품","달러기준","2020=100","0.0","원자료","","","","","","","","","","","","","","","","","","","","98.38","98.38","98.38","107.50","109.11","99.54","98.04","100.00","103.72","102.54","100.78","100.22",""
"4.3.2.1. 수입물가지수(기본분류)","      음료품","원화기준","2020=100","4.5","원자료","59.88","60.71","61.11","74.97","125.19","92.20","86.44","93.78","94.64","100.56","103.60","111.33","106.48","102.69","107.21","108.66","105.77","101.93","101.55","99.96","100.16","100.34","99.95","98.49","98.29","98.56","100.00","104.22","109.04","110.70","120.09","126.07"
"4.3.2.1. 수입물가지수(기본분류)","      음료품","계약통화기준","2020=100","4.5","원자료","87.91","89.98","87.99","89.81","97.36","86.58","89.60","89.60","89.60","94.77","93.74","103.18","100.61","95.25","96.73","98.41","98.85","95.38","95.03","94.82","94.60","94.87","96.95","97.88","98.80","99.11","100.00","101.80","103.57","105.57","110.37","110.88"
"4.3.2.1. 수입물가지수(기본분류)","      음료품","달러기준","2020=100","4.5","원자료","88.52","93.54","90.44","96.20","105.19","92.02","90.20","85.67","89.30","99.54","106.58","128.20","131.43","130.32","116.87","100.85","107.91","108.48","106.25","107.65","112.19","104.61","101.52","102.69","105.37","99.71","100.00","107.42","99.70","99.92","103.82","104.47"
"4.3.2.1. 수입물가지수(기본분류)","        주류","원화기준","2020=100","4.5","원자료","59.88","60.71","61.11","74.97","125.19","92.20","86.44","93.78","94.64","100.56","103.60","111.33","106.48","102.69","107.21","108.66","105.77","101.93","101.55","99.96","100.16","100.34","99.95","98.49","98.29","98.56","100.00","104.22","109.04","110.70","120.09","126.07"
"4.3.2.1. 수입물가지수(기본분류)","        주류","계약통화기준","2020=100","4.5","원자료","87.91","89.98","87.99","89.81","97.36","86.58","89.60","89.60","89.60","94.77","93.74","103.18","100.61","95.25","96.73","98.41","98.85","95.38","95.03","94.82","94.60","94.87","96.95","97.88","98.80","99.11","100.00","101.80","103.57","105.57","110.37","110.88"
"4.3.2.1. 수입물가지수(기본분류)","        주류","달러기준","2020=100","4.5","원자료","88.52","93.54","90.44","96.20","105.19","92.02","90.20","85.67","89.30","99.54","106.58","128.20","131.43","130.32","116.87","100.85","107.91","108.48","106.25","107.65","112.19","104.61","101.52","102.69","105.37","99.71","100.00","107.42","99.70","99.92","103.82","104.47"
"4.3.2.1. 수입물가지수(기본분류)","          맥주","원화기준","2020.12=100","0.9","원자료","","","","","","","","","","","","","","","","","","","","","","","","","","","","103.28","113.16","117.92","126.34","132.76"
"4.3.2.1. 수입물가지수(기본분류)","          맥주","계약통화기준","2020.12=100","0.9","원자료","","","","","","","","","","","","","","","","","","","","","","","","","","","","100.25","103.22","104.86","107.60","106.13"
"4.3.2.1. 수입물가지수(기본분류)","          맥주","달러기준","2020.12=100","0.9","원자료","","","","","","","","","","","","","","","","","","","","","","","","","","","","98.89","96.07","98.90","101.50","102.24"
"4.3.2.1. 수입물가지수(기본분류)","          기타주류","원화기준","2020=100","3.6","원자료","52.49","53.21","54.81","71.24","123.78","96.58","86.44","93.78","94.64","100.56","103.60","111.33","106.48","102.69","107.21","108.66","105.77","101.93","101.55","99.96","100.16","100.34","99.95","98.49","98.29","98.56","100.00","103.94","106.02","106.17","115.86","121.28"
"4.3.2.1. 수입물가지수(기본분류)","          기타주류","계약통화기준","2020=100","3.6","원자료","76.40","78.21","78.51","83.77","94.68","89.60","89.60","89.60","89.60","94.77","93.74","103.18","100.61","95.25","96.73","98.41","98.85","95.38","95.03","94.82","94.60","94.87","96.95","97.88","98.80","99.11","100.00","101.67","102.73","104.90","110.62","111.56"
"4.3.2.1. 수입물가지수(기본분류)","          기타주류","달러기준","2020=100","3.6","원자료","77.52","81.92","80.95","91.21","104.10","96.36","90.20","85.67","89.30","99.54","106.58","128.20","131.43","130.32","116.87","100.85","107.91","108.48","106.25","107.65","112.19","104.61","101.52","102.69","105.37","99.71","100.00","107.14","96.99","95.85","100.18","100.54"
"4.3.2.1. 수입물가지수(기본분류)","    섬유및가죽제품","원화기준","2020=100","43.1","원자료","54.37","55.64","57.97","65.78","85.08","75.18","77.50","85.01","78.89","79.06","78.79","69.82","67.79","68.72","87.41","101.54","101.06","103.53","101.75","100.80","97.67","99.43","101.81","99.22","97.67","98.60","100.00","101.60","113.09","111.63","114.23","119.99"
"4.3.2.1. 수입물가지수(기본분류)","    섬유및가죽제품","계약통화기준","2020=100","43.1","원자료","78.49","83.24","83.62","83.06","75.44","73.44","79.46","76.65","73.49","77.10","79.63","79.00","82.30","85.74","91.04","90.69","99.35","104.99","101.95","104.43","105.00","102.56","102.66","102.42","102.91","99.71","100.00","104.04","106.15","103.67","102.25","103.32"
"4.3.2.1. 수입물가지수(기본분류)","    섬유및가죽제품","달러기준","2020=100","43.1","원자료","79.84","84.67","85.00","84.50","76.81","74.78","80.82","77.64","74.36","78.22","81.00","80.36","83.65","87.17","93.54","93.79","103.05","110.18","106.55","108.62","109.49","103.75","103.52","103.52","104.76","99.84","100.00","104.77","103.44","100.86","98.86","99.52"
"4.3.2.1. 수입물가지수(기본분류)","      섬유및의복","원화기준","2020=100","28.3","원자료","61.48","62.64","62.30","69.47","90.71","78.30","79.44","85.19","79.46","80.31","80.31","70.67","68.93","69.26","89.70","103.66","104.54","108.10","106.07","104.11","100.08","101.91","103.96","100.66","98.33","98.33","100.00","102.39","114.67","110.59","112.25","117.78"
"4.3.2.1. 수입물가지수(기본분류)","      섬유및의복","계약통화기준","2020=100","28.3","원자료","87.36","92.27","88.52","86.28","78.75","76.98","81.71","77.13","74.35","78.61","81.48","80.30","84.03","86.82","93.91","93.11","103.59","111.20","107.49","110.01","110.10","105.91","105.32","104.64","104.62","99.59","100.00","105.27","106.86","101.83","99.00","99.23"
"4.3.2.1. 수입물가지수(기본분류)","      섬유및의복","달러기준","2020=100","28.3","원자료","88.62","93.60","89.72","87.53","79.99","78.19","82.88","77.84","74.94","79.49","82.58","81.36","85.10","87.89","95.96","95.79","106.65","115.09","111.07","112.18","112.18","106.34","105.70","105.01","105.47","99.57","100.00","105.58","104.90","99.95","97.17","97.71"
"4.3.2.1. 수입물가지수(기본분류)","        섬유사","원화기준","2020=100","2.8","원자료","67.17","72.59","69.82","76.91","97.53","83.02","82.64","88.04","84.10","89.20","88.22","75.98","77.18","78.19","101.30","104.33","142.00","158.88","130.67","127.50","116.99","109.62","110.40","113.26","114.90","107.54","100.00","128.21","153.09","125.30","127.37","127.00"
"4.3.2.1. 수입물가지수(기본분류)","        섬유사","계약통화기준","2020=100","2.8","원자료","94.14","105.19","97.40","94.24","84.72","82.41","86.16","80.40","79.32","88.24","90.64","87.45","95.25","99.20","109.37","96.65","144.92","169.07","136.73","137.29","131.12","114.35","112.23","118.11","123.18","108.91","100.00","131.95","140.37","113.22","110.23","105.32"
"4.3.2.1. 수입물가지수(기본분류)","        섬유사","달러기준","2020=100","2.8","원자료","94.14","105.19","97.40","94.24","84.72","82.41","86.16","80.40","79.32","88.24","90.64","87.45","95.25","99.20","109.37","96.65","144.92","169.07","136.73","137.29","131.12","114.35","112.23","118.11","123.18","108.91","100.00","131.95","140.37","113.22","110.23","105.32"
"4.3.2.1. 수입물가지수(기본분류)","          천연및화학섬유사","원화기준","2020=100","2.8","원자료","67.17","72.59","69.82","76.91","97.53","83.02","82.64","88.04","84.10","89.20","88.22","75.98","77.18","78.19","101.30","104.33","142.00","158.88","130.67","127.50","116.99","109.62","110.40","113.26","114.90","107.54","100.00","128.21","153.09","125.30","127.37","127.00"
"4.3.2.1. 수입물가지수(기본분류)","          천연및화학섬유사","계약통화기준","2020=100","2.8","원자료","94.14","105.19","97.40","94.24","84.72","82.41","86.16","80.40","79.32","88.24","90.64","87.45","95.25","99.20","109.37","96.65","144.92","169.07","136.73","137.29","131.12","114.35","112.23","118.11","123.18","108.91","100.00","131.95","140.37","113.22","110.23","105.32"
"4.3.2.1. 수입물가지수(기본분류)","          천연및화학섬유사","달러기준","2020=100","2.8","원자료","94.14","105.19","97.40","94.24","84.72","82.41","86.16","80.40","79.32","88.24","90.64","87.45","95.25","99.20","109.37","96.65","144.92","169.07","136.73","137.29","131.12","114.35","112.23","118.11","123.18","108.91","100.00","131.95","140.37","113.22","110.23","105.32"
"4.3.2.1. 수입물가지수(기본분류)","        섬유직물","원화기준","2020=100","1.9","원자료","62.90","61.80","62.56","70.05","92.01","80.30","82.51","84.75","75.16","77.03","76.57","68.78","69.55","70.78","93.67","106.43","116.68","135.33","114.38","110.41","105.95","106.63","107.29","105.59","105.27","104.38","100.00","112.26","131.22","113.11","114.20","115.81"
"4.3.2.1. 수입물가지수(기본분류)","        섬유직물","계약통화기준","2020=100","1.9","원자료","90.86","92.97","90.89","88.77","81.25","79.57","85.22","76.65","70.13","75.46","77.92","78.37","85.00","88.91","99.11","97.40","117.75","142.39","118.19","118.37","118.57","111.85","108.78","110.15","112.92","105.71","100.00","115.64","120.22","102.22","98.83","95.91"
"4.3.2.1. 수입물가지수(기본분류)","        섬유직물","달러기준","2020=100","1.9","원자료","91.63","93.74","91.53","89.53","82.11","80.41","86.11","77.45","70.86","76.25","78.73","79.19","85.89","89.84","100.15","98.41","119.06","144.21","119.85","118.97","118.76","111.27","109.08","110.17","112.93","105.71","100.00","115.64","120.21","102.22","98.83","96.06"
"4.3.2.1. 수입물가지수(기본분류)","          천연및화학섬유직물","원화기준","2020=100","1.9","원자료","62.90","61.80","62.56","70.05","92.01","80.30","82.51","84.75","75.16","77.03","76.57","68.78","69.55","70.78","93.67","106.43","116.68","135.33","114.38","110.41","105.95","106.63","107.29","105.59","105.27","104.38","100.00","112.26","131.22","113.11","114.20","115.81"
"4.3.2.1. 수입물가지수(기본분류)","          천연및화학섬유직물","계약통화기준","2020=100","1.9","원자료","90.86","92.97","90.89","88.77","81.25","79.57","85.22","76.65","70.13","75.46","77.92","78.37","85.00","88.91","99.11","97.40","117.75","142.39","118.19","118.37","118.57","111.85","108.78","110.15","112.92","105.71","100.00","115.64","120.22","102.22","98.83","95.91"
"4.3.2.1. 수입물가지수(기본분류)","          천연및화학섬유직물","달러기준","2020=100","1.9","원자료","91.63","93.74","91.53","89.53","82.11","80.41","86.11","77.45","70.86","76.25","78.73","79.19","85.89","89.84","100.15","98.41","119.06","144.21","119.85","118.97","118.76","111.27","109.08","110.17","112.93","105.71","100.00","115.64","120.21","102.22","98.83","96.06"
"4.3.2.1. 수입물가지수(기본분류)","        직물제품","원화기준","2020=100","4.1","원자료","64.72","62.10","64.85","75.61","113.58","94.94","93.95","103.25","99.19","96.69","102.30","91.85","85.04","82.42","104.96","116.22","105.63","104.12","111.57","101.02","98.29","95.29","98.95","95.83","92.08","90.52","100.00","96.10","103.98","105.46","97.81","90.00"
"4.3.2.1. 수입물가지수(기본분류)","        직물제품","계약통화기준","2020=100","4.1","원자료","99.74","99.74","100.32","101.14","100.05","98.97","105.23","105.23","105.23","105.23","113.64","114.40","113.84","113.84","113.45","101.48","99.50","98.66","104.06","105.06","109.51","102.24","101.26","101.26","99.63","92.14","100.00","99.82","100.06","100.55","89.48","78.82"
"4.3.2.1. 수입물가지수(기본분류)","        직물제품","달러기준","2020=100","4.1","원자료","95.64","95.64","96.20","96.99","95.93","94.90","98.12","94.43","93.59","95.79","105.33","105.85","105.06","104.66","112.59","107.43","107.79","110.83","116.81","108.84","110.19","99.40","100.58","99.94","98.76","91.64","100.00","99.13","95.08","95.25","84.73","74.63"
"4.3.2.1. 수입물가지수(기본분류)","          부직포및펠트","원화기준","2020=100","4.1","원자료","64.72","62.10","64.85","75.61","113.58","94.94","93.95","103.25","99.19","96.69","102.30","91.85","85.04","82.42","104.96","116.22","105.63","104.12","111.57","101.02","98.29","95.29","98.95","95.83","92.08","90.52","100.00","96.10","103.98","105.46","97.81","90.00"
"4.3.2.1. 수입물가지수(기본분류)","          부직포및펠트","계약통화기준","2020=100","4.1","원자료","99.74","99.74","100.32","101.14","100.05","98.97","105.23","105.23","105.23","105.23","113.64","114.40","113.84","113.84","113.45","101.48","99.50","98.66","104.06","105.06","109.51","102.24","101.26","101.26","99.63","92.14","100.00","99.82","100.06","100.55","89.48","78.82"
"4.3.2.1. 수입물가지수(기본분류)","          부직포및펠트","달러기준","2020=100","4.1","원자료","95.64","95.64","96.20","96.99","95.93","94.90","98.12","94.43","93.59","95.79","105.33","105.85","105.06","104.66","112.59","107.43","107.79","110.83","116.81","108.84","110.19","99.40","100.58","99.94","98.76","91.64","100.00","99.13","95.08","95.25","84.73","74.63"
"4.3.2.1. 수입물가지수(기본분류)","        의복제품","원화기준","2020=100","19.5","원자료","","","","","","","77.75","88.03","83.42","78.89","78.35","68.40","65.88","66.27","85.35","103.58","93.85","90.85","97.59","98.96","96.41","102.23","104.83","98.27","94.24","97.24","100.00","96.90","106.66","107.71","113.30","125.80"
"4.3.2.1. 수입물가지수(기본분류)","        의복제품","계약통화기준","2020=100","19.5","원자료","","","","","","","79.43","78.78","77.03","76.48","78.92","77.14","79.67","82.38","89.18","93.65","93.77","94.50","100.25","104.68","105.31","105.60","106.33","101.72","99.24","98.30","100.00","99.22","99.20","98.91","99.60","105.54"
"4.3.2.1. 수입물가지수(기본분류)","        의복제품","달러기준","2020=100","19.5","원자료","","","","","","","81.12","80.44","78.66","78.09","80.59","78.77","81.35","84.10","91.06","95.62","95.74","96.72","102.23","106.68","108.09","106.71","106.62","102.55","101.12","98.49","100.00","99.96","97.48","97.35","98.05","104.37"
"4.3.2.1. 수입물가지수(기본분류)","          봉제의류","원화기준","2020=100","10.2","원자료","","","","","","","69.48","78.67","74.55","70.50","70.01","61.13","58.13","58.37","76.62","94.20","86.72","83.87","91.52","93.91","90.96","97.52","101.20","96.24","93.46","97.91","100.00","97.13","109.86","111.40","115.53","121.40"
"4.3.2.1. 수입물가지수(기본분류)","          봉제의류","계약통화기준","2020=100","10.2","원자료","","","","","","","71.73","71.14","69.57","69.06","71.27","69.66","71.04","73.31","80.82","86.09","87.56","88.11","95.07","100.27","100.77","101.19","102.65","99.89","98.80","98.93","100.00","99.71","101.43","101.51","100.83","101.54"
"4.3.2.1. 수입물가지수(기본분류)","          봉제의류","달러기준","2020=100","10.2","원자료","","","","","","","72.46","71.85","70.25","69.75","71.98","70.35","71.74","74.03","81.62","86.94","88.42","89.26","95.85","101.20","101.95","101.74","102.88","100.42","100.25","99.14","100.00","100.20","100.38","100.69","100.00","100.71"
"4.3.2.1. 수입물가지수(기본분류)","          편조의류","원화기준","2020=100","9.3","원자료","","","","","","","","","","","","96.03","97.76","99.18","117.27","133.64","111.31","107.96","110.93","108.59","107.69","111.57","112.21","102.37","95.86","95.90","100.00","96.39","102.05","102.44","109.91","130.51"
"4.3.2.1. 수입물가지수(기본분류)","          편조의류","계약통화기준","2020=100","9.3","원자료","","","","","","","","","","","","106.28","116.06","120.99","120.88","118.46","109.13","110.43","111.58","113.10","114.22","114.26","113.68","105.33","100.09","97.01","100.00","97.92","95.56","94.76","97.29","109.82"
"4.3.2.1. 수입물가지수(기본분류)","          편조의류","달러기준","2020=100","9.3","원자료","","","","","","","","","","","","110.73","120.91","126.05","125.94","123.42","113.69","115.04","116.25","117.16","120.81","116.55","114.21","106.85","102.90","97.16","100.00","99.45","93.32","92.62","95.09","108.31"
"4.3.2.1. 수입물가지수(기본분류)","      가죽제품","원화기준","2020=100","14.8","원자료","36.85","38.17","47.46","57.01","71.50","67.99","73.40","90.51","81.91","78.62","76.97","70.76","67.32","70.91","83.38","99.08","92.78","92.17","90.88","92.28","91.06","92.49","95.92","95.49","96.04","99.04","100.00","99.92","109.72","113.57","118.08","124.22"
"4.3.2.1. 수입물가지수(기본분류)","      가죽제품","계약통화기준","2020=100","14.8","원자료","56.68","60.79","72.76","76.88","68.74","66.03","75.86","81.92","76.49","77.11","78.11","80.25","82.06","88.51","86.67","88.21","89.88","90.56","88.88","91.35","92.82","94.17","96.31","97.47","99.12","99.82","100.00","101.56","104.71","107.45","108.92","111.71"
"4.3.2.1. 수입물가지수(기본분류)","      가죽제품","달러기준","2020=100","14.8","원자료","57.10","61.24","73.29","77.44","69.26","66.53","76.42","82.52","77.06","77.68","79.07","81.34","82.97","89.82","89.34","91.42","94.45","97.94","95.14","99.41","102.03","96.47","97.49","99.60","102.98","100.26","100.00","103.04","100.29","102.60","102.16","103.02"
"4.3.2.1. 수입물가지수(기본분류)","        가죽제품","원화기준","2020=100","14.8","원자료","36.85","38.17","47.46","57.01","71.50","67.99","73.40","90.51","81.91","78.62","76.97","70.76","67.32","70.91","83.38","99.08","92.78","92.17","90.88","92.28","91.06","92.49","95.92","95.49","96.04","99.04","100.00","99.92","109.72","113.57","118.08","124.22"
"4.3.2.1. 수입물가지수(기본분류)","        가죽제품","계약통화기준","2020=100","14.8","원자료","56.68","60.79","72.76","76.88","68.74","66.03","75.86","81.92","76.49","77.11","78.11","80.25","82.06","88.51","86.67","88.21","89.88","90.56","88.88","91.35","92.82","94.17","96.31","97.47","99.12","99.82","100.00","101.56","104.71","107.45","108.92","111.71"
"4.3.2.1. 수입물가지수(기본분류)","        가죽제품","달러기준","2020=100","14.8","원자료","57.10","61.24","73.29","77.44","69.26","66.53","76.42","82.52","77.06","77.68","79.07","81.34","82.97","89.82","89.34","91.42","94.45","97.94","95.14","99.41","102.03","96.47","97.49","99.60","102.98","100.26","100.00","103.04","100.29","102.60","102.16","103.02"
"4.3.2.1. 수입물가지수(기본분류)","          가죽","원화기준","2020=100","0.3","원자료","54.37","56.30","70.02","84.10","105.48","100.31","108.29","136.19","121.10","116.48","114.55","104.17","98.74","98.49","124.13","138.81","126.55","125.38","121.83","124.26","122.73","117.08","115.49","109.11","102.57","102.46","100.00","117.10","123.37","115.66","118.23","118.31"
"4.3.2.1. 수입물가지수(기본분류)","          가죽","계약통화기준","2020=100","0.3","원자료","80.49","86.32","103.31","109.16","97.62","93.76","107.72","118.64","108.86","109.98","111.78","113.54","115.02","114.50","119.48","117.31","118.85","121.56","120.17","123.36","126.22","122.65","117.88","113.39","108.06","104.28","100.00","119.08","115.81","105.80","103.58","97.69"
"4.3.2.1. 수입물가지수(기본분류)","          가죽","달러기준","2020=100","0.3","원자료","84.30","90.40","108.20","114.32","102.23","98.20","112.81","124.25","114.01","115.18","117.77","119.82","121.76","124.84","132.84","128.06","128.92","133.36","127.41","133.73","137.38","122.06","117.25","113.66","109.94","103.61","100.00","120.50","112.77","104.37","102.19","97.99"
"4.3.2.1. 수입물가지수(기본분류)","          가방및핸드백","원화기준","2020=100","7","원자료","","","","","","","","","","","","75.25","70.19","68.28","80.83","95.88","89.38","89.07","86.06","88.97","88.69","88.04","93.62","94.56","97.62","96.64","100.00","101.69","109.36","115.41","119.57","125.55"
"4.3.2.1. 수입물가지수(기본분류)","          가방및핸드백","계약통화기준","2020=100","7","원자료","","","","","","","","","","","","80.92","80.92","80.92","80.92","80.92","84.54","85.21","82.66","85.67","87.60","89.73","94.34","95.99","98.71","97.10","100.00","101.90","107.75","113.54","116.92","121.99"
"4.3.2.1. 수입물가지수(기본분류)","          가방및핸드백","달러기준","2020=100","7","원자료","","","","","","","","","","","","86.33","86.33","86.33","86.33","88.30","90.82","94.49","90.09","95.82","99.36","91.80","95.17","98.62","104.62","97.81","100.00","104.84","99.99","104.23","103.43","104.12"
"4.3.2.1. 수입물가지수(기본분류)","          신발","원화기준","2020=100","7.5","원자료","","","","","","","63.57","72.59","70.38","67.01","64.47","61.77","59.57","66.88","76.53","92.94","88.00","87.00","89.42","88.11","85.42","92.09","94.24","94.18","93.89","100.84","100.00","97.32","109.21","111.65","116.57","123.08"
"4.3.2.1. 수입물가지수(기본분류)","          신발","계약통화기준","2020=100","7.5","원자료","","","","","","","70.98","70.98","70.98","70.98","70.98","76.10","79.17","91.54","86.81","90.27","90.92","90.98","90.98","92.22","92.59","93.80","94.27","96.41","98.36","101.86","100.00","100.00","101.11","101.73","101.71","102.91"
"4.3.2.1. 수입물가지수(기본분류)","          신발","달러기준","2020=100","7.5","원자료","","","","","","","66.40","66.40","66.40","66.40","66.40","71.19","73.63","84.94","82.34","86.02","89.81","92.64","93.64","94.95","95.73","96.09","95.80","98.28","100.73","102.12","100.00","100.41","99.83","100.91","100.89","102.08"
"4.3.2.1. 수입물가지수(기본분류)","    목재및종이제품","원화기준","2020=100","11.8","원자료","61.53","74.18","61.80","67.51","90.29","78.07","83.86","75.04","75.35","75.57","80.41","73.07","75.56","79.75","101.35","100.66","113.12","111.77","106.35","105.58","100.17","103.88","99.62","105.51","114.91","104.68","100.00","121.19","149.18","128.03","133.16","136.81"
"4.3.2.1. 수입물가지수(기본분류)","    목재및종이제품","계약통화기준","2020=100","11.8","원자료","89.38","112.31","90.03","86.33","75.83","78.45","87.84","68.80","71.35","75.01","82.97","84.42","93.73","101.65","109.62","93.31","115.28","118.98","111.26","113.65","112.17","108.33","101.15","110.05","123.05","106.07","100.00","124.80","136.24","115.57","115.00","112.70"
"4.3.2.1. 수입물가지수(기본분류)","    목재및종이제품","달러기준","2020=100","11.8","원자료","89.14","112.01","89.78","86.09","75.62","78.23","87.60","68.61","71.16","74.81","82.74","84.18","93.38","101.25","109.51","93.36","115.36","119.07","111.34","113.73","112.24","108.40","101.22","110.14","123.21","106.10","100.00","124.92","136.30","115.78","115.25","113.45"
"4.3.2.1. 수입물가지수(기본분류)","      목재및목제품","원화기준","2020=100","5.1","원자료","72.50","65.96","69.72","78.18","99.59","82.94","76.16","79.95","79.77","75.28","84.74","74.57","77.22","75.71","94.73","96.51","96.41","104.62","104.48","104.67","101.60","103.45","99.51","99.98","105.05","100.18","100.00","116.71","130.56","113.96","118.42","126.25"
"4.3.2.1. 수입물가지수(기본분류)","      목재및목제품","계약통화기준","2020=100","5.1","원자료","102.92","97.46","99.13","96.56","82.26","82.64","79.22","72.81","75.02","74.26","86.86","85.60","95.43","96.10","102.11","89.35","98.34","111.37","109.37","112.73","113.83","107.99","101.11","104.31","112.63","101.45","100.00","120.29","119.85","102.80","102.17","103.48"
"4.3.2.1. 수입물가지수(기본분류)","      목재및목제품","달러기준","2020=100","5.1","원자료","103.31","97.84","99.51","96.93","82.57","82.95","79.52","73.08","75.31","74.54","87.19","85.91","95.43","96.10","102.13","89.36","98.34","111.37","109.37","112.73","113.83","107.99","101.11","104.31","112.63","101.45","100.00","120.29","119.68","103.00","102.45","104.71"
"4.3.2.1. 수입물가지수(기본분류)","        목재","원화기준","2020=100","5.1","원자료","72.50","65.96","69.72","78.18","99.59","82.94","76.16","79.95","79.77","75.28","84.74","74.57","77.22","75.71","94.73","96.51","96.41","104.62","104.48","104.67","101.60","103.45","99.51","99.98","105.05","100.18","100.00","116.71","130.56","113.96","118.42","126.25"
"4.3.2.1. 수입물가지수(기본분류)","        목재","계약통화기준","2020=100","5.1","원자료","102.92","97.46","99.13","96.56","82.26","82.64","79.22","72.81","75.02","74.26","86.86","85.60","95.43","96.10","102.11","89.35","98.34","111.37","109.37","112.73","113.83","107.99","101.11","104.31","112.63","101.45","100.00","120.29","119.85","102.80","102.17","103.48"
"4.3.2.1. 수입물가지수(기본분류)","        목재","달러기준","2020=100","5.1","원자료","103.31","97.84","99.51","96.93","82.57","82.95","79.52","73.08","75.31","74.54","87.19","85.91","95.43","96.10","102.13","89.36","98.34","111.37","109.37","112.73","113.83","107.99","101.11","104.31","112.63","101.45","100.00","120.29","119.68","103.00","102.45","104.71"
"4.3.2.1. 수입물가지수(기본분류)","          제재목","원화기준","2020=100","3.1","원자료","65.57","65.28","68.37","80.18","99.14","68.83","68.95","77.83","73.76","72.45","73.73","69.54","68.48","69.10","89.04","96.09","90.87","94.00","102.07","100.56","97.60","99.24","98.33","96.31","95.76","99.12","100.00","104.85","116.50","115.00","124.59","134.27"
"4.3.2.1. 수입물가지수(기본분류)","          제재목","계약통화기준","2020=100","3.1","원자료","90.17","93.49","94.32","96.08","82.12","69.45","72.01","71.18","69.56","71.77","75.96","80.14","84.63","87.75","95.26","88.81","92.74","100.09","106.90","108.39","109.41","103.64","99.99","100.50","102.69","100.42","100.00","108.21","106.97","103.61","107.35","109.56"
"4.3.2.1. 수입물가지수(기본분류)","          제재목","달러기준","2020=100","3.1","원자료","90.17","93.49","94.32","96.08","82.12","69.45","72.01","71.18","69.56","71.77","75.96","80.14","84.63","87.75","95.26","88.81","92.74","100.09","106.90","108.39","109.41","103.64","99.99","100.50","102.69","100.42","100.00","108.21","106.67","103.96","107.87","111.44"
"4.3.2.1. 수입물가지수(기본분류)","          합판","원화기준","2020=100","1.5","원자료","70.92","58.34","63.64","69.05","87.38","80.33","69.05","69.44","72.90","66.00","81.47","70.95","77.61","73.90","88.41","93.19","94.69","111.75","103.91","106.55","104.91","108.42","97.62","99.14","119.16","102.98","100.00","131.49","153.19","114.48","111.00","116.80"
"4.3.2.1. 수입물가지수(기본분류)","          합판","계약통화기준","2020=100","1.5","원자료","101.66","87.22","91.44","86.26","71.49","79.52","71.53","62.96","68.39","64.81","83.09","81.14","95.97","93.83","95.81","86.44","96.63","119.03","108.77","114.76","117.56","113.22","99.15","103.52","127.82","104.33","100.00","135.36","140.68","103.52","96.02","96.86"
"4.3.2.1. 수입물가지수(기본분류)","          합판","달러기준","2020=100","1.5","원자료","102.53","87.96","92.22","87.00","72.11","80.20","72.14","63.50","68.97","65.36","83.80","81.78","95.98","93.83","95.81","86.44","96.63","119.03","108.77","114.76","117.56","113.22","99.15","103.52","127.82","104.33","100.00","135.36","140.68","103.52","96.02","96.86"
"4.3.2.1. 수입물가지수(기본분류)","          강화및재생목재","원화기준","2020=100","0.5","원자료","82.57","84.41","74.40","84.63","130.63","117.68","118.90","119.13","116.77","112.47","122.67","95.03","95.42","94.93","123.98","103.18","111.63","108.90","105.47","105.64","98.29","95.10","104.34","116.45","103.97","96.36","100.00","135.43","137.03","112.31","116.96","115.77"
"4.3.2.1. 수입물가지수(기본분류)","          강화및재생목재","계약통화기준","2020=100","0.5","원자료","121.43","129.39","109.99","108.05","109.59","117.13","123.81","108.54","109.77","111.04","125.85","109.16","117.54","120.12","133.94","95.38","113.51","115.61","110.11","113.39","109.86","99.00","105.85","121.11","111.25","97.30","100.00","139.26","125.52","101.22","100.93","95.75"
"4.3.2.1. 수입물가지수(기본분류)","          강화및재생목재","달러기준","2020=100","0.5","원자료","121.43","129.39","109.99","108.05","109.59","117.13","123.81","108.54","109.77","111.04","125.85","109.16","117.54","120.12","133.94","95.38","113.51","115.61","110.11","113.39","109.86","99.00","105.85","121.11","111.25","97.30","100.00","139.26","125.52","101.22","100.93","95.75"
"4.3.2.1. 수입물가지수(기본분류)","      펄프및종이제품","원화기준","2020=100","6.7","원자료","55.33","79.61","55.93","59.69","83.32","74.27","88.88","73.63","74.18","76.76","79.36","73.33","75.79","82.80","105.96","104.05","122.80","116.38","108.06","106.80","100.22","104.79","100.28","109.62","121.75","107.83","100.00","125.05","163.47","138.75","144.40","144.24"
"4.3.2.1. 수입물가지수(기본분류)","      펄프및종이제품","계약통화기준","2020=100","6.7","원자료","81.66","122.13","82.56","78.06","70.44","74.67","93.33","67.67","70.42","76.36","82.08","84.91","94.08","105.66","114.70","96.45","125.07","123.86","112.99","114.91","112.17","109.20","101.77","114.30","130.27","109.29","100.00","128.70","148.83","125.32","124.78","119.39"
"4.3.2.1. 수입물가지수(기본분류)","      펄프및종이제품","달러기준","2020=100","6.7","원자료","81.26","121.52","82.14","77.67","70.08","74.29","92.86","67.33","70.06","75.98","81.66","84.48","93.65","105.13","114.60","96.58","125.22","124.01","113.13","115.05","112.30","109.34","101.89","114.46","130.54","109.34","100.00","128.91","149.06","125.50","124.95","119.56"
"4.3.2.1. 수입물가지수(기본분류)","        펄프","원화기준","2020=100","3.6","원자료","57.11","87.05","54.59","58.58","78.12","74.29","94.73","71.41","75.59","81.25","85.30","78.10","83.10","92.81","115.41","105.71","137.80","127.08","111.59","111.29","103.22","107.61","100.50","117.18","134.07","106.06","100.00","137.45","179.27","142.63","152.21","145.67"
"4.3.2.1. 수입물가지수(기본분류)","        펄프","계약통화기준","2020=100","3.6","원자료","84.38","134.05","80.89","77.39","65.57","74.20","98.95","65.27","71.42","80.39","87.71","89.93","102.67","117.78","125.45","98.39","140.44","135.42","116.78","119.84","115.62","112.25","102.08","122.36","143.75","107.57","100.00","141.74","163.29","129.02","131.68","120.68"
"4.3.2.1. 수입물가지수(기본분류)","        펄프","달러기준","2020=100","3.6","원자료","84.38","134.05","80.89","77.39","65.57","74.20","98.95","65.27","71.42","80.39","87.71","89.93","102.67","117.78","125.45","98.39","140.44","135.42","116.78","119.84","115.62","112.25","102.08","122.36","143.75","107.57","100.00","141.74","163.29","129.02","131.68","120.68"
"4.3.2.1. 수입물가지수(기본분류)","          펄프","원화기준","2020=100","3.6","원자료","57.11","87.05","54.59","58.58","78.12","74.29","94.73","71.41","75.59","81.25","85.30","78.10","83.10","92.81","115.41","105.71","137.80","127.08","111.59","111.29","103.22","107.61","100.50","117.18","134.07","106.06","100.00","137.45","179.27","142.63","152.21","145.67"
"4.3.2.1. 수입물가지수(기본분류)","          펄프","계약통화기준","2020=100","3.6","원자료","84.38","134.05","80.89","77.39","65.57","74.20","98.95","65.27","71.42","80.39","87.71","89.93","102.67","117.78","125.45","98.39","140.44","135.42","116.78","119.84","115.62","112.25","102.08","122.36","143.75","107.57","100.00","141.74","163.29","129.02","131.68","120.68"
"4.3.2.1. 수입물가지수(기본분류)","          펄프","달러기준","2020=100","3.6","원자료","84.38","134.05","80.89","77.39","65.57","74.20","98.95","65.27","71.42","80.39","87.71","89.93","102.67","117.78","125.45","98.39","140.44","135.42","116.78","119.84","115.62","112.25","102.08","122.36","143.75","107.57","100.00","141.74","163.29","129.02","131.68","120.68"
"4.3.2.1. 수입물가지수(기본분류)","        종이류","원화기준","2020=100","3.1","원자료","58.75","66.61","59.23","62.60","94.33","75.25","79.01","82.81","74.49","69.62","68.81","65.36","63.65","66.26","90.24","100.99","98.01","98.04","100.74","98.19","93.88","98.62","97.75","97.80","104.11","108.94","100.00","111.22","144.39","134.01","134.98","142.26"
"4.3.2.1. 수입물가지수(기본분류)","        종이류","계약통화기준","2020=100","3.1","원자료","86.94","101.47","86.82","80.42","80.55","76.57","84.07","77.16","71.56","70.24","72.20","76.71","79.99","85.75","97.06","93.37","99.79","104.19","105.28","105.59","105.01","102.70","99.14","101.82","111.08","110.32","100.00","114.19","131.40","120.80","116.46","117.64"
"4.3.2.1. 수입물가지수(기본분류)","        종이류","달러기준","2020=100","3.1","원자료","85.37","99.59","85.22","78.94","79.07","75.16","82.52","75.74","70.24","68.94","70.87","75.30","78.64","84.15","96.54","93.27","99.99","104.41","105.50","105.81","105.23","102.91","99.35","102.08","111.59","110.42","100.00","114.57","131.83","121.18","116.83","118.01"
"4.3.2.1. 수입물가지수(기본분류)","          인쇄용지","원화기준","2020=100","0.5","원자료","","102.38","90.11","87.19","91.92","79.32","83.18","84.10","76.36","70.06","71.35","68.82","65.92","66.26","94.05","100.02","98.81","97.04","99.88","97.39","92.82","95.47","94.95","97.20","108.07","109.13","100.00","114.67","162.46","162.58","173.15","174.49"
"4.3.2.1. 수입물가지수(기본분류)","          인쇄용지","계약통화기준","2020=100","0.5","원자료","","112.89","95.53","82.46","81.75","79.90","87.69","77.61","72.64","69.99","74.15","80.00","81.84","84.86","99.69","91.61","99.91","102.41","103.67","104.01","103.11","98.77","95.65","100.38","113.59","110.18","100.00","116.20","145.53","144.49","147.35","142.29"
"4.3.2.1. 수입물가지수(기본분류)","          인쇄용지","달러기준","2020=100","0.5","원자료","","111.92","94.71","81.75","81.04","79.21","86.93","76.94","72.01","69.39","73.51","79.31","81.44","84.16","100.54","92.43","100.81","103.33","104.61","104.95","104.05","99.66","96.51","101.47","115.86","110.60","100.00","118.23","148.04","146.97","149.89","144.74"
"4.3.2.1. 수입물가지수(기본분류)","          기타원지및판지","원화기준","2020=100","2.6","원자료","53.10","60.20","53.61","57.26","89.22","70.72","74.26","79.57","71.17","67.24","65.29","61.43","60.48","64.36","85.39","98.69","94.72","98.13","100.49","97.83","94.14","99.76","98.70","98.08","102.94","109.03","100.00","110.48","140.74","128.39","127.61","135.95"
"4.3.2.1. 수입물가지수(기본분류)","          기타원지및판지","계약통화기준","2020=100","2.6","원자료","81.37","94.97","81.38","76.02","76.23","72.23","79.31","74.42","68.64","68.11","68.78","72.39","76.43","83.65","92.50","91.58","96.65","104.50","105.22","105.43","105.52","104.10","100.31","102.36","110.35","110.51","100.00","113.79","128.55","116.11","110.45","112.79"
"4.3.2.1. 수입물가지수(기본분류)","          기타원지및판지","달러기준","2020=100","2.6","원자료","79.58","92.85","79.56","74.32","74.53","70.62","77.54","72.76","67.10","66.59","67.24","70.77","74.72","81.75","91.40","91.11","96.65","104.50","105.22","105.43","105.52","104.10","100.31","102.36","110.35","110.51","100.00","113.79","128.55","116.11","110.45","112.79"
"4.3.2.1. 수입물가지수(기본분류)","    석탄및석유제품","원화기준","2020=100","52.5","원자료","24.51","26.86","32.06","37.84","39.60","42.38","62.81","62.79","60.44","68.78","85.01","99.09","110.67","126.54","175.60","143.11","170.31","209.86","220.01","206.20","184.15","114.44","95.82","120.20","144.56","134.02","100.00","158.48","217.32","182.51","194.99","182.22"
"4.3.2.1. 수입물가지수(기본분류)","    석탄및석유제품","계약통화기준","2020=100","52.5","원자료","35.21","39.99","46.00","47.66","33.40","42.38","65.43","57.39","57.15","68.01","87.50","113.82","136.38","160.42","194.89","133.41","173.62","223.10","229.99","221.85","206.34","119.42","97.21","125.01","154.32","135.22","100.00","162.37","198.89","164.49","168.41","150.78"
"4.3.2.1. 수입물가지수(기본분류)","    석탄및석유제품","달러기준","2020=100","52.5","원자료","35.05","39.96","45.84","47.48","33.19","42.26","65.35","57.22","56.96","67.86","87.39","113.68","136.20","160.21","194.64","133.24","173.40","222.80","229.70","221.56","206.07","119.29","97.16","125.01","154.33","135.23","100.00","162.37","198.74","164.29","168.13","150.52"
"4.3.2.1. 수입물가지수(기본분류)","      석탄및석유제품","원화기준","2020=100","52.5","원자료","24.51","26.86","32.06","37.84","39.60","42.38","62.81","62.79","60.44","68.78","85.01","99.09","110.67","126.54","175.60","143.11","170.31","209.86","220.01","206.20","184.15","114.44","95.82","120.20","144.56","134.02","100.00","158.48","217.32","182.51","194.99","182.22"
"4.3.2.1. 수입물가지수(기본분류)","      석탄및석유제품","계약통화기준","2020=100","52.5","원자료","35.21","39.99","46.00","47.66","33.40","42.38","65.43","57.39","57.15","68.01","87.50","113.82","136.38","160.42","194.89","133.41","173.62","223.10","229.99","221.85","206.34","119.42","97.21","125.01","154.32","135.22","100.00","162.37","198.89","164.49","168.41","150.78"
"4.3.2.1. 수입물가지수(기본분류)","      석탄및석유제품","달러기준","2020=100","52.5","원자료","35.05","39.96","45.84","47.48","33.19","42.26","65.35","57.22","56.96","67.86","87.39","113.68","136.20","160.21","194.64","133.24","173.40","222.80","229.70","221.56","206.07","119.29","97.16","125.01","154.33","135.23","100.00","162.37","198.74","164.29","168.13","150.52"
"4.3.2.1. 수입물가지수(기본분류)","        석탄제품","원화기준","2020=100","0.2","원자료","","","","","","","","","","","","","","","","","","","","110.06","89.58","69.37","76.67","112.90","121.50","109.39","100.00","172.10","204.87","144.30","121.17","88.85"
"4.3.2.1. 수입물가지수(기본분류)","        석탄제품","계약통화기준","2020=100","0.2","원자료","","","","","","","","","","","","","","","","","","","","118.24","100.18","72.49","77.99","117.61","130.07","110.71","100.00","176.25","188.03","130.30","104.73","73.42"
"4.3.2.1. 수입물가지수(기본분류)","        석탄제품","달러기준","2020=100","0.2","원자료","","","","","","","","","","","","","","","","","","","","118.24","100.18","72.49","77.99","117.61","130.07","110.71","100.00","176.25","188.03","130.30","104.73","73.42"
"4.3.2.1. 수입물가지수(기본분류)","          석탄코크스및석탄관련제품","원화기준","2020=100","0.2","원자료","","","","","","","","","","","","","","","","","","","","110.06","89.58","69.37","76.67","112.90","121.50","109.39","100.00","172.10","204.87","144.30","121.17","88.85"
"4.3.2.1. 수입물가지수(기본분류)","          석탄코크스및석탄관련제품","계약통화기준","2020=100","0.2","원자료","","","","","","","","","","","","","","","","","","","","118.24","100.18","72.49","77.99","117.61","130.07","110.71","100.00","176.25","188.03","130.30","104.73","73.42"
"4.3.2.1. 수입물가지수(기본분류)","          석탄코크스및석탄관련제품","달러기준","2020=100","0.2","원자료","","","","","","","","","","","","","","","","","","","","118.24","100.18","72.49","77.99","117.61","130.07","110.71","100.00","176.25","188.03","130.30","104.73","73.42"
"4.3.2.1. 수입물가지수(기본분류)","        원유정제처리제품","원화기준","2020=100","52.3","원자료","24.59","26.95","32.16","37.97","39.73","42.52","63.02","63.00","60.64","69.01","85.29","99.42","111.03","126.95","176.17","143.58","170.87","210.55","220.74","206.84","184.86","114.71","95.92","120.20","144.65","134.13","100.00","158.39","217.43","182.80","195.52","182.85"
"4.3.2.1. 수입물가지수(기본분류)","        원유정제처리제품","계약통화기준","2020=100","52.3","원자료","35.33","40.13","46.16","47.82","33.51","42.52","65.65","57.59","57.34","68.24","87.80","114.21","136.84","160.96","195.55","133.87","174.21","223.85","230.78","222.57","207.16","119.72","97.32","125.03","154.43","135.34","100.00","162.29","199.00","164.75","168.86","151.31"
"4.3.2.1. 수입물가지수(기본분류)","        원유정제처리제품","달러기준","2020=100","52.3","원자료","35.17","40.09","46.00","47.64","33.30","42.40","65.56","57.42","57.15","68.09","87.68","114.06","136.66","160.75","195.29","133.68","173.98","223.55","230.47","222.27","206.89","119.58","97.27","125.02","154.44","135.35","100.00","162.29","198.84","164.55","168.58","151.05"
"4.3.2.1. 수입물가지수(기본분류)","          나프타","원화기준","2020=100","29.4","원자료","25.56","26.45","31.05","39.94","43.32","44.18","64.63","64.11","62.24","71.55","93.66","107.95","123.37","144.58","194.60","156.02","186.59","232.46","237.59","225.59","202.26","124.34","103.69","126.38","152.69","137.89","100.00","167.55","222.33","184.40","201.23","186.51"
"4.3.2.1. 수입물가지수(기본분류)","          나프타","계약통화기준","2020=100","29.4","원자료","37.68","40.61","45.75","51.15","36.08","44.00","67.23","58.39","58.59","70.57","96.23","123.77","151.81","182.97","217.27","145.47","189.91","246.63","247.87","242.21","226.36","129.45","105.02","131.35","162.97","139.01","100.00","171.54","203.57","165.87","173.40","153.94"
"4.3.2.1. 수입물가지수(기본분류)","          나프타","달러기준","2020=100","29.4","원자료","37.68","40.61","45.75","51.15","36.08","44.00","67.23","58.39","58.59","70.57","96.23","123.77","151.81","182.97","217.27","145.47","189.91","246.63","247.87","242.21","226.36","129.45","105.02","131.35","162.97","139.01","100.00","171.54","203.57","165.87","173.40","153.94"
"4.3.2.1. 수입물가지수(기본분류)","          제트유","원화기준","2020=100","4.1","원자료","","","","","","","","","","","","","","","","","183.33","245.07","251.72","237.16","208.25","133.61","113.57","136.79","171.79","169.05","100.00","170.82","349.94","282.60","256.66","241.87"
"4.3.2.1. 수입물가지수(기본분류)","          제트유","계약통화기준","2020=100","4.1","원자료","","","","","","","","","","","","","","","","","190.83","266.00","268.49","260.35","238.12","141.99","116.47","142.53","183.33","170.41","100.00","174.83","317.62","254.48","221.34","199.68"
"4.3.2.1. 수입물가지수(기본분류)","          제트유","달러기준","2020=100","4.1","원자료","","","","","","","","","","","","","","","","","186.56","260.05","262.48","254.52","232.79","139.18","115.16","142.17","183.32","170.40","100.00","174.84","317.63","254.48","221.34","199.68"
"4.3.2.1. 수입물가지수(기본분류)","          경유","원화기준","2020=100","0.8","원자료","27.66","27.83","36.19","37.14","37.40","36.82","60.33","58.71","56.42","63.48","85.95","112.12","128.16","135.08","215.95","149.44","174.45","233.31","239.56","225.88","198.18","125.10","105.14","129.01","160.29","154.88","100.00","151.73","300.58","247.51","234.90","223.56"
"4.3.2.1. 수입물가지수(기본분류)","          경유","계약통화기준","2020=100","0.8","원자료","40.80","42.73","53.39","47.68","31.10","36.70","62.80","53.49","53.21","62.66","88.43","128.75","157.80","171.09","238.15","139.25","177.58","247.75","250.21","242.80","221.92","130.56","106.85","134.29","171.34","156.37","100.00","155.62","273.03","222.97","202.81","184.84"
"4.3.2.1. 수입물가지수(기본분류)","          경유","달러기준","2020=100","0.8","원자료","40.80","42.73","53.39","47.68","31.10","36.70","62.80","53.49","53.21","62.66","88.43","128.75","157.80","171.09","238.15","139.25","177.58","247.75","250.21","242.80","221.92","130.56","106.85","134.29","171.34","156.37","100.00","155.62","273.03","222.97","202.81","184.84"
"4.3.2.1. 수입물가지수(기본분류)","          중유","원화기준","2020=100","8","원자료","16.18","17.04","19.66","24.45","24.88","30.30","46.76","45.15","48.97","53.75","54.86","69.80","79.46","85.48","120.33","110.59","130.82","177.51","188.27","167.74","152.62","93.32","74.60","102.41","132.51","129.69","100.00","144.15","188.78","177.39","190.94","179.22"
"4.3.2.1. 수입물가지수(기본분류)","          중유","계약통화기준","2020=100","8","원자료","22.16","24.30","27.03","31.00","20.87","30.19","48.67","41.10","46.16","53.02","56.24","80.08","97.73","108.19","131.89","103.29","133.00","188.26","196.28","180.04","170.60","97.41","75.78","106.48","141.31","130.89","100.00","147.89","172.44","159.52","164.59","148.12"
"4.3.2.1. 수입물가지수(기본분류)","          중유","달러기준","2020=100","8","원자료","22.16","24.30","27.03","31.00","20.87","30.19","48.67","41.10","46.16","53.02","56.24","80.08","97.73","108.19","131.89","103.29","133.00","188.26","196.28","180.04","170.60","97.41","75.78","106.48","141.31","130.89","100.00","147.89","172.44","159.52","164.59","148.12"
"4.3.2.1. 수입물가지수(기본분류)","          액화석유가스","원화기준","2020=100","8.4","원자료","22.16","31.11","36.33","46.69","44.35","52.29","76.52","77.73","69.61","79.58","90.82","102.02","108.70","119.85","180.99","136.86","174.75","197.24","218.17","201.64","178.63","102.15","84.00","116.52","126.12","107.89","100.00","158.31","201.49","159.63","176.79","169.72"
"4.3.2.1. 수입물가지수(기본분류)","          액화석유가스","계약통화기준","2020=100","8.4","원자료","32.73","47.76","53.61","59.81","37.17","52.13","79.59","70.95","65.73","78.51","93.61","117.13","133.75","151.88","198.51","127.33","178.11","209.68","228.26","217.14","199.93","106.52","85.07","121.31","134.71","109.09","100.00","162.14","184.73","143.89","152.53","140.34"
"4.3.2.1. 수입물가지수(기본분류)","          액화석유가스","달러기준","2020=100","8.4","원자료","32.73","47.76","53.63","59.81","37.17","52.13","79.59","70.95","65.73","78.51","93.61","117.13","133.75","151.88","198.51","127.33","178.11","209.68","228.26","217.14","199.93","106.52","85.07","121.31","134.71","109.09","100.00","162.14","184.73","143.89","152.53","140.34"
"4.3.2.1. 수입물가지수(기본분류)","          정제혼합용원료유","원화기준","2020=100","1.6","원자료","","","","","","","","","","","","","","","","","92.08","93.11","106.18","100.51","95.45","97.67","93.68","91.24","94.43","102.96","100.00","97.44","124.86","130.92","133.82","133.84"
"4.3.2.1. 수입물가지수(기본분류)","          정제혼합용원료유","계약통화기준","2020=100","1.6","원자료","","","","","","","","","","","","","","","","","94.09","99.25","111.32","108.43","107.09","102.11","95.34","95.30","101.37","104.39","100.00","100.52","118.92","124.86","125.16","120.93"
"4.3.2.1. 수입물가지수(기본분류)","          정제혼합용원료유","달러기준","2020=100","1.6","원자료","","","","","","","","","","","","","","","","","94.09","99.25","111.32","108.43","107.09","102.11","95.34","95.30","101.37","104.39","100.00","100.52","114.07","118.49","115.96","111.13"
"4.3.2.1. 수입물가지수(기본분류)","    화학제품","원화기준","2020=100","112.3","원자료","44.61","51.53","48.91","54.72","75.17","63.99","68.25","73.35","69.04","72.13","79.81","79.54","77.18","81.16","104.84","109.80","112.61","126.90","125.25","116.96","109.24","100.20","99.39","101.98","104.05","104.07","100.00","111.28","133.13","123.00","123.71","127.26"
"4.3.2.1. 수입물가지수(기본분류)","    화학제품","계약통화기준","2020=100","112.3","원자료","67.60","80.96","74.58","72.95","66.53","64.93","72.28","68.97","67.15","72.61","82.87","92.32","96.46","104.01","113.23","101.26","113.17","130.70","127.16","123.52","120.41","105.67","101.25","106.35","110.84","105.52","100.00","114.10","124.73","114.51","111.87","110.16"
"4.3.2.1. 수입물가지수(기본분류)","    화학제품","달러기준","2020=100","112.3","원자료","67.19","80.51","73.63","71.41","64.81","63.96","71.31","67.12","65.24","71.50","82.41","91.75","95.47","103.18","113.36","101.97","115.08","135.34","131.28","126.05","122.50","104.60","101.05","106.40","111.61","105.37","100.00","114.64","121.76","111.19","107.07","105.54"
"4.3.2.1. 수입물가지수(기본분류)","      기초화학물질","원화기준","2020=100","48.9","원자료","37.18","45.89","40.04","45.75","58.41","48.23","57.49","58.89","55.44","63.03","78.13","80.37","82.10","90.49","118.29","115.41","126.82","156.07","142.39","133.63","126.12","102.58","98.14","107.61","113.49","109.45","100.00","120.53","149.05","133.24","133.26","135.90"
"4.3.2.1. 수입물가지수(기본분류)","      기초화학물질","계약통화기준","2020=100","48.9","원자료","55.94","71.83","60.46","59.68","49.57","48.72","60.66","54.41","52.98","63.07","81.53","93.58","102.55","116.14","129.92","107.92","130.20","167.03","149.75","144.69","142.14","107.62","100.06","112.47","121.59","110.88","100.00","123.92","136.82","120.71","115.58","112.30"
"4.3.2.1. 수입물가지수(기본분류)","      기초화학물질","달러기준","2020=100","48.9","원자료","55.30","71.02","59.76","59.03","49.01","48.17","59.97","53.79","52.38","62.35","80.60","92.51","101.38","114.82","128.58","107.22","129.39","166.24","149.04","143.99","141.44","107.09","99.72","112.22","121.67","110.79","100.00","124.09","136.34","120.42","115.31","112.68"
"4.3.2.1. 수입물가지수(기본분류)","        기초유기화학물질","원화기준","2020=100","23.3","원자료","40.12","51.19","43.50","50.13","61.35","51.22","64.70","63.88","60.87","73.65","95.57","96.41","96.31","102.92","130.13","115.99","141.16","179.76","159.10","149.82","141.20","103.35","96.08","111.32","120.68","112.27","100.00","132.61","158.99","133.40","142.01","138.93"
"4.3.2.1. 수입물가지수(기본분류)","        기초유기화학물질","계약통화기준","2020=100","23.3","원자료","59.71","79.15","64.92","64.69","51.35","51.08","67.40","58.27","57.49","72.74","98.48","110.82","118.75","130.38","142.14","107.93","143.83","191.40","166.45","161.38","158.33","107.90","97.62","116.02","129.34","113.58","100.00","136.39","145.60","120.46","122.81","115.13"
"4.3.2.1. 수입물가지수(기본분류)","        기초유기화학물질","달러기준","2020=100","23.3","원자료","59.73","79.19","64.94","64.71","51.37","51.09","67.42","58.29","57.51","72.77","98.51","110.86","118.80","130.43","142.18","107.97","143.88","191.40","166.45","161.38","158.33","107.90","97.62","116.02","129.34","113.58","100.00","136.39","145.60","120.46","122.81","115.13"
"4.3.2.1. 수입물가지수(기본분류)","          지방족기초유분","원화기준","2020=100","1.5","원자료","37.55","48.67","44.75","58.72","57.48","54.45","71.74","71.87","84.40","100.49","141.45","146.30","159.49","154.15","193.77","175.93","211.75","238.19","240.53","193.89","177.50","114.09","127.75","156.27","156.67","131.42","100.00","131.98","149.91","137.96","192.89","168.42"
"4.3.2.1. 수입물가지수(기본분류)","          지방족기초유분","계약통화기준","2020=100","1.5","원자료","54.62","73.75","65.13","74.57","46.95","53.51","73.69","64.62","78.56","97.87","143.61","165.80","193.94","192.51","213.23","161.61","212.80","249.86","249.13","207.02","197.34","118.00","128.79","160.80","166.38","131.66","100.00","134.85","136.29","123.34","165.22","138.21"
"4.3.2.1. 수입물가지수(기본분류)","          지방족기초유분","달러기준","2020=100","1.5","원자료","54.62","73.75","65.13","74.57","46.95","53.51","73.69","64.62","78.56","97.87","143.61","165.80","193.94","192.51","213.23","161.61","212.80","249.86","249.13","207.02","197.34","118.00","128.79","160.80","166.38","131.66","100.00","134.85","136.29","123.34","165.22","138.21"
"4.3.2.1. 수입물가지수(기본분류)","          방향족기초유분","원화기준","2020=100","1.4","원자료","33.95","33.76","28.25","35.46","40.13","37.82","49.47","52.79","51.02","71.75","98.70","102.31","116.05","118.82","152.53","162.12","177.54","234.33","246.69","236.96","196.01","142.53","133.80","137.54","162.99","148.83","100.00","154.38","229.92","211.36","206.79","180.09"
"4.3.2.1. 수입물가지수(기본분류)","          방향족기초유분","계약통화기준","2020=100","1.4","원자료","50.07","51.79","41.74","45.45","33.41","37.65","51.46","48.09","48.12","70.79","101.51","117.42","142.94","150.35","165.81","150.55","180.80","249.11","258.08","254.98","219.87","148.50","135.83","143.27","174.32","150.54","100.00","158.72","209.68","190.60","178.77","149.10"
"4.3.2.1. 수입물가지수(기본분류)","          방향족기초유분","달러기준","2020=100","1.4","원자료","50.15","51.88","41.77","45.53","33.47","37.72","51.56","48.18","48.21","70.92","101.69","117.62","143.19","150.61","166.10","150.81","181.12","249.11","258.08","254.98","219.87","148.50","135.83","143.27","174.32","150.54","100.00","158.72","209.68","190.60","178.77","149.10"
"4.3.2.1. 수입물가지수(기본분류)","          석유화학중간제품","원화기준","2020=100","8.5","원자료","49.79","64.87","53.65","63.34","76.15","64.23","82.43","83.09","77.14","93.10","116.37","112.46","107.41","117.15","140.53","108.11","135.49","156.29","141.13","138.30","130.18","103.47","93.87","114.36","133.95","112.23","100.00","158.47","179.11","139.68","141.96","138.92"
"4.3.2.1. 수입물가지수(기본분류)","          석유화학중간제품","계약통화기준","2020=100","8.5","원자료","74.80","101.22","80.86","82.44","64.11","64.03","85.79","75.74","72.82","91.85","119.79","129.18","132.34","148.28","153.89","100.36","137.93","166.10","147.38","148.68","145.67","107.84","95.18","118.99","143.28","113.44","100.00","162.57","164.17","125.92","122.50","114.90"
"4.3.2.1. 수입물가지수(기본분류)","          석유화학중간제품","달러기준","2020=100","8.5","원자료","74.80","101.22","80.86","82.44","64.11","64.03","85.79","75.74","72.82","91.85","119.79","129.18","132.34","148.28","153.89","100.36","137.93","166.10","147.38","148.68","145.67","107.84","95.18","118.99","143.28","113.44","100.00","162.57","164.17","125.92","122.50","114.90"
"4.3.2.1. 수입물가지수(기본분류)","          기타기초유기화합물","원화기준","2020=100","11.9","원자료","43.96","61.45","54.07","57.38","75.71","57.75","69.68","63.00","59.80","63.70","81.47","85.14","76.01","85.18","107.29","91.55","122.97","180.34","120.57","111.16","122.33","91.68","84.44","96.33","99.42","103.79","100.00","111.23","135.40","116.23","123.70","126.08"
"4.3.2.1. 수입물가지수(기본분류)","          기타기초유기화합물","계약통화기준","2020=100","11.9","원자료","65.30","94.81","80.56","73.81","63.37","57.82","72.93","57.74","56.73","63.19","84.42","98.31","94.12","108.38","117.02","85.61","125.76","193.27","126.45","120.04","137.39","95.99","86.02","100.77","106.90","105.23","100.00","114.73","124.08","105.23","107.27","104.74"
"4.3.2.1. 수입물가지수(기본분류)","          기타기초유기화합물","달러기준","2020=100","11.9","원자료","65.27","94.81","80.57","73.81","63.37","57.82","72.93","57.74","56.73","63.19","84.42","98.31","94.12","108.38","117.02","85.61","125.76","193.27","126.45","120.04","137.39","95.99","86.02","100.77","106.90","105.23","100.00","114.73","124.08","105.23","107.27","104.74"
"4.3.2.1. 수입물가지수(기본분류)","        기초무기화학물질","원화기준","2020=100","25.6","원자료","35.10","36.98","36.73","40.31","61.75","48.79","44.10","49.56","45.33","43.39","45.95","50.72","55.43","66.50","94.21","110.14","98.29","101.10","106.41","97.76","92.38","99.75","99.51","99.28","99.36","104.93","100.00","103.62","135.85","133.75","120.46","129.04"
"4.3.2.1. 수입물가지수(기본분류)","        기초무기화학물질","계약통화기준","2020=100","25.6","원자료","54.17","59.58","56.96","53.81","54.25","50.91","48.11","47.35","44.66","44.91","49.51","61.05","71.60","88.23","105.18","104.99","102.96","108.85","112.90","106.90","105.05","105.63","102.18","104.33","106.24","106.47","100.00","106.40","125.15","121.67","104.82","106.60"
"4.3.2.1. 수입물가지수(기본분류)","        기초무기화학물질","달러기준","2020=100","25.6","원자료","51.99","57.18","54.67","51.78","52.12","48.86","46.17","45.44","42.86","43.10","47.52","58.60","68.72","84.68","101.31","102.16","100.61","107.68","111.46","105.40","103.57","104.15","101.16","103.65","106.59","106.29","100.00","106.85","124.03","121.06","104.34","107.12"
"4.3.2.1. 수입물가지수(기본분류)","          기초무기화합물","원화기준","2020=100","22.9","원자료","34.18","39.42","41.09","47.60","72.45","55.75","48.54","54.47","49.11","46.26","52.19","64.52","78.54","86.01","104.40","123.27","99.24","98.59","104.62","98.83","92.31","100.42","99.65","99.25","100.01","105.78","100.00","103.25","140.32","136.25","119.52","127.49"
"4.3.2.1. 수입물가지수(기본분류)","          기초무기화합물","계약통화기준","2020=100","22.9","원자료","50.70","61.05","61.19","61.25","61.19","55.93","50.90","50.02","46.49","46.03","54.11","74.63","97.49","109.70","112.45","115.40","103.43","107.25","111.93","108.78","105.66","107.05","102.83","104.64","106.80","107.41","100.00","105.84","129.50","124.14","104.12","105.32"
"4.3.2.1. 수입물가지수(기본분류)","          기초무기화합물","달러기준","2020=100","22.9","원자료","50.98","61.39","61.53","61.58","61.52","56.23","51.18","50.29","46.75","46.28","54.41","75.04","98.03","110.31","113.25","115.26","102.34","105.11","109.70","106.61","103.56","104.91","101.36","103.69","107.34","107.19","100.00","106.47","128.05","123.39","103.56","105.86"
"4.3.2.1. 수입물가지수(기본분류)","          염료,안료및유연제","원화기준","2020=100","2.7","원자료","39.14","40.49","38.97","41.15","63.34","51.00","47.30","53.26","49.63","48.48","47.17","43.11","42.36","55.67","89.20","103.57","98.79","102.93","107.65","97.04","92.45","97.46","98.49","98.73","97.27","102.32","100.00","104.93","121.47","125.97","124.26","136.24"
"4.3.2.1. 수입물가지수(기본분류)","          염료,안료및유연제","계약통화기준","2020=100","2.7","원자료","61.07","65.90","61.11","55.40","56.24","53.77","52.14","51.42","49.42","50.70","51.28","52.45","55.31","74.65","100.38","98.23","102.40","108.86","112.39","104.56","103.60","101.71","100.11","102.99","104.29","103.60","100.00","108.19","111.08","113.82","107.51","113.01"
"4.3.2.1. 수입물가지수(기본분류)","          염료,안료및유연제","달러기준","2020=100","2.7","원자료","57.82","62.40","57.85","52.68","53.33","50.91","49.36","48.68","46.80","48.01","48.55","49.66","52.37","70.68","95.51","95.70","100.79","109.54","112.65","104.56","103.60","101.71","100.11","102.99","104.29","103.60","100.00","108.19","111.08","113.82","107.51","113.01"
"4.3.2.1. 수입물가지수(기본분류)","      합성수지및합성고무","원화기준","2020=100","9.3","원자료","47.33","49.79","52.15","58.41","88.51","72.24","75.83","84.01","75.51","73.38","76.99","83.17","79.54","80.54","106.35","115.67","117.85","127.69","125.00","113.55","104.39","103.92","103.98","106.58","105.48","103.22","100.00","105.64","125.59","122.05","123.04","123.86"
"4.3.2.1. 수입물가지수(기본분류)","      합성수지및합성고무","계약통화기준","2020=100","9.3","원자료","73.23","79.96","80.82","78.31","77.80","73.89","80.27","78.89","73.59","74.78","81.34","98.43","101.51","105.17","114.48","106.76","118.83","133.13","128.15","121.87","117.31","109.99","105.42","111.43","113.13","104.62","100.00","108.81","116.47","112.26","108.71","105.24"
"4.3.2.1. 수입물가지수(기본분류)","      합성수지및합성고무","달러기준","2020=100","9.3","원자료","69.93","76.39","77.21","74.80","74.34","72.13","79.14","76.79","71.19","72.65","79.40","95.82","98.26","102.25","113.68","107.02","120.23","136.02","130.90","122.36","117.02","108.48","105.75","111.22","113.19","104.54","100.00","108.87","114.72","110.33","106.48","102.74"
"4.3.2.1. 수입물가지수(기본분류)","        합성수지및합성고무","원화기준","2020=100","9.3","원자료","47.33","49.79","52.15","58.41","88.51","72.24","75.83","84.01","75.51","73.38","76.99","83.17","79.54","80.54","106.35","115.67","117.85","127.69","125.00","113.55","104.39","103.92","103.98","106.58","105.48","103.22","100.00","105.64","125.59","122.05","123.04","123.86"
"4.3.2.1. 수입물가지수(기본분류)","        합성수지및합성고무","계약통화기준","2020=100","9.3","원자료","73.23","79.96","80.82","78.31","77.80","73.89","80.27","78.89","73.59","74.78","81.34","98.43","101.51","105.17","114.48","106.76","118.83","133.13","128.15","121.87","117.31","109.99","105.42","111.43","113.13","104.62","100.00","108.81","116.47","112.26","108.71","105.24"
"4.3.2.1. 수입물가지수(기본분류)","        합성수지및합성고무","달러기준","2020=100","9.3","원자료","69.93","76.39","77.21","74.80","74.34","72.13","79.14","76.79","71.19","72.65","79.40","95.82","98.26","102.25","113.68","107.02","120.23","136.02","130.90","122.36","117.02","108.48","105.75","111.22","113.19","104.54","100.00","108.87","114.72","110.33","106.48","102.74"
"4.3.2.1. 수입물가지수(기본분류)","          합성수지","원화기준","2020=100","8.5","원자료","50.82","51.31","53.09","59.06","89.74","74.19","76.24","83.07","74.44","72.10","75.90","82.75","78.15","78.77","101.45","111.84","113.09","120.29","117.13","108.58","101.21","103.04","104.10","106.22","105.15","102.30","100.00","106.07","124.83","122.45","123.46","124.62"
"4.3.2.1. 수입물가지수(기본분류)","          합성수지","계약통화기준","2020=100","8.5","원자료","79.49","83.08","83.03","79.93","79.64","76.29","80.91","78.38","72.98","73.86","80.55","98.38","100.28","103.34","109.33","103.21","113.76","124.91","119.62","116.43","113.73","109.20","105.49","111.07","112.78","103.70","100.00","109.24","115.93","112.78","109.25","106.09"
"4.3.2.1. 수입물가지수(기본분류)","          합성수지","달러기준","2020=100","8.5","원자료","75.11","78.61","78.57","75.61","75.37","74.07","79.57","75.94","70.19","71.39","78.28","95.33","96.54","99.99","108.46","103.50","115.38","128.13","122.67","117.02","113.46","107.56","105.86","110.86","112.84","103.61","100.00","109.32","114.06","110.72","106.87","103.39"
"4.3.2.1. 수입물가지수(기본분류)","          합성고무","원화기준","2020=100","0.8","원자료","43.02","48.42","53.87","62.32","93.17","71.40","82.97","101.78","93.14","92.16","94.94","97.21","101.58","106.09","162.45","163.59","174.15","207.55","209.24","169.96","142.99","116.69","105.40","112.65","108.83","111.69","100.00","101.76","135.67","118.97","120.03","117.22"
"4.3.2.1. 수입물가지수(기본분류)","          합성고무","계약통화기준","2020=100","0.8","원자료","63.70","74.75","79.91","79.91","78.28","71.34","86.65","93.12","87.78","91.34","97.90","112.09","125.62","134.82","173.64","151.28","177.84","221.34","219.12","183.18","160.41","122.01","107.28","117.55","116.75","113.24","100.00","105.03","123.85","107.66","104.02","97.34"
"4.3.2.1. 수입물가지수(기본분류)","          합성고무","달러기준","2020=100","0.8","원자료","63.70","74.75","79.91","79.91","78.28","71.34","86.65","93.12","87.78","91.34","97.90","112.09","125.62","134.82","173.64","151.28","177.84","221.34","219.12","183.18","160.41","122.01","107.28","117.55","116.75","113.24","100.00","105.03","123.85","107.66","104.02","97.34"
"4.3.2.1. 수입물가지수(기본분류)","      화학섬유","원화기준","2020=100","0.4","원자료","42.36","47.56","47.97","47.64","70.27","57.39","61.32","68.37","64.24","63.69","67.77","67.40","65.43","67.97","90.44","103.41","108.47","128.31","117.62","105.23","95.74","98.28","101.85","100.83","100.19","105.99","100.00","101.51","126.27","125.19","128.91","135.01"
"4.3.2.1. 수입물가지수(기본분류)","      화학섬유","계약통화기준","2020=100","0.4","원자료","67.25","78.72","76.42","65.89","63.55","59.81","66.74","65.17","63.19","65.85","71.89","80.01","83.96","89.74","98.92","96.36","110.83","136.71","123.17","113.45","107.40","102.64","103.63","105.27","107.51","107.40","100.00","104.70","115.33","113.23","111.64","112.09"
"4.3.2.1. 수입물가지수(기본분류)","      화학섬유","달러기준","2020=100","0.4","원자료","64.02","74.95","72.76","62.72","60.50","56.95","63.55","62.05","60.16","63.04","69.87","77.71","80.91","86.38","96.95","95.89","110.83","136.71","123.17","113.45","107.40","102.64","103.63","105.27","107.51","107.40","100.00","104.70","115.33","113.23","111.64","112.09"
"4.3.2.1. 수입물가지수(기본분류)","        화학섬유","원화기준","2020=100","0.4","원자료","42.36","47.56","47.97","47.64","70.27","57.39","61.32","68.37","64.24","63.69","67.77","67.40","65.43","67.97","90.44","103.41","108.47","128.31","117.62","105.23","95.74","98.28","101.85","100.83","100.19","105.99","100.00","101.51","126.27","125.19","128.91","135.01"
"4.3.2.1. 수입물가지수(기본분류)","        화학섬유","계약통화기준","2020=100","0.4","원자료","67.25","78.72","76.42","65.89","63.55","59.81","66.74","65.17","63.19","65.85","71.89","80.01","83.96","89.74","98.92","96.36","110.83","136.71","123.17","113.45","107.40","102.64","103.63","105.27","107.51","107.40","100.00","104.70","115.33","113.23","111.64","112.09"
"4.3.2.1. 수입물가지수(기본분류)","        화학섬유","달러기준","2020=100","0.4","원자료","64.02","74.95","72.76","62.72","60.50","56.95","63.55","62.05","60.16","63.04","69.87","77.71","80.91","86.38","96.95","95.89","110.83","136.71","123.17","113.45","107.40","102.64","103.63","105.27","107.51","107.40","100.00","104.70","115.33","113.23","111.64","112.09"
"4.3.2.1. 수입물가지수(기본분류)","          화학섬유","원화기준","2020=100","0.4","원자료","42.36","47.56","47.97","47.64","70.27","57.39","61.32","68.37","64.24","63.69","67.77","67.40","65.43","67.97","90.44","103.41","108.47","128.31","117.62","105.23","95.74","98.28","101.85","100.83","100.19","105.99","100.00","101.51","126.27","125.19","128.91","135.01"
"4.3.2.1. 수입물가지수(기본분류)","          화학섬유","계약통화기준","2020=100","0.4","원자료","67.25","78.72","76.42","65.89","63.55","59.81","66.74","65.17","63.19","65.85","71.89","80.01","83.96","89.74","98.92","96.36","110.83","136.71","123.17","113.45","107.40","102.64","103.63","105.27","107.51","107.40","100.00","104.70","115.33","113.23","111.64","112.09"
"4.3.2.1. 수입물가지수(기본분류)","          화학섬유","달러기준","2020=100","0.4","원자료","64.02","74.95","72.76","62.72","60.50","56.95","63.55","62.05","60.16","63.04","69.87","77.71","80.91","86.38","96.95","95.89","110.83","136.71","123.17","113.45","107.40","102.64","103.63","105.27","107.51","107.40","100.00","104.70","115.33","113.23","111.64","112.09"
"4.3.2.1. 수입물가지수(기본분류)","      의약품","원화기준","2020=100","17.9","원자료","95.07","90.44","85.42","88.39","125.58","105.26","99.90","108.38","105.92","100.15","92.09","84.27","79.98","84.37","96.54","103.89","97.59","99.52","102.52","94.40","90.18","88.00","90.26","88.21","93.11","98.51","100.00","102.47","109.00","106.07","109.11","108.44"
"4.3.2.1. 수입물가지수(기본분류)","      의약품","계약통화기준","2020=100","17.9","원자료","148.87","146.29","137.76","126.66","118.91","109.71","105.96","108.62","111.35","105.42","96.54","98.02","99.37","106.78","103.84","96.52","95.80","97.27","100.44","97.47","96.50","94.39","93.05","91.64","96.54","99.69","100.00","104.18","108.50","105.80","108.13","104.39"
"4.3.2.1. 수입물가지수(기본분류)","      의약품","달러기준","2020=100","17.9","원자료","140.50","139.46","126.76","113.46","105.40","105.15","104.32","99.10","100.01","99.17","94.85","97.11","98.81","107.15","104.18","96.15","99.61","105.99","107.35","101.73","101.10","91.82","91.78","92.03","99.85","99.71","100.00","105.66","99.77","95.84","94.43","89.96"
"4.3.2.1. 수입물가지수(기본분류)","        의약품","원화기준","2020=100","17.9","원자료","95.07","90.44","85.42","88.39","125.58","105.26","99.90","108.38","105.92","100.15","92.09","84.27","79.98","84.37","96.54","103.89","97.59","99.52","102.52","94.40","90.18","88.00","90.26","88.21","93.11","98.51","100.00","102.47","109.00","106.07","109.11","108.44"
"4.3.2.1. 수입물가지수(기본분류)","        의약품","계약통화기준","2020=100","17.9","원자료","148.87","146.29","137.76","126.66","118.91","109.71","105.96","108.62","111.35","105.42","96.54","98.02","99.37","106.78","103.84","96.52","95.80","97.27","100.44","97.47","96.50","94.39","93.05","91.64","96.54","99.69","100.00","104.18","108.50","105.80","108.13","104.39"
"4.3.2.1. 수입물가지수(기본분류)","        의약품","달러기준","2020=100","17.9","원자료","140.50","139.46","126.76","113.46","105.40","105.15","104.32","99.10","100.01","99.17","94.85","97.11","98.81","107.15","104.18","96.15","99.61","105.99","107.35","101.73","101.10","91.82","91.78","92.03","99.85","99.71","100.00","105.66","99.77","95.84","94.43","89.96"
"4.3.2.1. 수입물가지수(기본분류)","          의약품","원화기준","2020=100","17.9","원자료","95.07","90.44","85.42","88.39","125.58","105.26","99.90","108.38","105.92","100.15","92.09","84.27","79.98","84.37","96.54","103.89","97.59","99.52","102.52","94.40","90.18","88.00","90.26","88.21","93.11","98.51","100.00","102.47","109.00","106.07","109.11","108.44"
"4.3.2.1. 수입물가지수(기본분류)","          의약품","계약통화기준","2020=100","17.9","원자료","148.87","146.29","137.76","126.66","118.91","109.71","105.96","108.62","111.35","105.42","96.54","98.02","99.37","106.78","103.84","96.52","95.80","97.27","100.44","97.47","96.50","94.39","93.05","91.64","96.54","99.69","100.00","104.18","108.50","105.80","108.13","104.39"
"4.3.2.1. 수입물가지수(기본분류)","          의약품","달러기준","2020=100","17.9","원자료","140.50","139.46","126.76","113.46","105.40","105.15","104.32","99.10","100.01","99.17","94.85","97.11","98.81","107.15","104.18","96.15","99.61","105.99","107.35","101.73","101.10","91.82","91.78","92.03","99.85","99.71","100.00","105.66","99.77","95.84","94.43","89.96"
"4.3.2.1. 수입물가지수(기본분류)","      비료및농약","원화기준","2020=100","2.8","원자료","23.94","25.68","26.39","31.37","45.43","39.04","40.95","48.65","43.02","48.52","57.54","60.88","60.13","69.08","149.19","132.86","106.72","156.82","161.50","135.92","120.44","119.72","94.80","90.39","101.64","101.55","100.00","165.64","291.97","172.06","151.18","157.43"
"4.3.2.1. 수입물가지수(기본분류)","      비료및농약","계약통화기준","2020=100","2.8","원자료","36.88","41.22","40.72","41.96","39.82","40.57","44.47","46.32","42.25","50.04","61.81","73.01","77.34","91.34","165.04","126.10","110.59","166.84","169.00","146.25","134.72","124.83","96.10","94.27","108.78","102.82","100.00","169.66","266.89","155.66","130.78","130.38"
"4.3.2.1. 수입물가지수(기본분류)","      비료및농약","달러기준","2020=100","2.8","원자료","35.39","39.57","39.10","40.27","38.22","38.95","42.69","44.46","40.56","48.04","59.33","70.08","74.24","87.68","158.56","122.24","108.93","166.84","169.00","146.25","134.72","124.83","96.10","94.27","108.78","102.82","100.00","169.66","266.89","155.66","130.78","130.38"
"4.3.2.1. 수입물가지수(기본분류)","        비료및농약","원화기준","2020=100","2.8","원자료","23.94","25.68","26.39","31.37","45.43","39.04","40.95","48.65","43.02","48.52","57.54","60.88","60.13","69.08","149.19","132.86","106.72","156.82","161.50","135.92","120.44","119.72","94.80","90.39","101.64","101.55","100.00","165.64","291.97","172.06","151.18","157.43"
"4.3.2.1. 수입물가지수(기본분류)","        비료및농약","계약통화기준","2020=100","2.8","원자료","36.88","41.22","40.72","41.96","39.82","40.57","44.47","46.32","42.25","50.04","61.81","73.01","77.34","91.34","165.04","126.10","110.59","166.84","169.00","146.25","134.72","124.83","96.10","94.27","108.78","102.82","100.00","169.66","266.89","155.66","130.78","130.38"
"4.3.2.1. 수입물가지수(기본분류)","        비료및농약","달러기준","2020=100","2.8","원자료","35.39","39.57","39.10","40.27","38.22","38.95","42.69","44.46","40.56","48.04","59.33","70.08","74.24","87.68","158.56","122.24","108.93","166.84","169.00","146.25","134.72","124.83","96.10","94.27","108.78","102.82","100.00","169.66","266.89","155.66","130.78","130.38"
"4.3.2.1. 수입물가지수(기본분류)","          비료및질소화합물","원화기준","2020=100","2.8","원자료","23.94","25.68","26.39","31.37","45.43","39.04","40.95","48.65","43.02","48.52","57.54","60.88","60.13","69.08","149.19","132.86","106.72","156.82","161.50","135.92","120.44","119.72","94.80","90.39","101.64","101.55","100.00","165.64","291.97","172.06","151.18","157.43"
"4.3.2.1. 수입물가지수(기본분류)","          비료및질소화합물","계약통화기준","2020=100","2.8","원자료","36.88","41.22","40.72","41.96","39.82","40.57","44.47","46.32","42.25","50.04","61.81","73.01","77.34","91.34","165.04","126.10","110.59","166.84","169.00","146.25","134.72","124.83","96.10","94.27","108.78","102.82","100.00","169.66","266.89","155.66","130.78","130.38"
"4.3.2.1. 수입물가지수(기본분류)","          비료및질소화합물","달러기준","2020=100","2.8","원자료","35.39","39.57","39.10","40.27","38.22","38.95","42.69","44.46","40.56","48.04","59.33","70.08","74.24","87.68","158.56","122.24","108.93","166.84","169.00","146.25","134.72","124.83","96.10","94.27","108.78","102.82","100.00","169.66","266.89","155.66","130.78","130.38"
"4.3.2.1. 수입물가지수(기본분류)","      기타화학제품","원화기준","2020=100","16.8","원자료","85.30","86.05","86.16","94.78","139.01","116.92","108.41","119.21","112.81","109.50","104.33","93.16","84.33","84.40","99.75","114.88","111.09","114.81","117.89","110.93","103.59","100.67","102.43","100.40","99.00","101.36","100.00","102.47","114.97","114.39","116.21","119.53"
"4.3.2.1. 수입물가지수(기본분류)","      기타화학제품","계약통화기준","2020=100","16.8","원자료","124.35","128.52","126.59","124.01","120.93","118.57","116.00","114.77","112.09","111.69","108.79","108.27","105.85","108.13","106.36","105.32","108.60","112.06","113.92","113.45","111.24","107.51","104.53","104.66","104.95","103.08","100.00","104.79","111.70","110.83","110.77","108.81"
"4.3.2.1. 수입물가지수(기본분류)","      기타화학제품","달러기준","2020=100","16.8","원자료","128.21","132.83","127.91","121.67","116.93","116.86","113.27","109.07","106.49","108.54","107.47","107.42","104.24","107.25","107.25","106.37","113.35","122.22","123.44","119.53","116.14","105.04","104.12","104.74","106.19","102.62","100.00","105.66","105.14","103.40","100.57","99.16"
"4.3.2.1. 수입물가지수(기본분류)","        도료및잉크","원화기준","2020=100","1.6","원자료","64.29","67.36","69.00","74.85","108.64","93.22","88.60","100.63","95.09","88.77","84.73","76.22","70.58","68.68","87.17","108.06","111.00","117.52","119.06","102.48","93.40","88.16","92.90","89.93","94.13","98.25","100.00","109.18","129.65","121.28","117.12","118.54"
"4.3.2.1. 수입물가지수(기본분류)","        도료및잉크","계약통화기준","2020=100","1.6","원자료","97.77","106.83","105.33","98.65","94.43","91.84","91.27","90.77","88.45","86.74","86.05","88.25","88.38","88.38","88.38","89.32","95.61","97.93","99.16","98.44","97.95","96.35","94.80","94.80","100.75","100.37","100.00","110.70","121.20","111.16","102.76","98.31"
"4.3.2.1. 수입물가지수(기본분류)","        도료및잉크","달러기준","2020=100","1.6","원자료","94.99","103.79","102.33","95.84","91.03","93.05","92.50","91.99","89.65","87.91","87.21","87.82","87.18","87.19","93.17","99.98","113.27","125.12","124.65","110.43","104.75","92.02","94.48","93.83","100.95","99.47","100.00","112.46","118.44","109.62","101.37","98.33"
"4.3.2.1. 수입물가지수(기본분류)","          도료","원화기준","2020=100","1.6","원자료","64.29","67.36","69.00","74.85","108.64","93.22","88.60","100.63","95.09","88.77","84.73","76.22","70.58","68.68","87.17","108.06","111.00","117.52","119.06","102.48","93.40","88.16","92.90","89.93","94.13","98.25","100.00","109.18","129.65","121.28","117.12","118.54"
"4.3.2.1. 수입물가지수(기본분류)","          도료","계약통화기준","2020=100","1.6","원자료","97.77","106.83","105.33","98.65","94.43","91.84","91.27","90.77","88.45","86.74","86.05","88.25","88.38","88.38","88.38","89.32","95.61","97.93","99.16","98.44","97.95","96.35","94.80","94.80","100.75","100.37","100.00","110.70","121.20","111.16","102.76","98.31"
"4.3.2.1. 수입물가지수(기본분류)","          도료","달러기준","2020=100","1.6","원자료","94.99","103.79","102.33","95.84","91.03","93.05","92.50","91.99","89.65","87.91","87.21","87.82","87.18","87.19","93.17","99.98","113.27","125.12","124.65","110.43","104.75","92.02","94.48","93.83","100.95","99.47","100.00","112.46","118.44","109.62","101.37","98.33"
"4.3.2.1. 수입물가지수(기본분류)","        비누및화장품","원화기준","2020=100","4.8","원자료","69.37","76.78","77.12","83.46","121.19","101.47","89.64","100.94","98.91","98.29","94.49","84.11","77.57","77.39","88.66","99.48","93.88","94.17","98.02","98.43","96.71","97.73","100.82","98.34","96.25","99.06","100.00","101.02","105.66","117.81","133.54","143.57"
"4.3.2.1. 수입물가지수(기본분류)","        비누및화장품","계약통화기준","2020=100","4.8","원자료","86.62","97.90","95.91","96.19","92.31","94.67","95.13","94.89","94.31","94.26","92.38","90.40","88.49","89.09","88.37","89.63","91.44","92.03","97.41","98.39","98.15","98.99","100.52","98.76","97.24","99.94","100.00","100.85","105.37","116.16","130.05","136.48"
"4.3.2.1. 수입물가지수(기본분류)","        비누및화장품","달러기준","2020=100","4.8","원자료","102.69","118.65","114.49","107.18","102.04","101.30","93.53","92.22","93.28","97.29","97.20","96.85","95.77","98.20","95.66","92.11","95.77","100.25","102.58","105.99","108.30","101.88","102.40","102.54","103.19","100.23","100.00","104.15","96.52","106.34","115.44","119.00"
"4.3.2.1. 수입물가지수(기본분류)","          화장품","원화기준","2020=100","4.8","원자료","","88.45","88.75","95.05","134.35","114.47","99.86","112.79","109.96","107.26","101.30","88.99","82.64","82.76","90.58","97.67","93.88","94.17","98.02","98.43","96.71","97.73","100.82","98.34","96.25","99.06","100.00","101.02","105.66","117.81","133.54","143.57"
"4.3.2.1. 수입물가지수(기본분류)","          화장품","계약통화기준","2020=100","4.8","원자료","","101.90","99.80","100.30","93.80","97.58","97.98","97.90","97.10","97.03","94.43","91.75","89.75","90.06","87.75","88.65","91.44","92.03","97.41","98.39","98.15","98.99","100.52","98.76","97.24","99.94","100.00","100.85","105.37","116.16","130.05","136.48"
"4.3.2.1. 수입물가지수(기본분류)","          화장품","달러기준","2020=100","4.8","원자료","","136.81","131.79","122.17","113.11","114.28","104.18","103.03","103.67","106.15","104.18","102.45","102.01","105.00","98.20","90.54","95.77","100.25","102.58","105.99","108.30","101.88","102.40","102.54","103.19","100.23","100.00","104.15","96.52","106.34","115.44","119.00"
"4.3.2.1. 수입물가지수(기본분류)","        기타화학제품","원화기준","2020=100","10.4","원자료","94.82","93.93","93.55","103.78","153.03","128.46","120.51","130.70","122.24","118.52","112.52","100.45","89.99","90.62","106.86","122.34","117.76","122.18","125.02","116.44","107.46","103.47","104.53","102.68","100.62","102.55","100.00","101.71","115.14","112.22","111.04","112.24"
"4.3.2.1. 수입물가지수(기본분류)","        기타화학제품","계약통화기준","2020=100","10.4","원자료","141.94","143.72","141.79","138.82","136.59","131.91","127.41","125.60","122.02","121.80","118.00","117.45","114.30","117.74","115.17","112.74","115.85","120.24","121.08","120.23","117.28","111.87","107.51","108.13","108.04","104.45","100.00","105.01","112.07","109.41","106.83","102.55"
"4.3.2.1. 수입물가지수(기본분류)","        기타화학제품","달러기준","2020=100","10.4","원자료","143.09","145.04","138.97","133.32","128.81","128.51","126.02","119.69","115.49","117.58","116.01","115.93","111.35","115.26","114.92","113.34","120.19","130.12","130.95","125.52","120.53","108.02","106.30","107.16","107.96","103.83","100.00","104.91","105.34","101.48","96.15","93.14"
"4.3.2.1. 수입물가지수(기본분류)","          접착제및젤라틴","원화기준","2020=100","0.9","원자료","","78.35","80.57","90.37","133.55","111.25","103.59","109.32","103.59","103.41","103.92","91.72","84.71","84.66","107.16","124.65","123.77","115.81","112.46","102.87","96.20","94.07","99.57","96.95","97.02","100.11","100.00","99.27","109.55","104.11","107.87","112.14"
"4.3.2.1. 수입물가지수(기본분류)","          접착제및젤라틴","계약통화기준","2020=100","0.9","원자료","","113.74","120.27","121.82","121.82","114.65","109.53","109.39","108.88","108.56","108.41","108.84","109.48","109.48","109.48","109.49","115.30","108.70","104.85","105.50","104.12","101.69","101.64","102.32","104.00","101.96","100.00","102.89","109.96","105.07","106.34","106.53"
"4.3.2.1. 수입물가지수(기본분류)","          접착제및젤라틴","달러기준","2020=100","0.9","원자료","","122.43","121.13","117.53","113.82","112.56","109.60","101.27","99.04","103.77","108.39","107.07","106.02","108.90","116.57","116.77","126.20","123.41","117.73","110.84","107.84","98.19","101.27","101.13","104.03","101.35","100.00","102.38","100.23","94.08","93.35","93.04"
"4.3.2.1. 수입물가지수(기본분류)","          사진용화학제품및감광재료","원화기준","2020=100","0.7","원자료","71.88","71.59","74.49","79.78","116.64","95.68","89.50","94.98","86.58","83.61","83.16","77.59","76.54","81.29","82.46","89.67","96.78","92.77","94.34","92.24","87.02","95.96","96.66","92.61","86.69","96.05","100.00","98.01","113.71","121.69","126.50","130.44"
"4.3.2.1. 수입물가지수(기본분류)","          사진용화학제품및감광재료","계약통화기준","2020=100","0.7","원자료","102.23","102.35","102.42","95.03","92.35","87.39","84.13","80.51","75.98","77.01","79.54","78.82","80.73","86.40","83.11","86.88","98.64","98.64","98.64","99.24","97.33","101.56","100.69","96.62","92.97","97.23","100.00","101.08","108.09","115.02","116.11","116.39"
"4.3.2.1. 수입물가지수(기본분류)","          사진용화학제품및감광재료","달러기준","2020=100","0.7","원자료","110.24","110.37","110.44","102.31","97.93","95.57","93.47","86.87","81.71","82.84","85.65","89.44","94.62","103.28","89.29","83.17","98.82","98.82","98.82","99.42","97.50","100.15","98.30","96.61","92.98","97.23","100.00","101.08","103.97","110.03","109.51","108.25"
"4.3.2.1. 수입물가지수(기본분류)","          기타화학제품","원화기준","2020=100","8.8","원자료","101.54","100.05","96.28","108.74","161.05","137.27","129.21","141.23","132.57","128.20","119.70","105.99","92.33","91.71","111.31","128.66","119.91","125.66","128.92","119.90","110.49","105.01","105.67","104.27","102.71","103.54","100.00","102.26","115.67","112.17","110.25","110.98"
"4.3.2.1. 수입물가지수(기본분류)","          기타화학제품","계약통화기준","2020=100","8.8","원자료","153.56","157.36","151.12","151.12","149.00","146.55","142.21","140.84","137.21","136.58","130.05","129.42","123.84","126.84","124.25","119.13","118.36","123.73","124.87","123.88","120.76","113.91","108.41","109.91","110.31","105.54","100.00","105.59","112.64","109.47","106.37","101.34"
"4.3.2.1. 수입물가지수(기본분류)","          기타화학제품","달러기준","2020=100","8.8","원자료","150.23","154.28","142.85","139.51","135.43","137.15","134.93","129.15","125.08","127.01","123.24","122.16","114.07","116.48","119.31","118.97","122.40","133.83","135.05","129.27","123.95","109.63","107.46","108.83","110.22","104.85","100.00","105.48","105.83","101.45","95.46","92.11"
"4.3.2.1. 수입물가지수(기본분류)","      플라스틱제품","원화기준","2020=100","12.7","원자료","36.50","42.36","46.83","52.46","68.82","78.97","77.50","90.80","88.04","87.60","89.26","83.96","74.51","67.80","81.52","103.53","99.32","103.06","113.94","108.85","100.19","97.60","101.85","98.09","93.22","98.74","100.00","101.59","114.32","111.22","114.30","128.67"
"4.3.2.1. 수입물가지수(기본분류)","      플라스틱제품","계약통화기준","2020=100","12.7","원자료","67.02","81.20","86.46","86.46","86.46","86.46","88.33","90.63","90.14","91.45","93.63","99.73","97.01","91.16","89.17","96.61","102.08","109.96","119.43","117.05","112.27","102.23","103.39","102.29","100.00","100.00","100.00","104.76","105.69","102.75","105.07","112.71"
"4.3.2.1. 수입물가지수(기본분류)","      플라스틱제품","달러기준","2020=100","12.7","원자료","61.97","75.08","79.95","79.95","79.95","79.95","81.67","83.80","83.83","87.59","92.84","97.65","92.89","86.88","88.31","97.24","102.34","110.86","120.16","117.33","112.32","101.88","103.60","102.32","100.00","100.00","100.00","104.76","104.66","100.55","98.95","106.79"
"4.3.2.1. 수입물가지수(기본분류)","        플라스틱1차제품","원화기준","2020=100","12.7","원자료","40.93","47.51","52.52","58.84","77.19","88.57","86.92","103.41","102.48","102.96","101.35","87.81","78.98","70.11","82.51","102.99","98.81","105.20","117.33","112.23","102.75","99.58","101.91","98.48","93.21","98.74","100.00","101.59","114.33","111.22","114.30","128.67"
"4.3.2.1. 수입물가지수(기본분류)","        플라스틱1차제품","계약통화기준","2020=100","12.7","원자료","74.99","90.85","96.74","96.74","96.74","96.74","98.81","102.97","104.45","105.56","103.82","101.66","100.54","92.24","89.47","96.61","101.87","113.26","123.82","120.97","115.19","103.94","103.65","102.73","100.00","100.00","100.00","104.76","105.70","102.76","105.08","112.72"
"4.3.2.1. 수입물가지수(기본분류)","        플라스틱1차제품","달러기준","2020=100","12.7","원자료","69.57","84.29","89.75","89.75","89.75","89.75","91.68","95.54","97.77","103.05","105.46","102.24","98.58","89.93","89.51","96.66","101.87","113.26","123.82","120.97","115.19","103.94","103.65","102.73","100.00","100.00","100.00","104.76","104.66","100.56","98.96","106.80"
"4.3.2.1. 수입물가지수(기본분류)","          플라스틱1차제품","원화기준","2020=100","12.7","원자료","40.93","47.51","52.52","58.84","77.19","88.57","86.92","103.41","102.48","102.96","101.35","87.81","78.98","70.11","82.51","102.99","98.81","105.20","117.33","112.23","102.75","99.58","101.91","98.48","93.21","98.74","100.00","101.59","114.33","111.22","114.30","128.67"
"4.3.2.1. 수입물가지수(기본분류)","          플라스틱1차제품","계약통화기준","2020=100","12.7","원자료","74.99","90.85","96.74","96.74","96.74","96.74","98.81","102.97","104.45","105.56","103.82","101.66","100.54","92.24","89.47","96.61","101.87","113.26","123.82","120.97","115.19","103.94","103.65","102.73","100.00","100.00","100.00","104.76","105.70","102.76","105.08","112.72"
"4.3.2.1. 수입물가지수(기본분류)","          플라스틱1차제품","달러기준","2020=100","12.7","원자료","69.57","84.29","89.75","89.75","89.75","89.75","91.68","95.54","97.77","103.05","105.46","102.24","98.58","89.93","89.51","96.66","101.87","113.26","123.82","120.97","115.19","103.94","103.65","102.73","100.00","100.00","100.00","104.76","104.66","100.56","98.96","106.80"
"4.3.2.1. 수입물가지수(기본분류)","      고무제품","원화기준","2020=100","3.5","원자료","41.42","41.30","43.02","46.28","70.13","57.63","53.53","59.63","56.09","55.60","55.32","59.63","59.86","62.73","79.64","91.41","90.85","104.67","107.61","101.16","90.35","92.59","92.81","93.75","92.29","96.81","100.00","98.49","126.68","126.05","122.51","127.23"
"4.3.2.1. 수입물가지수(기본분류)","      고무제품","계약통화기준","2020=100","3.5","원자료","64.89","64.87","65.96","64.11","64.11","63.25","63.15","62.10","60.12","59.44","60.45","73.33","79.72","86.00","89.46","87.17","94.03","111.20","112.48","108.75","101.06","96.51","94.18","97.52","98.53","98.43","100.00","100.84","117.25","115.45","107.42","106.90"
"4.3.2.1. 수입물가지수(기본분류)","      고무제품","달러기준","2020=100","3.5","원자료","63.67","63.66","63.78","59.34","58.96","57.54","55.90","54.53","52.93","55.09","57.01","68.69","73.99","79.68","84.89","84.33","92.75","111.42","112.71","108.97","101.26","96.70","94.37","97.84","99.01","98.04","100.00","101.58","115.31","114.02","106.08","105.57"
"4.3.2.1. 수입물가지수(기본분류)","        타이어및튜브","원화기준","2020=100","3.5","원자료","","41.30","43.02","46.28","70.13","57.63","53.53","59.63","56.09","55.60","55.32","59.63","59.86","62.73","79.64","91.41","90.85","104.67","107.61","101.16","90.35","92.59","92.81","93.75","92.29","96.81","100.00","98.49","126.68","126.05","122.51","127.23"
"4.3.2.1. 수입물가지수(기본분류)","        타이어및튜브","계약통화기준","2020=100","3.5","원자료","","64.87","65.96","64.11","64.11","63.25","63.15","62.10","60.12","59.44","60.45","73.33","79.72","86.00","89.46","87.17","94.03","111.20","112.48","108.75","101.06","96.51","94.18","97.52","98.53","98.43","100.00","100.84","117.25","115.45","107.42","106.90"
"4.3.2.1. 수입물가지수(기본분류)","        타이어및튜브","달러기준","2020=100","3.5","원자료","","63.66","63.78","59.34","58.96","57.54","55.90","54.53","52.93","55.09","57.01","68.69","73.99","79.68","84.89","84.33","92.75","111.42","112.71","108.97","101.26","96.70","94.37","97.84","99.01","98.04","100.00","101.58","115.31","114.02","106.08","105.57"
"4.3.2.1. 수입물가지수(기본분류)","          타이어및튜브","원화기준","2020=100","3.5","원자료","","41.30","43.02","46.28","70.13","57.63","53.53","59.63","56.09","55.60","55.32","59.63","59.86","62.73","79.64","91.41","90.85","104.67","107.61","101.16","90.35","92.59","92.81","93.75","92.29","96.81","100.00","98.49","126.68","126.05","122.51","127.23"
"4.3.2.1. 수입물가지수(기본분류)","          타이어및튜브","계약통화기준","2020=100","3.5","원자료","","64.87","65.96","64.11","64.11","63.25","63.15","62.10","60.12","59.44","60.45","73.33","79.72","86.00","89.46","87.17","94.03","111.20","112.48","108.75","101.06","96.51","94.18","97.52","98.53","98.43","100.00","100.84","117.25","115.45","107.42","106.90"
"4.3.2.1. 수입물가지수(기본분류)","          타이어및튜브","달러기준","2020=100","3.5","원자료","","63.66","63.78","59.34","58.96","57.54","55.90","54.53","52.93","55.09","57.01","68.69","73.99","79.68","84.89","84.33","92.75","111.42","112.71","108.97","101.26","96.70","94.37","97.84","99.01","98.04","100.00","101.58","115.31","114.02","106.08","105.57"
"4.3.2.1. 수입물가지수(기본분류)","    비금속광물제품","원화기준","2020=100","9.7","원자료","117.95","117.65","126.53","131.54","163.95","146.16","147.82","159.08","144.39","134.15","137.83","120.94","112.20","116.13","143.80","157.68","153.78","139.89","128.98","108.48","96.70","94.92","102.53","91.29","90.82","97.40","100.00","106.98","126.79","127.34","126.36","127.16"
"4.3.2.1. 수입물가지수(기본분류)","    비금속광물제품","계약통화기준","2020=100","9.7","원자료","163.12","167.16","172.46","157.42","147.84","143.34","148.96","143.87","134.90","129.74","136.44","134.10","134.26","140.32","143.29","134.89","145.03","130.93","121.54","113.44","108.12","107.22","104.43","94.52","96.34","98.92","100.00","109.35","117.61","116.54","111.07","106.69"
"4.3.2.1. 수입물가지수(기본분류)","    비금속광물제품","달러기준","2020=100","9.7","원자료","161.00","167.08","172.78","157.74","147.27","146.04","154.13","145.31","135.98","132.73","141.87","139.24","138.49","147.33","154.40","145.71","156.78","148.98","135.03","116.93","108.44","99.06","104.30","95.24","97.39","98.60","100.00","110.27","115.80","115.06","109.36","105.45"
"4.3.2.1. 수입물가지수(기본분류)","      유리및유리제품","원화기준","2020=100","4","원자료","174.47","179.62","195.50","199.08","283.52","232.67","243.73","264.39","233.96","222.92","242.23","204.30","181.55","170.14","206.95","234.78","227.00","194.22","166.02","125.33","106.65","105.83","114.26","98.93","96.28","99.90","100.00","111.36","122.73","116.86","116.38","117.12"
"4.3.2.1. 수입물가지수(기본분류)","      유리및유리제품","계약통화기준","2020=100","4","원자료","270.04","283.81","295.68","260.61","244.57","230.18","250.84","250.37","229.71","222.85","245.26","232.59","225.03","218.22","220.17","207.52","216.16","181.62","152.83","132.58","121.31","119.77","115.92","102.09","102.36","101.02","100.00","114.43","114.31","107.78","103.67","100.78"
"4.3.2.1. 수입물가지수(기본분류)","      유리및유리제품","달러기준","2020=100","4","원자료","256.96","275.06","287.88","253.91","235.39","229.39","253.86","241.34","220.30","220.41","249.21","235.08","223.93","215.68","221.54","216.69","231.21","206.79","173.71","135.07","119.59","110.43","116.22","103.18","103.25","101.17","100.00","114.79","112.29","105.61","100.74","97.13"
"4.3.2.1. 수입물가지수(기본분류)","        유리및유리제품","원화기준","2020=100","4","원자료","152.06","158.83","177.10","172.38","247.64","198.02","218.80","249.72","220.45","211.82","243.45","204.30","181.55","170.14","206.95","234.78","227.00","194.22","166.02","125.33","106.65","105.83","114.26","98.93","96.28","99.90","100.00","111.36","122.73","116.86","116.38","117.12"
"4.3.2.1. 수입물가지수(기본분류)","        유리및유리제품","계약통화기준","2020=100","4","원자료","227.12","241.66","257.26","216.75","203.30","193.82","224.34","231.69","212.69","210.31","247.06","232.59","225.03","218.22","220.17","207.52","216.16","181.62","152.83","132.58","121.31","119.77","115.92","102.09","102.36","101.02","100.00","114.43","114.31","107.78","103.67","100.78"
"4.3.2.1. 수입물가지수(기본분류)","        유리및유리제품","달러기준","2020=100","4","원자료","223.07","242.73","260.20","219.51","205.77","195.93","227.79","227.92","207.48","209.44","250.53","235.08","223.93","215.68","221.54","216.69","231.21","206.79","173.71","135.07","119.59","110.43","116.22","103.18","103.25","101.17","100.00","114.79","112.29","105.61","100.74","97.13"
"4.3.2.1. 수입물가지수(기본분류)","          판유리및1차유리제품","원화기준","2020=100","0.9","원자료","230.06","225.48","234.43","227.53","342.23","295.69","335.94","401.43","372.25","365.59","361.82","321.11","282.18","259.85","322.93","382.65","346.22","277.89","215.06","133.20","99.59","91.81","102.59","98.82","98.96","102.53","100.00","124.43","140.26","127.25","119.15","116.22"
"4.3.2.1. 수입물가지수(기본분류)","          판유리및1차유리제품","계약통화기준","2020=100","0.9","원자료","283.86","290.07","290.07","243.80","239.59","246.26","293.19","322.94","312.09","311.93","312.48","312.11","299.89","286.46","292.95","286.61","276.56","215.30","162.64","126.53","106.95","105.12","104.72","103.29","105.92","103.84","100.00","128.21","128.34","115.03","103.14","96.40"
"4.3.2.1. 수입물가지수(기본분류)","          판유리및1차유리제품","달러기준","2020=100","0.9","원자료","336.88","344.23","344.23","289.33","284.34","292.26","350.23","366.99","351.06","362.10","372.40","370.04","348.53","329.91","345.37","353.67","353.30","296.72","224.93","143.61","111.75","95.81","104.35","103.09","106.12","103.84","100.00","128.20","128.33","115.02","103.13","96.39"
"4.3.2.1. 수입물가지수(기본분류)","          산업용유리제품(전자기기용제외)","원화기준","2020=100","3.1","원자료","76.79","89.98","114.33","111.84","147.98","100.16","103.06","109.33","88.30","81.20","120.17","92.80","85.90","85.47","96.54","91.94","114.55","111.64","115.48","110.93","104.70","110.18","108.79","97.94","94.44","98.12","100.00","104.11","112.97","110.45","113.37","115.21"
"4.3.2.1. 수입물가지수(기본분류)","          산업용유리제품(전자기기용제외)","계약통화기준","2020=100","3.1","원자료","122.90","141.85","169.92","143.75","123.78","99.99","107.49","99.94","83.14","80.39","124.12","106.97","106.18","108.52","104.45","85.02","116.73","117.06","120.45","118.49","115.57","114.58","110.30","101.31","99.89","99.11","100.00","106.91","106.46","103.18","102.72","101.25"
"4.3.2.1. 수입물가지수(기본분류)","          산업용유리제품(전자기기용제외)","달러기준","2020=100","3.1","원자료","113.07","138.18","168.65","143.18","123.34","99.61","107.12","99.60","82.87","80.11","123.69","106.61","105.81","108.16","104.09","84.73","116.33","118.31","120.94","119.54","117.37","114.99","110.60","102.16","101.29","99.35","100.00","107.34","103.35","99.77","98.10","95.52"
"4.3.2.1. 수입물가지수(기본분류)","      기타비금속광물제품","원화기준","2020=100","5.7","원자료","85.87","77.97","82.86","87.91","94.43","92.79","90.23","94.58","88.79","80.30","76.28","68.56","65.28","68.26","88.98","100.07","88.63","89.20","91.40","87.64","82.14","78.88","85.32","84.48","87.77","96.05","100.00","104.69","129.08","133.12","131.83","132.83"
"4.3.2.1. 수입물가지수(기본분류)","      기타비금속광물제품","계약통화기준","2020=100","5.7","원자료","102.47","96.98","99.09","93.57","87.94","87.60","87.11","79.96","77.36","73.52","71.98","72.16","73.22","73.86","77.89","79.23","79.51","80.87","85.90","87.76","87.62","87.74","87.83","88.23","92.91","97.74","100.00","106.75","119.54","121.43","115.17","109.93"
"4.3.2.1. 수입물가지수(기본분류)","      기타비금속광물제품","달러기준","2020=100","5.7","원자료","107.92","102.13","104.35","98.54","92.60","93.32","94.17","86.44","83.63","79.48","78.54","78.98","80.62","86.64","95.78","92.60","90.44","94.98","95.73","94.45","92.11","82.30","86.77","88.16","94.11","97.21","100.00","107.89","117.77","120.30","114.11","110.15"
"4.3.2.1. 수입물가지수(기본분류)","        기타비금속광물제품","원화기준","2020=100","5.7","원자료","85.87","77.97","82.86","87.91","94.43","92.79","90.23","94.58","88.79","80.30","76.28","68.56","65.28","68.26","88.98","100.07","88.63","89.20","91.40","87.64","82.14","78.88","85.32","84.48","87.77","96.05","100.00","104.69","129.08","133.12","131.83","132.83"
"4.3.2.1. 수입물가지수(기본분류)","        기타비금속광물제품","계약통화기준","2020=100","5.7","원자료","102.47","96.98","99.09","93.57","87.94","87.60","87.11","79.96","77.36","73.52","71.98","72.16","73.22","73.86","77.89","79.23","79.51","80.87","85.90","87.76","87.62","87.74","87.83","88.23","92.91","97.74","100.00","106.75","119.54","121.43","115.17","109.93"
"4.3.2.1. 수입물가지수(기본분류)","        기타비금속광물제품","달러기준","2020=100","5.7","원자료","107.92","102.13","104.35","98.54","92.60","93.32","94.17","86.44","83.63","79.48","78.54","78.98","80.62","86.64","95.78","92.60","90.44","94.98","95.73","94.45","92.11","82.30","86.77","88.16","94.11","97.21","100.00","107.89","117.77","120.30","114.11","110.15"
"4.3.2.1. 수입물가지수(기본분류)","          석제품","원화기준","2020=100","3.2","원자료","","","","","","","64.92","71.63","70.61","67.22","66.30","60.12","56.62","60.03","76.80","85.97","75.98","76.47","78.36","79.89","77.35","76.13","79.39","79.73","85.17","94.98","100.00","103.79","116.05","122.32","127.74","136.14"
"4.3.2.1. 수입물가지수(기본분류)","          석제품","계약통화기준","2020=100","3.2","원자료","","","","","","","67.03","64.77","65.85","65.85","66.70","67.37","67.55","68.26","69.91","71.47","71.98","73.22","77.76","79.85","80.14","80.99","81.93","83.54","89.97","96.89","100.00","105.34","109.79","113.03","113.03","113.38"
"4.3.2.1. 수입물가지수(기본분류)","          석제품","달러기준","2020=100","3.2","원자료","","","","","","","67.72","65.44","66.52","66.52","68.26","69.23","69.91","76.17","82.79","79.56","77.52","81.41","82.05","86.08","86.69","79.39","80.68","83.17","91.27","96.09","100.00","107.00","106.09","110.47","110.48","112.87"
"4.3.2.1. 수입물가지수(기본분류)","          기타비금속광물제품","원화기준","2020=100","2.5","원자료","","","","","","","","","","","","","","","","","","","","101.73","89.48","83.08","93.73","91.22","91.53","97.80","100.00","105.54","146.56","148.16","139.18","130.62"
"4.3.2.1. 수입물가지수(기본분류)","          기타비금속광물제품","계약통화기준","2020=100","2.5","원자료","","","","","","","","","","","","","","","","","","","","98.89","98.06","97.10","95.96","94.68","96.97","99.04","100.00","108.75","133.52","133.97","120.55","108.36"
"4.3.2.1. 수입물가지수(기본분류)","          기타비금속광물제품","달러기준","2020=100","2.5","원자료","","","","","","","","","","","","","","","","","","","","109.69","100.43","86.76","95.42","95.24","98.21","99.04","100.00","108.75","133.52","133.97","120.55","108.36"
"4.3.2.1. 수입물가지수(기본분류)","    1차금속제품","원화기준","2020=100","76.9","원자료","30.93","34.78","33.22","36.12","47.98","38.51","40.53","42.31","42.53","48.24","62.09","62.50","69.09","82.34","115.51","102.25","115.09","124.57","116.78","104.68","98.03","88.21","83.14","94.75","100.32","100.38","100.00","130.42","157.59","147.36","149.51","157.80"
"4.3.2.1. 수입물가지수(기본분류)","    1차금속제품","계약통화기준","2020=100","76.9","원자료","46.24","54.04","49.84","47.58","42.17","38.81","42.46","39.00","40.50","48.07","64.19","72.33","85.93","105.02","124.98","93.66","116.09","130.72","120.39","111.78","109.11","92.15","84.36","98.70","107.36","101.56","100.00","134.32","145.40","134.30","130.81","132.27"
"4.3.2.1. 수입물가지수(기본분류)","    1차금속제품","달러기준","2020=100","76.9","원자료","45.82","53.61","49.36","47.05","41.68","38.49","42.17","38.55","39.99","47.62","63.77","71.75","85.13","104.20","124.85","94.53","117.17","132.47","121.88","112.48","109.58","91.93","84.28","98.61","107.35","101.50","100.00","134.09","144.19","133.03","129.21","130.67"
"4.3.2.1. 수입물가지수(기본분류)","      철강1차제품","원화기준","2020=100","27.8","원자료","30.12","32.86","31.74","34.58","46.11","34.94","36.36","38.06","38.37","44.47","61.62","61.94","58.50","72.11","122.38","107.37","114.43","123.30","116.47","103.67","96.89","86.21","82.18","95.05","103.81","103.40","100.00","132.66","162.00","152.09","146.05","139.81"
"4.3.2.1. 수입물가지수(기본분류)","      철강1차제품","계약통화기준","2020=100","27.8","원자료","43.94","49.89","46.47","44.69","40.71","35.22","38.02","34.95","36.42","44.20","63.63","71.63","72.59","91.69","130.97","97.37","114.54","128.14","118.95","110.15","107.43","90.12","83.37","99.01","111.01","104.70","100.00","136.71","150.36","139.68","129.29","118.49"
"4.3.2.1. 수입물가지수(기본분류)","      철강1차제품","달러기준","2020=100","27.8","원자료","43.43","49.30","45.93","44.17","40.24","34.93","37.78","34.63","36.06","43.83","63.22","71.02","71.97","91.19","131.10","98.80","116.40","131.07","121.44","111.32","108.25","89.77","83.27","98.88","111.01","104.60","100.00","136.34","148.13","137.29","126.28","115.80"
"4.3.2.1. 수입물가지수(기본분류)","        선철및조강","원화기준","2020=100","7.5","원자료","25.56","27.90","26.69","29.86","38.32","29.07","30.82","32.09","34.21","43.75","61.84","54.68","52.37","70.61","129.52","105.06","120.30","128.02","119.51","108.02","100.45","82.70","82.54","100.35","110.96","105.03","100.00","153.74","178.91","155.70","147.63","141.24"
"4.3.2.1. 수입물가지수(기본분류)","        선철및조강","계약통화기준","2020=100","7.5","원자료","38.62","43.89","40.47","39.69","33.08","29.13","32.16","29.44","32.47","43.42","63.66","62.98","64.75","89.67","139.37","95.81","120.28","131.99","121.09","115.00","111.77","87.26","83.99","104.92","118.71","106.49","100.00","158.85","170.22","147.27","136.37","124.56"
"4.3.2.1. 수입물가지수(기본분류)","        선철및조강","달러기준","2020=100","7.5","원자료","38.09","43.29","39.93","39.15","32.64","29.01","32.14","29.29","32.28","43.27","63.61","62.92","64.68","89.54","140.07","97.04","122.61","136.63","124.71","116.05","112.32","86.20","83.72","104.47","118.68","106.10","100.00","157.73","163.64","140.36","127.43","116.79"
"4.3.2.1. 수입물가지수(기본분류)","          선철","원화기준","2020=100","3.4","원자료","28.12","30.23","27.80","31.49","38.20","29.08","30.42","31.77","35.43","45.74","68.66","55.62","55.81","71.55","132.86","108.85","123.58","135.65","133.90","120.16","108.01","76.73","77.40","100.25","113.73","106.48","100.00","159.42","179.03","160.02","153.41","144.80"
"4.3.2.1. 수입물가지수(기본분류)","          선철","계약통화기준","2020=100","3.4","원자료","41.89","46.95","41.58","41.67","31.84","28.68","31.41","28.73","33.11","44.83","69.93","63.40","68.27","89.89","142.28","97.71","121.36","136.68","132.90","126.58","119.12","81.51","78.89","104.94","121.41","108.22","100.00","165.26","174.43","155.86","147.47","132.29"
"4.3.2.1. 수입물가지수(기본분류)","          선철","달러기준","2020=100","3.4","원자료","41.53","46.55","41.23","41.31","31.60","29.02","31.72","29.02","33.44","45.27","70.62","64.03","68.95","90.78","144.50","100.71","126.09","145.30","139.57","128.93","120.64","79.97","78.44","104.24","121.46","107.45","100.00","163.45","163.60","144.01","132.28","119.58"
"4.3.2.1. 수입물가지수(기본분류)","          합금철","원화기준","2020=100","2.7","원자료","26.64","32.90","36.95","36.27","48.49","37.52","35.58","39.17","37.28","44.08","56.85","41.91","42.12","56.77","108.45","106.34","137.01","134.12","117.12","103.11","99.91","94.20","90.94","107.12","114.24","106.79","100.00","150.49","183.23","143.72","132.58","128.89"
"4.3.2.1. 수입물가지수(기본분류)","          합금철","계약통화기준","2020=100","2.7","원자료","39.66","51.14","55.28","47.00","40.95","37.53","37.11","35.78","35.15","43.61","58.45","48.24","52.04","72.05","116.26","99.03","139.71","142.89","122.49","111.01","111.98","98.37","92.44","111.78","122.52","108.10","100.00","155.40","172.13","133.20","118.31","110.93"
"4.3.2.1. 수입물가지수(기본분류)","          합금철","달러기준","2020=100","2.7","원자료","39.66","51.14","55.28","47.00","40.95","37.53","37.11","35.78","35.15","43.61","58.45","48.24","52.04","72.05","116.26","99.03","139.71","142.89","122.49","111.01","111.98","98.37","92.44","111.78","122.52","108.10","100.00","154.33","168.29","129.93","114.67","106.88"
"4.3.2.1. 수입물가지수(기본분류)","          조강","원화기준","2020=100","1.4","원자료","22.72","24.02","22.52","26.39","35.96","26.90","30.43","30.03","32.42","43.20","57.91","65.82","57.60","82.73","145.25","97.98","98.42","106.96","96.74","89.51","85.98","85.44","84.54","91.50","101.37","99.84","100.00","147.10","172.21","162.46","155.71","149.85"
"4.3.2.1. 수입물가지수(기본분류)","          조강","계약통화기준","2020=100","1.4","원자료","36.06","39.50","35.75","36.48","33.49","28.14","32.94","28.89","32.39","44.75","61.88","78.64","73.93","109.07","161.40","91.26","100.49","112.16","99.46","96.28","96.55","89.71","85.90","95.61","108.62","100.97","100.00","151.38","158.74","148.87","138.43","126.85"
"4.3.2.1. 수입물가지수(기본분류)","          조강","달러기준","2020=100","1.4","원자료","34.30","37.56","34.03","34.69","31.86","26.76","31.69","27.36","30.56","42.64","59.55","75.63","71.04","104.71","156.84","89.40","99.99","113.56","100.88","96.13","96.05","88.85","85.65","95.19","108.33","100.81","100.00","151.12","156.82","146.33","134.33","123.84"
"4.3.2.1. 수입물가지수(기본분류)","        열간압연강재","원화기준","2020=100","14.9","원자료","33.91","37.06","35.36","37.65","51.33","38.57","40.26","42.19","40.52","42.75","59.31","68.81","64.63","75.66","120.97","110.94","112.51","122.38","115.88","102.67","96.01","86.12","79.60","92.57","102.61","103.96","100.00","130.62","159.40","155.64","151.95","146.26"
"4.3.2.1. 수입물가지수(기본분류)","        열간압연강재","계약통화기준","2020=100","14.9","원자료","48.39","55.00","50.69","48.05","46.61","39.37","42.45","39.02","38.71","42.80","61.84","80.40","80.99","96.94","129.62","100.61","113.11","128.27","119.29","109.36","106.63","89.61","80.54","96.19","109.63","105.21","100.00","134.29","146.02","140.88","131.90","121.73"
"4.3.2.1. 수입물가지수(기본분류)","        열간압연강재","달러기준","2020=100","14.9","원자료","47.48","53.97","49.75","47.16","45.74","38.63","41.67","38.25","37.93","41.98","60.70","78.61","79.21","95.42","128.53","101.77","114.21","129.70","120.67","110.11","107.13","89.59","80.55","96.19","109.63","105.20","100.00","134.28","145.71","140.54","131.44","121.19"
"4.3.2.1. 수입물가지수(기본분류)","          철근및봉강","원화기준","2020=100","3.4","원자료","51.31","51.01","50.51","51.17","56.11","46.10","47.51","49.90","48.24","51.72","65.39","68.50","65.39","78.79","124.05","114.15","113.52","116.53","110.60","101.33","97.30","97.25","87.14","87.04","94.28","100.16","100.00","111.46","154.59","175.13","181.15","175.48"
"4.3.2.1. 수입물가지수(기본분류)","          철근및봉강","계약통화기준","2020=100","3.4","원자료","52.99","54.86","53.17","51.95","50.54","46.38","48.95","45.51","45.53","50.87","66.53","78.04","80.24","99.42","130.80","102.78","112.94","120.40","112.42","107.79","108.37","101.92","88.50","90.86","101.06","101.45","100.00","114.70","140.93","158.22","156.82","145.55"
"4.3.2.1. 수입물가지수(기본분류)","          철근및봉강","달러기준","2020=100","3.4","원자료","53.73","55.62","53.91","52.67","51.23","47.02","49.57","45.60","45.51","51.21","67.35","78.89","80.77","100.03","132.84","105.14","115.74","124.09","115.80","109.20","109.10","101.58","88.51","90.86","101.07","101.45","100.00","114.70","140.92","158.21","156.81","145.54"
"4.3.2.1. 수입물가지수(기본분류)","          형강","원화기준","2020=100","1.1","원자료","34.19","35.54","36.91","41.50","61.52","46.01","41.89","46.42","45.99","48.07","59.09","72.99","70.04","73.93","120.74","100.49","99.62","110.70","107.25","93.70","84.60","75.23","72.96","91.11","103.24","108.78","100.00","118.36","142.36","127.69","115.90","116.64"
"4.3.2.1. 수입물가지수(기본분류)","          형강","계약통화기준","2020=100","1.1","원자료","50.52","54.77","54.68","53.15","51.65","45.89","43.70","42.41","43.39","47.58","61.02","84.04","86.46","93.82","128.82","92.54","101.58","117.80","112.20","100.94","94.82","78.52","74.22","95.10","110.67","110.16","100.00","121.92","134.80","120.03","106.13","104.12"
"4.3.2.1. 수입물가지수(기본분류)","          형강","달러기준","2020=100","1.1","원자료","50.52","54.77","54.68","53.15","51.65","45.89","43.70","42.41","43.39","47.58","61.02","84.04","86.46","93.82","128.82","92.54","101.58","117.80","112.20","100.94","94.82","78.52","74.22","95.10","110.67","110.16","100.00","121.85","130.37","115.49","100.35","96.79"
"4.3.2.1. 수입물가지수(기본분류)","          중후판(두께3mm이상)","원화기준","2020=100","2.9","원자료","31.04","31.88","31.50","34.33","48.87","33.61","30.90","33.81","34.41","37.79","51.50","60.39","56.84","72.77","132.80","109.83","105.72","117.86","106.49","92.11","84.18","70.30","64.85","83.77","96.57","103.84","100.00","121.67","164.65","164.18","157.55","150.55"
"4.3.2.1. 수입물가지수(기본분류)","          중후판(두께3mm이상)","계약통화기준","2020=100","2.9","원자료","47.43","50.66","48.27","45.43","42.23","34.65","33.30","31.92","33.50","38.68","54.88","71.86","72.54","96.12","149.06","100.55","107.88","125.57","111.35","99.23","94.34","73.48","65.95","87.49","103.48","105.17","100.00","125.11","150.49","148.35","136.47","124.87"
"4.3.2.1. 수입물가지수(기본분류)","          중후판(두께3mm이상)","달러기준","2020=100","2.9","원자료","45.20","48.28","46.00","43.30","40.25","33.03","31.74","30.42","31.93","36.86","52.29","68.48","69.13","91.60","142.23","100.80","107.88","125.57","111.35","99.23","94.34","73.48","65.95","87.49","103.48","105.17","100.00","125.11","150.49","148.35","136.47","124.87"
"4.3.2.1. 수입물가지수(기본분류)","          열연강판","원화기준","2020=100","5.1","원자료","28.66","32.63","29.16","31.36","47.37","36.09","42.08","41.32","39.02","42.33","60.42","69.59","63.98","72.73","111.61","108.43","115.08","124.55","118.69","105.64","99.21","84.16","81.04","101.70","111.58","106.32","100.00","152.82","161.10","140.88","130.96","124.64"
"4.3.2.1. 수입물가지수(기본분류)","          열연강판","계약통화기준","2020=100","5.1","원자료","45.79","54.30","46.75","43.41","43.31","37.19","44.98","38.69","37.76","42.93","63.88","82.68","81.37","93.62","118.66","99.04","116.38","131.35","123.19","112.82","110.26","87.76","82.30","105.96","119.43","107.44","100.00","156.94","147.66","127.10","113.17","103.15"
"4.3.2.1. 수입물가지수(기본분류)","          열연강판","달러기준","2020=100","5.1","원자료","44.59","52.86","45.53","42.28","42.17","36.20","43.85","37.72","36.81","41.85","62.28","80.05","78.95","92.17","118.38","100.06","117.16","132.39","123.93","113.60","111.00","87.87","82.30","105.96","119.44","107.44","100.00","156.93","147.65","127.09","113.16","103.14"
"4.3.2.1. 수입물가지수(기본분류)","          철강관","원화기준","2020=100","2.4","원자료","43.28","48.67","48.02","48.64","50.97","38.73","36.54","47.75","45.66","40.50","58.89","75.60","75.70","82.55","113.28","108.72","103.51","115.04","119.20","110.95","104.93","99.13","86.73","89.28","98.91","101.23","100.00","113.59","158.11","159.82","162.69","155.34"
"4.3.2.1. 수입물가지수(기본분류)","          철강관","계약통화기준","2020=100","2.4","원자료","50.67","58.97","56.21","53.94","51.08","37.58","37.11","42.48","41.85","39.02","59.19","84.76","91.02","101.99","117.64","97.06","102.73","119.15","121.40","116.31","114.43","100.75","85.71","90.67","103.97","102.55","100.00","116.95","144.32","144.52","140.91","128.89"
"4.3.2.1. 수입물가지수(기본분류)","          철강관","달러기준","2020=100","2.4","원자료","50.67","58.97","56.21","53.94","51.08","37.58","37.11","42.48","41.85","39.02","59.19","84.76","91.02","101.99","117.64","97.06","102.73","119.15","121.40","116.31","114.43","100.75","85.71","90.67","103.97","102.55","100.00","116.95","144.32","144.52","140.91","128.89"
"4.3.2.1. 수입물가지수(기본분류)","        냉간압연강재","원화기준","2020=100","2.6","원자료","","","","","","","","","","","","74.44","69.21","70.84","120.88","118.40","102.15","104.80","98.81","86.13","80.18","88.71","92.58","93.09","94.89","98.80","100.00","101.19","146.26","139.19","132.52","126.56"
"4.3.2.1. 수입물가지수(기본분류)","        냉간압연강재","계약통화기준","2020=100","2.6","원자료","","","","","","","","","","","","85.78","85.53","89.96","127.25","107.95","104.19","111.65","103.45","92.84","89.90","92.56","94.11","97.16","101.82","100.06","100.00","104.26","133.71","125.89","114.78","104.99"
"4.3.2.1. 수입물가지수(기본분류)","        냉간압연강재","달러기준","2020=100","2.6","원자료","","","","","","","","","","","","85.78","85.53","89.96","127.25","107.95","104.19","111.65","103.45","92.84","89.90","92.56","94.11","97.16","101.82","100.06","100.00","104.26","133.71","125.89","114.78","104.99"
"4.3.2.1. 수입물가지수(기본분류)","          냉간압연강재","원화기준","2020=100","2.6","원자료","","","","","","","","","","","","74.44","69.21","70.84","120.88","118.40","102.15","104.80","98.81","86.13","80.18","88.71","92.58","93.09","94.89","98.80","100.00","101.19","146.26","139.19","132.52","126.56"
"4.3.2.1. 수입물가지수(기본분류)","          냉간압연강재","계약통화기준","2020=100","2.6","원자료","","","","","","","","","","","","85.78","85.53","89.96","127.25","107.95","104.19","111.65","103.45","92.84","89.90","92.56","94.11","97.16","101.82","100.06","100.00","104.26","133.71","125.89","114.78","104.99"
"4.3.2.1. 수입물가지수(기본분류)","          냉간압연강재","달러기준","2020=100","2.6","원자료","","","","","","","","","","","","85.78","85.53","89.96","127.25","107.95","104.19","111.65","103.45","92.84","89.90","92.56","94.11","97.16","101.82","100.06","100.00","104.26","133.71","125.89","114.78","104.99"
"4.3.2.1. 수입물가지수(기본분류)","        기타철강1차제품","원화기준","2020=100","2.8","원자료","51.15","54.76","59.39","65.60","93.87","72.98","68.89","74.97","71.26","69.66","69.50","67.53","60.19","58.27","78.60","104.88","94.31","106.05","112.26","96.33","92.06","92.35","88.63","96.90","96.69","98.38","100.00","117.51","149.43","145.88","135.08","126.45"
"4.3.2.1. 수입물가지수(기본분류)","        기타철강1차제품","계약통화기준","2020=100","2.8","원자료","72.25","80.67","84.14","80.33","75.17","69.59","68.69","65.46","64.21","65.88","68.37","74.29","70.99","70.66","79.68","91.99","92.96","107.96","114.15","100.23","99.61","96.44","90.06","101.05","103.63","99.54","100.00","120.93","136.56","131.77","116.86","104.77"
"4.3.2.1. 수입물가지수(기본분류)","        기타철강1차제품","달러기준","2020=100","2.8","원자료","75.58","84.38","88.01","84.03","78.63","72.80","71.85","68.47","67.16","68.92","71.52","77.72","74.26","73.91","83.34","96.62","96.18","112.76","117.38","103.74","103.10","96.32","89.99","101.04","103.62","99.53","100.00","120.93","136.55","131.76","116.85","104.76"
"4.3.2.1. 수입물가지수(기본분류)","          표면처리강재","원화기준","2020=100","2.8","원자료","51.15","54.76","59.39","65.60","93.87","72.98","68.89","74.97","71.26","69.66","69.50","67.53","60.19","58.27","78.60","104.88","94.31","106.05","112.26","96.33","92.06","92.35","88.63","96.90","96.69","98.38","100.00","117.51","149.43","145.88","135.08","126.45"
"4.3.2.1. 수입물가지수(기본분류)","          표면처리강재","계약통화기준","2020=100","2.8","원자료","72.25","80.67","84.14","80.33","75.17","69.59","68.69","65.46","64.21","65.88","68.37","74.29","70.99","70.66","79.68","91.99","92.96","107.96","114.15","100.23","99.61","96.44","90.06","101.05","103.63","99.54","100.00","120.93","136.56","131.77","116.86","104.77"
"4.3.2.1. 수입물가지수(기본분류)","          표면처리강재","달러기준","2020=100","2.8","원자료","75.58","84.38","88.01","84.03","78.63","72.80","71.85","68.47","67.16","68.92","71.52","77.72","74.26","73.91","83.34","96.62","96.18","112.76","117.38","103.74","103.10","96.32","89.99","101.04","103.62","99.53","100.00","120.93","136.55","131.76","116.85","104.76"
"4.3.2.1. 수입물가지수(기본분류)","      비철금속괴및1차제품","원화기준","2020=100","49.1","원자료","31.77","37.61","35.55","38.58","51.05","43.23","45.96","47.86","47.98","53.43","64.10","64.62","87.68","100.60","106.50","95.85","118.36","128.67","117.72","106.26","99.70","91.29","84.79","94.76","96.54","97.12","100.00","128.41","153.62","143.20","152.30","172.29"
"4.3.2.1. 수입물가지수(기본분류)","      비철금속괴및1차제품","계약통화기준","2020=100","49.1","원자료","48.47","59.64","54.46","51.63","44.51","43.52","48.20","44.25","45.82","53.33","66.31","74.77","109.27","128.68","117.48","89.32","120.73","136.96","123.08","114.32","111.58","95.29","86.07","98.73","103.43","98.18","100.00","132.13","140.90","129.50","131.77","142.88"
"4.3.2.1. 수입물가지수(기본분류)","      비철금속괴및1차제품","달러기준","2020=100","49.1","원자료","48.23","59.47","54.14","51.17","44.04","43.22","47.93","43.70","45.21","52.87","65.97","74.34","108.33","127.53","117.07","89.37","120.73","136.96","123.08","114.32","111.58","95.29","86.07","98.73","103.43","98.18","100.00","132.03","140.62","129.24","131.49","142.59"
"4.3.2.1. 수입물가지수(기본분류)","        비철금속괴","원화기준","2020=100","37.6","원자료","28.33","33.39","31.79","34.12","44.64","38.19","40.61","42.13","43.11","48.84","59.11","59.95","83.21","97.38","100.41","89.35","112.16","123.48","113.11","101.50","95.59","85.75","80.46","94.42","96.86","95.81","100.00","135.64","154.37","139.49","151.26","174.88"
"4.3.2.1. 수입물가지수(기본분류)","        비철금속괴","계약통화기준","2020=100","37.6","원자료","43.13","52.96","48.57","45.34","38.31","38.05","42.19","38.32","40.47","48.14","60.60","68.69","102.40","122.96","110.53","83.30","114.24","131.27","118.16","109.11","106.89","89.48","81.61","98.31","103.72","96.78","100.00","139.39","141.44","125.82","130.50","144.62"
"4.3.2.1. 수입물가지수(기본분류)","        비철금속괴","달러기준","2020=100","37.6","원자료","43.24","53.08","48.69","45.44","38.40","38.14","42.29","38.41","40.57","48.26","60.74","68.85","102.64","123.25","110.66","83.25","114.24","131.27","118.16","109.11","106.89","89.48","81.61","98.31","103.72","96.78","100.00","139.39","141.44","125.82","130.50","144.62"
"4.3.2.1. 수입물가지수(기본분류)","          동제련,정련및합금제품","원화기준","2020=100","13.7","원자료","26.48","32.90","27.46","30.77","34.87","27.18","29.97","30.35","28.49","30.30","45.46","53.83","88.95","93.77","106.87","91.82","121.38","136.37","124.93","110.49","98.87","85.54","77.32","95.97","98.72","96.50","100.00","148.46","158.68","154.81","174.36","197.73"
"4.3.2.1. 수입물가지수(기본분류)","          동제련,정련및합금제품","계약통화기준","2020=100","13.7","원자료","39.05","50.52","40.68","39.89","29.15","27.04","31.16","27.64","26.74","29.89","46.68","61.70","109.59","118.62","117.96","85.80","123.53","144.83","130.36","118.67","110.42","89.11","78.30","99.83","105.61","97.41","100.00","152.40","145.22","139.45","150.27","163.33"
"4.3.2.1. 수입물가지수(기본분류)","          동제련,정련및합금제품","달러기준","2020=100","13.7","원자료","39.05","50.52","40.70","39.89","29.15","27.04","31.16","27.64","26.74","29.89","46.68","61.70","109.59","118.62","117.96","85.80","123.53","144.83","130.36","118.67","110.42","89.11","78.30","99.83","105.61","97.41","100.00","152.40","145.22","139.45","150.27","163.33"
"4.3.2.1. 수입물가지수(기본분류)","          알루미늄제련,정련및합금제품","원화기준","2020=100","12.6","원자료","45.38","54.76","47.09","57.89","87.54","78.77","85.87","91.25","82.94","84.70","96.35","94.32","116.44","116.17","132.66","107.23","128.43","136.31","121.26","112.30","113.22","109.96","100.94","116.74","117.43","103.54","100.00","141.20","171.17","153.99","176.18","199.51"
"4.3.2.1. 수입물가지수(기본분류)","          알루미늄제련,정련및합금제품","계약통화기준","2020=100","12.6","원자료","76.68","96.28","79.75","84.79","76.85","78.53","89.43","83.24","77.97","83.69","99.05","108.38","143.56","147.10","145.21","99.85","130.88","144.99","126.71","120.72","126.57","114.82","102.38","121.55","125.73","104.63","100.00","144.87","156.92","138.80","151.90","164.96"
"4.3.2.1. 수입물가지수(기본분류)","          알루미늄제련,정련및합금제품","달러기준","2020=100","12.6","원자료","76.68","96.28","79.75","84.79","76.85","78.53","89.43","83.24","77.97","83.69","99.05","108.38","143.56","147.10","145.21","99.85","130.88","144.99","126.71","120.72","126.57","114.82","102.38","121.55","125.73","104.63","100.00","144.87","156.92","138.80","151.90","164.96"
"4.3.2.1. 수입물가지수(기본분류)","          연및아연제련,정련및합금제품","원화기준","2020=100","0.9","원자료","41.70","47.17","56.16","62.23","68.96","56.54","54.44","49.47","41.87","46.68","54.68","64.13","103.98","147.13","116.28","100.71","111.74","113.02","102.46","105.35","103.00","95.97","97.71","121.45","117.10","110.07","100.00","118.52","137.70","132.33","134.49","137.40"
"4.3.2.1. 수입물가지수(기본분류)","          연및아연제련,정련및합금제품","계약통화기준","2020=100","0.9","원자료","51.46","60.34","69.13","66.49","54.62","53.00","52.81","42.03","36.64","42.98","52.34","68.59","119.57","173.60","123.76","94.66","113.99","120.26","107.16","113.34","115.27","100.14","99.18","126.56","125.64","111.28","100.00","121.82","126.04","119.40","116.14","113.72"
"4.3.2.1. 수입물가지수(기본분류)","          연및아연제련,정련및합금제품","달러기준","2020=100","0.9","원자료","55.29","64.84","74.28","71.44","58.69","56.95","56.75","45.16","39.37","46.18","56.24","73.71","128.49","186.54","129.14","94.03","113.99","120.26","107.16","113.34","115.27","100.14","99.18","126.56","125.64","111.28","100.00","121.82","126.04","119.40","116.14","113.72"
"4.3.2.1. 수입물가지수(기본분류)","          금은괴","원화기준","2020=100","7.1","원자료","15.49","14.83","15.52","15.43","20.81","17.87","17.87","19.89","21.89","24.81","27.01","26.26","32.93","36.41","52.19","61.64","72.66","81.92","81.03","69.94","63.62","57.62","56.71","60.07","63.80","76.40","100.00","107.19","110.56","84.92","80.51","111.27"
"4.3.2.1. 수입물가지수(기본분류)","          금은괴","계약통화기준","2020=100","7.1","원자료","23.12","23.06","23.22","20.07","17.91","17.87","18.64","18.16","20.65","24.56","27.80","30.21","40.65","46.19","56.96","57.19","74.08","87.15","84.80","75.28","71.29","60.22","57.66","62.65","68.39","77.19","100.00","110.66","101.21","76.79","69.59","92.18"
"4.3.2.1. 수입물가지수(기본분류)","          금은괴","달러기준","2020=100","7.1","원자료","23.12","23.06","23.22","20.07","17.91","17.87","18.64","18.16","20.65","24.56","27.80","30.21","40.65","46.19","56.96","57.19","74.08","87.15","84.80","75.28","71.29","60.22","57.66","62.65","68.39","77.19","100.00","110.66","101.21","76.79","69.59","92.18"
"4.3.2.1. 수입물가지수(기본분류)","          기타비철금속제련,정련및합금제품","원화기준","2020=100","3.3","원자료","27.94","35.22","34.32","35.75","41.64","39.23","52.34","42.95","47.25","66.98","94.31","87.83","116.35","170.49","126.39","99.42","131.86","142.90","113.85","103.16","102.91","80.61","80.71","88.55","97.05","106.05","100.00","144.27","186.56","161.18","154.82","162.84"
"4.3.2.1. 수입물가지수(기본분류)","          기타비철금속제련,정련및합금제품","계약통화기준","2020=100","3.3","원자료","41.27","54.13","50.84","46.20","35.68","39.13","54.58","39.19","44.55","66.25","96.87","101.07","143.83","215.85","140.94","92.82","134.42","152.08","118.99","110.99","115.26","84.19","81.99","92.20","103.94","107.17","100.00","148.14","171.47","145.60","133.69","134.76"
"4.3.2.1. 수입물가지수(기본분류)","          기타비철금속제련,정련및합금제품","달러기준","2020=100","3.3","원자료","41.27","54.13","50.84","46.20","35.68","39.13","54.58","39.19","44.55","66.25","96.87","101.07","143.83","215.85","140.94","92.82","134.42","152.08","118.99","110.99","115.26","84.19","81.99","92.20","103.94","107.17","100.00","148.14","171.47","145.60","133.69","134.76"
"4.3.2.1. 수입물가지수(기본분류)","        비철금속1차제품","원화기준","2020=100","11.5","원자료","49.37","60.08","55.13","62.50","86.29","70.41","74.69","79.28","71.46","72.00","81.70","79.14","96.94","100.50","121.36","114.98","131.74","135.61","123.14","113.91","105.75","102.39","94.09","93.27","93.37","99.18","100.00","113.98","155.83","156.43","158.95","168.64"
"4.3.2.1. 수입물가지수(기본분류)","        비철금속1차제품","계약통화기준","2020=100","11.5","원자료","76.83","95.89","86.10","86.53","80.03","74.17","81.79","78.99","74.20","76.44","87.97","95.70","127.92","136.68","134.95","106.99","134.87","144.77","128.83","122.69","118.49","106.89","95.61","97.27","100.09","100.38","100.00","117.69","143.27","142.38","138.47","140.81"
"4.3.2.1. 수입물가지수(기본분류)","        비철금속1차제품","달러기준","2020=100","11.5","원자료","73.39","92.89","82.11","81.47","74.97","70.52","78.21","72.69","67.58","71.52","84.41","91.42","120.19","127.95","131.39","107.24","134.87","144.77","128.83","122.69","118.49","106.89","95.61","97.27","100.09","100.38","100.00","117.37","142.28","141.38","137.50","139.84"
"4.3.2.1. 수입물가지수(기본분류)","          동1차제품","원화기준","2020=100","2.3","원자료","36.02","42.94","38.96","43.26","55.62","45.19","44.19","46.10","42.95","44.09","52.90","52.31","65.97","68.53","85.09","94.82","113.40","118.24","113.28","105.87","97.04","96.69","94.80","101.55","98.75","99.75","100.00","107.83","124.26","126.91","134.47","150.69"
"4.3.2.1. 수입물가지수(기본분류)","          동1차제품","계약통화기준","2020=100","2.3","원자료","56.56","68.40","62.59","63.34","58.14","49.76","50.15","49.90","48.90","49.67","58.68","65.47","92.05","98.96","95.62","87.66","115.72","125.89","118.55","114.02","108.71","100.89","96.33","105.90","105.89","100.98","100.00","111.13","113.45","114.63","116.29","124.90"
"4.3.2.1. 수입물가지수(기본분류)","          동1차제품","달러기준","2020=100","2.3","원자료","53.27","65.98","57.73","56.14","50.44","45.08","46.13","42.15","40.54","43.66","54.48","60.24","81.58","87.01","91.76","88.38","115.72","125.89","118.55","114.02","108.71","100.89","96.33","105.90","105.89","100.98","100.00","111.13","113.45","114.63","116.29","124.90"
"4.3.2.1. 수입물가지수(기본분류)","          알루미늄1차제품","원화기준","2020=100","4.2","원자료","52.67","67.76","62.51","71.54","101.84","83.23","91.10","97.65","86.36","86.06","94.23","90.00","107.80","111.57","131.73","106.46","115.86","120.31","122.31","102.93","96.00","98.18","92.56","101.01","103.53","102.35","100.00","117.93","146.55","130.94","145.21","165.41"
"4.3.2.1. 수입물가지수(기본분류)","          알루미늄1차제품","계약통화기준","2020=100","4.2","원자료","77.77","104.24","92.76","92.89","86.23","82.89","94.82","89.98","82.30","85.56","96.81","103.53","133.03","141.41","142.11","98.59","118.10","128.04","127.97","110.80","107.50","102.58","94.04","105.34","110.97","103.57","100.00","122.35","137.22","121.06","128.41","140.22"
"4.3.2.1. 수입물가지수(기본분류)","          알루미늄1차제품","달러기준","2020=100","4.2","원자료","77.90","104.41","92.74","92.88","86.37","83.03","94.98","89.14","81.25","85.10","96.93","103.53","133.03","141.41","142.11","98.59","118.10","128.04","127.97","110.80","107.50","102.58","94.04","105.34","110.97","103.57","100.00","121.30","134.23","118.29","125.46","137.01"
"4.3.2.1. 수입물가지수(기본분류)","          기타비철금속1차제품","원화기준","2020=100","5","원자료","","","","","","","","","","","","","","","","","162.27","164.07","131.71","128.57","120.23","111.04","95.38","83.09","82.86","96.34","100.00","115.53","179.73","190.58","182.80","180.06"
"4.3.2.1. 수입물가지수(기본분류)","          기타비철금속1차제품","계약통화기준","2020=100","5","원자료","","","","","","","","","","","","","","","","","167.09","175.99","137.73","138.49","134.74","115.89","96.88","86.63","88.80","97.49","100.00","118.97","163.76","172.27","158.19","149.37"
"4.3.2.1. 수입물가지수(기본분류)","          기타비철금속1차제품","달러기준","2020=100","5","원자료","","","","","","","","","","","","","","","","","167.09","175.99","137.73","138.49","134.74","115.89","96.88","86.63","88.80","97.49","100.00","118.97","163.76","172.27","158.19","149.37"
"4.3.2.1. 수입물가지수(기본분류)","    금속가공제품","원화기준","2020=100","9.1","원자료","44.11","42.50","44.58","47.92","67.46","62.65","61.86","65.63","62.79","63.11","65.57","59.79","53.37","54.63","73.12","91.98","88.24","94.05","98.01","90.98","84.64","88.20","95.05","92.64","93.69","99.98","100.00","99.80","118.45","113.13","113.59","116.84"
"4.3.2.1. 수입물가지수(기본분류)","    금속가공제품","계약통화기준","2020=100","9.1","원자료","79.55","79.56","81.33","78.77","75.93","78.30","78.89","79.32","80.61","79.84","81.68","83.60","83.54","88.63","89.73","90.52","90.90","92.84","94.20","95.09","94.02","94.44","96.96","97.62","101.19","101.69","100.00","103.42","112.15","106.86","103.54","101.94"
"4.3.2.1. 수입물가지수(기본분류)","    금속가공제품","달러기준","2020=100","9.1","원자료","65.82","65.81","66.52","61.99","59.38","62.87","64.47","59.87","59.13","62.37","67.37","68.59","65.63","69.06","77.65","84.66","89.64","99.68","102.70","98.11","94.95","92.09","96.71","96.74","100.54","101.28","100.00","102.92","108.30","102.30","98.34","96.96"
"4.3.2.1. 수입물가지수(기본분류)","      금속가공제품","원화기준","2020=100","9.1","원자료","44.11","42.50","44.58","47.92","67.46","62.65","61.86","65.63","62.79","63.11","65.57","59.79","53.37","54.63","73.12","91.98","88.24","94.05","98.01","90.98","84.64","88.20","95.05","92.64","93.69","99.98","100.00","99.80","118.45","113.13","113.59","116.84"
"4.3.2.1. 수입물가지수(기본분류)","      금속가공제품","계약통화기준","2020=100","9.1","원자료","79.55","79.56","81.33","78.77","75.93","78.30","78.89","79.32","80.61","79.84","81.68","83.60","83.54","88.63","89.73","90.52","90.90","92.84","94.20","95.09","94.02","94.44","96.96","97.62","101.19","101.69","100.00","103.42","112.15","106.86","103.54","101.94"
"4.3.2.1. 수입물가지수(기본분류)","      금속가공제품","달러기준","2020=100","9.1","원자료","65.82","65.81","66.52","61.99","59.38","62.87","64.47","59.87","59.13","62.37","67.37","68.59","65.63","69.06","77.65","84.66","89.64","99.68","102.70","98.11","94.95","92.09","96.71","96.74","100.54","101.28","100.00","102.92","108.30","102.30","98.34","96.96"
"4.3.2.1. 수입물가지수(기본분류)","        기타금속가공제품","원화기준","2020=100","9.1","원자료","","59.14","60.84","61.41","79.08","70.79","65.12","66.30","63.43","65.30","67.24","59.14","51.48","52.07","70.73","89.51","86.31","92.97","97.34","90.88","84.29","87.72","94.50","92.26","93.69","99.98","100.00","99.80","118.45","113.12","113.58","116.83"
"4.3.2.1. 수입물가지수(기본분류)","        기타금속가공제품","계약통화기준","2020=100","9.1","원자료","","101.22","102.74","96.99","86.95","85.12","85.50","85.50","86.98","86.98","86.98","86.98","85.90","90.32","90.32","90.32","90.32","92.19","93.75","94.93","93.52","93.84","96.52","97.25","101.19","101.70","100.00","103.43","112.14","106.87","103.55","101.95"
"4.3.2.1. 수입물가지수(기본분류)","        기타금속가공제품","달러기준","2020=100","9.1","원자료","","90.82","89.87","78.56","68.99","70.39","67.67","60.29","59.57","64.33","68.85","67.78","63.24","65.74","74.97","82.31","87.59","98.43","101.98","97.98","94.54","91.57","96.14","96.33","100.53","101.27","100.00","102.91","108.30","102.30","98.34","96.96"
"4.3.2.1. 수입물가지수(기본분류)","          공구류","원화기준","2020=100","3.2","원자료","","62.41","64.20","64.81","83.45","74.70","68.71","69.97","66.93","68.91","70.95","62.41","54.33","54.94","74.64","94.46","91.08","98.11","102.18","89.91","82.59","83.98","93.71","90.92","91.96","98.13","100.00","98.14","105.79","101.71","102.93","107.56"
"4.3.2.1. 수입물가지수(기본분류)","          공구류","계약통화기준","2020=100","3.2","원자료","","99.38","100.88","95.23","85.37","83.59","83.96","83.96","85.41","85.41","85.41","85.41","84.34","88.69","88.69","88.69","88.69","90.52","92.13","92.23","91.76","92.90","96.08","97.00","100.13","100.25","100.00","102.46","106.01","103.15","102.09","101.87"
"4.3.2.1. 수입물가지수(기본분류)","          공구류","달러기준","2020=100","3.2","원자료","","95.78","94.78","82.85","72.76","74.24","71.37","63.58","62.83","67.85","72.62","71.48","66.70","69.34","79.07","86.82","92.38","103.81","106.98","96.88","92.62","87.62","95.32","94.89","98.64","99.34","100.00","101.20","96.83","91.93","89.07","89.21"
"4.3.2.1. 수입물가지수(기본분류)","          나사및철선제품","원화기준","2020=100","5.9","원자료","","","","","","","","","","","","","","","","","","","90.62","90.39","84.62","90.61","95.35","93.44","95.17","101.58","100.00","100.94","127.46","121.21","121.12","123.47"
"4.3.2.1. 수입물가지수(기본분류)","          나사및철선제품","계약통화기준","2020=100","5.9","원자료","","","","","","","","","","","","","","","","","","","95.01","97.52","94.94","94.64","97.03","97.60","102.16","102.94","100.00","104.11","116.49","109.64","104.91","102.48"
"4.3.2.1. 수입물가지수(기본분류)","          나사및철선제품","달러기준","2020=100","5.9","원자료","","","","","","","","","","","","","","","","","","","95.01","97.52","94.94","94.64","97.03","97.60","102.16","102.94","100.00","104.11","116.49","109.64","104.91","102.48"
"4.3.2.1. 수입물가지수(기본분류)","    컴퓨터,전자및광학기기","원화기준","2020=100","164.7","원자료","312.05","308.63","300.91","320.12","421.21","340.99","313.45","314.32","262.01","238.18","226.55","187.38","154.22","138.49","150.63","161.03","140.39","129.15","123.90","116.22","108.30","111.94","112.27","108.01","102.12","101.86","100.00","99.53","105.52","101.65","110.22","110.17"
"4.3.2.1. 수입물가지수(기본분류)","    컴퓨터,전자및광학기기","계약통화기준","2020=100","164.7","원자료","437.53","436.14","418.57","400.04","374.15","335.41","324.52","292.47","252.11","235.47","228.55","212.41","189.56","174.64","159.32","145.41","138.78","131.70","125.06","122.44","119.30","116.92","113.64","112.20","108.79","103.32","100.00","102.26","98.32","93.78","97.99","94.12"
"4.3.2.1. 수입물가지수(기본분류)","    컴퓨터,전자및광학기기","달러기준","2020=100","164.7","원자료","445.95","457.78","429.69","400.89","370.57","337.75","326.70","286.90","246.44","235.48","232.76","215.56","190.08","175.48","161.88","148.40","143.00","137.26","129.58","125.10","121.26","116.69","114.00","112.56","109.48","103.22","100.00","102.69","96.57","91.90","95.42","91.38"
"4.3.2.1. 수입물가지수(기본분류)","      반도체","원화기준","2020=100","64.2","원자료","738.88","728.42","688.39","722.40","879.03","638.09","610.89","591.08","447.01","391.29","366.39","287.95","224.55","192.41","199.57","209.78","181.24","160.63","147.55","139.21","126.17","131.15","132.11","128.07","121.19","106.26","100.00","95.96","101.91","92.01","111.77","107.74"
"4.3.2.1. 수입물가지수(기본분류)","      반도체","계약통화기준","2020=100","64.2","원자료","996.12","1,013.23","937.80","877.71","774.08","639.10","640.65","559.64","437.66","392.99","375.15","332.66","281.98","248.36","216.41","193.83","184.35","170.26","154.41","150.08","141.52","137.07","134.45","133.78","130.19","107.84","100.00","99.07","93.60","83.59","97.36","89.86"
"4.3.2.1. 수입물가지수(기본분류)","      반도체","달러기준","2020=100","64.2","원자료","1,007.36","1,028.77","936.72","871.96","763.63","635.72","638.27","540.94","421.27","387.74","377.28","332.06","277.34","244.32","214.72","193.61","185.00","171.19","154.66","150.15","141.56","136.99","134.45","133.77","130.20","107.83","100.00","99.06","93.38","83.27","96.86","89.42"
"4.3.2.1. 수입물가지수(기본분류)","        반도체","원화기준","2020=100","64.2","원자료","738.88","728.42","688.39","722.40","879.03","638.09","610.89","591.08","447.01","391.29","366.39","287.95","224.55","192.41","199.57","209.78","181.24","160.63","147.55","139.21","126.17","131.15","132.11","128.07","121.19","106.26","100.00","95.96","101.91","92.01","111.77","107.74"
"4.3.2.1. 수입물가지수(기본분류)","        반도체","계약통화기준","2020=100","64.2","원자료","996.12","1,013.23","937.80","877.71","774.08","639.10","640.65","559.64","437.66","392.99","375.15","332.66","281.98","248.36","216.41","193.83","184.35","170.26","154.41","150.08","141.52","137.07","134.45","133.78","130.19","107.84","100.00","99.07","93.60","83.59","97.36","89.86"
"4.3.2.1. 수입물가지수(기본분류)","        반도체","달러기준","2020=100","64.2","원자료","1,007.36","1,028.77","936.72","871.96","763.63","635.72","638.27","540.94","421.27","387.74","377.28","332.06","277.34","244.32","214.72","193.61","185.00","171.19","154.66","150.15","141.56","136.99","134.45","133.77","130.20","107.83","100.00","99.06","93.38","83.27","96.86","89.42"
"4.3.2.1. 수입물가지수(기본분류)","          개별소자","원화기준","2020=100","12.8","원자료","231.86","233.63","226.46","236.31","332.04","272.21","247.62","256.86","226.11","221.77","211.72","179.97","157.46","155.03","176.02","187.09","168.63","152.46","125.19","112.44","103.94","108.07","108.82","100.64","96.82","99.19","100.00","97.07","109.22","111.55","117.29","122.67"
"4.3.2.1. 수입물가지수(기본분류)","          개별소자","계약통화기준","2020=100","12.8","원자료","370.29","379.47","374.93","347.92","330.89","304.65","290.61","275.61","249.99","240.43","229.14","218.88","207.07","208.46","193.33","171.81","167.86","156.04","129.54","120.84","116.41","113.26","110.78","105.18","103.90","100.53","100.00","100.24","100.96","102.49","103.79","103.90"
"4.3.2.1. 수입물가지수(기본분류)","          개별소자","달러기준","2020=100","12.8","원자료","345.64","358.98","334.93","304.59","284.51","271.35","258.58","234.90","213.33","219.68","218.00","207.43","194.50","196.86","189.20","172.83","172.10","162.43","131.04","121.19","116.52","112.77","110.64","105.01","103.88","100.47","100.00","100.15","99.85","100.84","101.54","101.80"
"4.3.2.1. 수입물가지수(기본분류)","          집적회로","원화기준","2020=100","51.4","원자료","994.12","969.95","907.80","954.76","1,092.39","744.37","732.90","700.68","514.31","438.54","408.64","314.52","241.03","201.57","205.31","215.32","184.30","162.99","152.20","144.67","130.71","135.82","136.80","134.13","126.62","107.82","100.00","95.67","99.94","86.60","110.50","103.77"
"4.3.2.1. 수입물가지수(기본분류)","          집적회로","계약통화기준","2020=100","51.4","원자료","1,265.86","1,283.02","1,157.39","1,087.03","928.13","726.36","746.88","643.20","488.37","431.75","412.30","358.95","299.27","257.55","221.71","198.89","188.13","173.71","159.57","156.06","146.65","141.89","139.23","140.11","136.07","109.46","100.00","98.77","91.62","78.39","95.78","86.12"
"4.3.2.1. 수입물가지수(기본분류)","          집적회로","달러기준","2020=100","51.4","원자료","1,297.07","1,313.82","1,185.17","1,113.12","950.42","743.80","765.81","641.33","484.58","434.58","420.79","362.73","297.71","255.96","220.95","198.67","188.13","173.71","159.57","156.06","146.65","141.89","139.23","140.11","136.07","109.46","100.00","98.77","91.62","78.39","95.78","86.12"
"4.3.2.1. 수입물가지수(기본분류)","      전자표시장치","원화기준","2020=100","6.5","원자료","298.74","290.36","299.75","338.32","487.23","395.03","356.92","353.03","300.58","276.76","270.97","223.23","213.37","202.71","227.92","202.67","172.36","142.93","134.35","117.11","109.25","107.54","100.28","98.51","83.46","93.93","100.00","136.14","86.07","76.77","80.25","86.48"
"4.3.2.1. 수입물가지수(기본분류)","      전자표시장치","계약통화기준","2020=100","6.5","원자료","407.35","412.26","409.13","399.56","376.54","363.04","343.24","311.64","276.98","260.99","259.04","240.56","258.00","253.10","233.12","172.03","159.63","135.71","125.12","117.41","116.60","110.68","100.20","101.00","88.33","94.80","100.00","140.14","79.05","69.11","69.18","71.49"
"4.3.2.1. 수입물가지수(기본분류)","      전자표시장치","달러기준","2020=100","6.5","원자료","436.37","441.55","438.20","427.94","403.30","388.84","367.62","318.40","279.58","270.32","275.11","253.66","259.86","253.86","244.37","184.30","173.39","149.78","138.27","124.09","120.43","110.45","100.23","101.01","88.33","94.80","100.00","140.14","79.06","69.11","69.18","71.49"
"4.3.2.1. 수입물가지수(기본분류)","        전자표시장치","원화기준","2020=100","6.5","원자료","298.74","290.36","299.75","338.32","487.23","395.03","356.92","353.03","300.58","276.76","270.97","223.23","213.37","202.71","227.92","202.67","172.36","142.93","134.35","117.11","109.25","107.54","100.28","98.51","83.46","93.93","100.00","136.14","86.07","76.77","80.25","86.48"
"4.3.2.1. 수입물가지수(기본분류)","        전자표시장치","계약통화기준","2020=100","6.5","원자료","407.35","412.26","409.13","399.56","376.54","363.04","343.24","311.64","276.98","260.99","259.04","240.56","258.00","253.10","233.12","172.03","159.63","135.71","125.12","117.41","116.60","110.68","100.20","101.00","88.33","94.80","100.00","140.14","79.05","69.11","69.18","71.49"
"4.3.2.1. 수입물가지수(기본분류)","        전자표시장치","달러기준","2020=100","6.5","원자료","436.37","441.55","438.20","427.94","403.30","388.84","367.62","318.40","279.58","270.32","275.11","253.66","259.86","253.86","244.37","184.30","173.39","149.78","138.27","124.09","120.43","110.45","100.23","101.01","88.33","94.80","100.00","140.14","79.06","69.11","69.18","71.49"
"4.3.2.1. 수입물가지수(기본분류)","          LCD평판디스플레이","원화기준","2020=100","6.5","원자료","","","","","","","301.18","292.90","275.74","278.15","269.15","223.23","213.37","202.71","227.92","202.67","172.36","142.93","134.35","117.11","109.25","107.54","100.28","98.51","83.46","93.93","100.00","136.14","86.07","76.77","80.25","86.48"
"4.3.2.1. 수입물가지수(기본분류)","          LCD평판디스플레이","계약통화기준","2020=100","6.5","원자료","","","","","","","284.20","273.46","270.25","267.79","254.92","240.56","258.00","253.10","233.12","172.03","159.63","135.71","125.12","117.41","116.60","110.68","100.20","101.00","88.33","94.80","100.00","140.14","79.05","69.11","69.18","71.49"
"4.3.2.1. 수입물가지수(기본분류)","          LCD평판디스플레이","달러기준","2020=100","6.5","원자료","","","","","","","310.23","264.10","256.77","271.71","273.04","253.66","259.86","253.86","244.37","184.30","173.39","149.78","138.27","124.09","120.43","110.45","100.23","101.01","88.33","94.80","100.00","140.14","79.06","69.11","69.18","71.49"
"4.3.2.1. 수입물가지수(기본분류)","      기타전자부품","원화기준","2020=100","10.7","원자료","228.71","225.96","217.30","230.79","328.04","243.39","230.04","245.47","220.52","205.19","195.82","169.77","147.40","132.86","147.79","160.89","150.01","129.01","120.57","114.34","104.30","106.46","102.97","96.79","94.50","99.10","100.00","103.21","115.72","114.58","116.09","123.99"
"4.3.2.1. 수입물가지수(기본분류)","      기타전자부품","계약통화기준","2020=100","10.7","원자료","332.72","334.28","314.91","291.70","272.94","237.03","231.85","223.47","209.98","203.15","199.21","195.67","186.66","173.07","159.86","147.56","150.43","134.61","123.67","121.34","115.73","111.66","104.83","101.20","101.47","100.45","100.00","106.62","107.78","106.16","103.71","106.23"
"4.3.2.1. 수입물가지수(기본분류)","      기타전자부품","달러기준","2020=100","10.7","원자료","341.01","350.70","324.75","298.04","274.61","243.00","240.40","224.63","208.09","203.39","201.75","195.81","182.20","168.80","159.50","148.89","153.20","137.45","126.27","123.19","116.92","111.12","104.66","100.97","101.35","100.35","100.00","106.43","105.79","103.58","100.48","102.86"
"4.3.2.1. 수입물가지수(기본분류)","        인쇄회로기판","원화기준","2020=100","4.9","원자료","510.78","463.39","413.29","426.26","557.18","332.16","291.87","298.81","238.24","216.63","207.91","174.41","146.50","129.90","136.87","148.44","142.93","132.22","127.03","114.21","102.60","105.68","101.62","94.28","92.24","97.55","100.00","97.93","109.86","107.20","110.88","125.67"
"4.3.2.1. 수입물가지수(기본분류)","        인쇄회로기판","계약통화기준","2020=100","4.9","원자료","733.02","693.02","594.86","530.10","450.29","321.95","299.34","276.00","229.64","214.86","210.72","200.49","185.48","168.95","148.35","138.05","145.95","140.88","133.03","123.09","115.04","110.34","103.32","98.38","98.97","98.80","100.00","101.04","100.43","96.95","95.99","104.27"
"4.3.2.1. 수입물가지수(기본분류)","        인쇄회로기판","달러기준","2020=100","4.9","원자료","755.00","713.79","612.69","546.01","463.38","331.60","304.98","273.37","224.67","214.66","214.16","201.15","181.05","165.01","147.92","137.49","145.95","140.88","133.03","123.09","115.04","110.34","103.32","98.38","98.97","98.80","100.00","101.04","100.43","96.95","95.99","104.27"
"4.3.2.1. 수입물가지수(기본분류)","          인쇄회로기판및실장기판","원화기준","2020=100","4.9","원자료","510.78","463.39","413.29","426.26","557.18","332.16","291.87","298.81","238.24","216.63","207.91","174.41","146.50","129.90","136.87","148.44","142.93","132.22","127.03","114.21","102.60","105.68","101.62","94.28","92.24","97.55","100.00","97.93","109.86","107.20","110.88","125.67"
"4.3.2.1. 수입물가지수(기본분류)","          인쇄회로기판및실장기판","계약통화기준","2020=100","4.9","원자료","733.02","693.02","594.86","530.10","450.29","321.95","299.34","276.00","229.64","214.86","210.72","200.49","185.48","168.95","148.35","138.05","145.95","140.88","133.03","123.09","115.04","110.34","103.32","98.38","98.97","98.80","100.00","101.04","100.43","96.95","95.99","104.27"
"4.3.2.1. 수입물가지수(기본분류)","          인쇄회로기판및실장기판","달러기준","2020=100","4.9","원자료","755.00","713.79","612.69","546.01","463.38","331.60","304.98","273.37","224.67","214.66","214.16","201.15","181.05","165.01","147.92","137.49","145.95","140.88","133.03","123.09","115.04","110.34","103.32","98.38","98.97","98.80","100.00","101.04","100.43","96.95","95.99","104.27"
"4.3.2.1. 수입물가지수(기본분류)","        기타전자부품","원화기준","2020=100","5.8","원자료","193.83","194.61","188.75","201.09","288.21","217.83","206.97","223.48","207.06","193.72","184.62","161.28","145.32","133.30","156.47","170.97","154.52","126.69","115.91","113.96","105.12","106.27","103.44","98.03","95.78","100.01","100.00","106.14","118.91","118.73","118.87","121.95"
"4.3.2.1. 수입물가지수(기본분류)","        기타전자부품","계약통화기준","2020=100","5.8","원자료","282.93","288.11","274.23","255.04","240.85","212.54","208.65","203.66","197.45","192.52","188.78","186.76","184.41","174.28","169.31","155.08","152.45","129.77","116.70","119.10","115.37","111.86","105.34","102.64","102.94","101.44","100.00","109.67","111.81","111.40","108.01","106.28"
"4.3.2.1. 수입물가지수(기본분류)","        기타전자부품","달러기준","2020=100","5.8","원자료","288.91","302.28","282.31","259.90","241.43","217.54","216.36","204.57","195.46","192.08","190.27","186.07","179.72","169.43","168.68","158.11","157.86","135.01","121.42","122.78","117.84","110.91","105.13","102.27","102.73","101.27","100.00","109.43","108.69","107.30","102.86","101.14"
"4.3.2.1. 수입물가지수(기본분류)","          축전기,저항기,전자코일및변성기","원화기준","2020=100","3.8","원자료","175.10","175.81","178.70","195.84","283.09","240.54","243.57","263.20","244.12","227.02","214.62","185.72","167.34","153.51","180.19","196.88","177.94","158.12","145.17","130.85","114.81","111.02","106.62","103.50","93.51","100.00","100.00","99.11","111.47","117.09","117.64","121.36"
"4.3.2.1. 수입물가지수(기본분류)","          축전기,저항기,전자코일및변성기","계약통화기준","2020=100","3.8","원자료","249.70","254.31","254.73","245.31","234.89","231.16","239.45","234.78","228.65","221.20","214.54","210.85","208.20","196.77","191.16","175.08","172.12","158.04","142.62","134.81","125.14","118.60","108.66","108.95","100.87","101.61","100.00","102.86","105.92","111.56","108.91","107.45"
"4.3.2.1. 수입물가지수(기본분류)","          축전기,저항기,전자코일및변성기","달러기준","2020=100","3.8","원자료","258.77","270.84","265.15","251.15","237.63","240.00","254.26","240.60","230.14","224.79","220.88","213.99","206.68","194.84","193.98","181.83","181.55","168.37","152.00","140.97","128.75","115.93","108.40","107.97","100.26","101.25","100.00","102.25","101.79","105.84","101.85","100.70"
"4.3.2.1. 수입물가지수(기본분류)","          기타전자부품","원화기준","2020=100","2","원자료","","","","","","","","","","","","","","","","","130.81","98.64","90.76","97.69","95.25","101.46","99.14","92.97","97.85","100.00","100.00","118.87","132.33","121.23","120.53","122.44"
"4.3.2.1. 수입물가지수(기본분류)","          기타전자부품","계약통화기준","2020=100","2","원자료","","","","","","","","","","","","","","","","","133.50","104.96","94.92","105.03","106.49","105.63","100.52","96.77","104.73","101.20","100.00","122.09","122.49","110.96","106.18","104.00"
"4.3.2.1. 수입물가지수(기본분류)","          기타전자부품","달러기준","2020=100","2","원자료","","","","","","","","","","","","","","","","","133.83","105.22","95.15","105.29","106.76","105.89","100.77","97.01","104.99","101.28","100.00","122.47","121.18","109.58","104.33","101.58"
"4.3.2.1. 수입물가지수(기본분류)","      컴퓨터및주변기기","원화기준","2020=100","18","원자료","309.96","291.47","289.10","308.84","423.70","313.94","267.49","256.74","222.29","194.47","177.22","143.30","118.54","107.96","116.03","122.64","106.01","102.28","105.89","96.99","93.20","98.31","99.64","95.76","94.46","97.97","100.00","98.06","109.13","109.10","111.52","112.05"
"4.3.2.1. 수입물가지수(기본분류)","      컴퓨터및주변기기","계약통화기준","2020=100","18","원자료","424.53","415.42","402.09","374.54","346.54","302.53","270.22","227.29","202.78","186.58","176.36","159.72","141.55","132.41","121.79","110.98","102.63","100.75","103.00","101.62","102.87","103.61","100.93","99.80","100.77","99.27","100.00","101.01","101.80","101.15","99.83","96.36"
"4.3.2.1. 수입물가지수(기본분류)","      컴퓨터및주변기기","달러기준","2020=100","18","원자료","449.07","439.47","419.55","388.17","359.00","312.72","278.76","234.19","208.81","192.23","181.97","164.85","146.10","136.80","125.06","113.15","107.99","108.68","110.81","104.57","104.49","102.63","101.33","99.94","101.33","99.27","100.00","101.16","99.82","98.66","96.57","92.99"
"4.3.2.1. 수입물가지수(기본분류)","        컴퓨터및주변기기","원화기준","2020=100","18","원자료","309.96","291.47","289.10","308.84","423.70","313.94","267.49","256.74","222.29","194.47","177.22","143.30","118.54","107.96","116.03","122.64","106.01","102.28","105.89","96.99","93.20","98.31","99.64","95.76","94.46","97.97","100.00","98.06","109.13","109.10","111.52","112.05"
"4.3.2.1. 수입물가지수(기본분류)","        컴퓨터및주변기기","계약통화기준","2020=100","18","원자료","424.53","415.42","402.09","374.54","346.54","302.53","270.22","227.29","202.78","186.58","176.36","159.72","141.55","132.41","121.79","110.98","102.63","100.75","103.00","101.62","102.87","103.61","100.93","99.80","100.77","99.27","100.00","101.01","101.80","101.15","99.83","96.36"
"4.3.2.1. 수입물가지수(기본분류)","        컴퓨터및주변기기","달러기준","2020=100","18","원자료","449.07","439.47","419.55","388.17","359.00","312.72","278.76","234.19","208.81","192.23","181.97","164.85","146.10","136.80","125.06","113.15","107.99","108.68","110.81","104.57","104.49","102.63","101.33","99.94","101.33","99.27","100.00","101.16","99.82","98.66","96.57","92.99"
"4.3.2.1. 수입물가지수(기본분류)","          컴퓨터","원화기준","2020=100","9.2","원자료","160.38","153.90","160.05","179.19","245.25","196.35","177.27","157.92","133.42","123.74","118.35","103.58","87.94","86.20","99.93","107.26","88.24","76.24","80.49","82.85","82.47","90.16","91.98","89.14","88.81","95.25","100.00","99.06","113.73","114.88","116.42","114.70"
"4.3.2.1. 수입물가지수(기본분류)","          컴퓨터","계약통화기준","2020=100","9.2","원자료","216.12","216.12","216.12","209.38","205.53","194.53","183.72","143.29","124.86","121.64","120.88","118.49","107.78","108.62","110.07","105.25","91.03","82.09","85.56","89.88","92.38","94.12","93.55","93.04","95.24","96.53","100.00","102.18","103.96","103.90","100.85","95.21"
"4.3.2.1. 수입물가지수(기본분류)","          컴퓨터","달러기준","2020=100","9.2","원자료","216.77","216.77","216.77","210.01","206.14","195.10","184.27","143.72","125.24","122.01","121.24","118.85","108.11","108.95","106.98","98.79","89.67","80.86","84.19","89.34","92.45","94.12","93.55","93.04","95.24","96.53","100.00","102.18","103.96","103.90","100.85","95.21"
"4.3.2.1. 수입물가지수(기본분류)","          컴퓨터기억장치","원화기준","2020=100","2.4","원자료","588.53","539.05","538.85","571.79","776.40","506.88","386.23","378.31","332.72","287.75","256.18","201.04","160.77","139.62","141.03","146.32","125.88","126.05","145.66","130.62","121.53","127.26","119.55","116.40","105.31","100.40","100.00","94.33","102.51","99.50","108.39","114.96"
"4.3.2.1. 수입물가지수(기본분류)","          컴퓨터기억장치","계약통화기준","2020=100","2.4","원자료","877.28","833.51","802.45","737.83","662.64","511.20","407.33","349.14","316.11","287.83","265.72","233.17","199.30","177.50","153.27","137.43","128.75","132.02","150.26","140.28","136.36","132.95","121.62","121.56","113.19","101.79","100.00","97.40","93.92","90.04","93.91","95.46"
"4.3.2.1. 수입물가지수(기본분류)","          컴퓨터기억장치","달러기준","2020=100","2.4","원자료","869.11","826.13","795.35","731.29","656.77","506.67","403.72","346.05","313.31","285.28","263.78","231.97","198.72","177.44","152.81","135.26","128.61","134.10","152.65","140.91","136.36","132.95","121.62","121.56","113.19","101.79","100.00","97.40","93.92","90.04","93.91","95.46"
"4.3.2.1. 수입물가지수(기본분류)","          컴퓨터주변기기","원화기준","2020=100","6.4","원자료","256.32","245.76","218.43","214.32","304.23","257.14","239.68","227.58","186.01","160.70","156.16","131.92","117.13","111.16","126.72","137.05","126.91","128.38","123.07","103.03","97.75","98.32","103.53","97.67","97.86","100.59","100.00","98.08","104.31","103.67","104.72","106.46"
"4.3.2.1. 수입물가지수(기본분류)","          컴퓨터주변기기","계약통화기준","2020=100","6.4","원자료","332.97","332.00","306.52","272.62","238.91","230.33","224.65","188.56","159.61","144.38","145.32","138.49","132.64","129.56","123.18","109.22","107.12","108.45","103.61","101.47","104.15","105.41","104.04","101.84","103.79","101.99","100.00","100.99","102.11","101.97","101.28","99.46"
"4.3.2.1. 수입물가지수(기본분류)","          컴퓨터주변기기","달러기준","2020=100","6.4","원자료","421.39","420.15","359.58","305.73","265.26","255.78","249.64","207.64","174.78","158.75","160.37","151.66","144.34","140.79","136.53","126.56","129.24","136.42","128.72","111.03","109.59","102.59","105.29","101.88","104.94","101.86","100.00","101.15","95.45","93.68","90.63","88.30"
"4.3.2.1. 수입물가지수(기본분류)","      통신,방송및영상,음향기기","원화기준","2020=100","24.7","원자료","209.97","199.66","186.65","189.67","253.87","204.48","189.33","205.01","187.29","177.44","173.20","148.97","128.39","117.93","136.95","150.18","130.49","123.00","122.97","115.82","108.95","114.80","114.90","105.85","98.16","104.09","100.00","97.29","105.41","101.90","106.27","102.77"
"4.3.2.1. 수입물가지수(기본분류)","      통신,방송및영상,음향기기","계약통화기준","2020=100","24.7","원자료","310.50","301.13","276.52","256.44","238.36","202.88","192.92","188.33","178.82","174.84","174.34","167.87","155.68","146.99","144.55","136.67","130.88","127.49","125.49","123.37","121.33","120.33","117.07","110.81","105.41","105.50","100.00","100.42","96.48","92.15","92.14","85.85"
"4.3.2.1. 수입물가지수(기본분류)","      통신,방송및영상,음향기기","달러기준","2020=100","24.7","원자료","314.14","311.60","280.63","251.80","229.53","204.16","197.65","187.41","176.58","175.74","178.28","171.66","158.53","149.71","147.10","138.61","133.09","130.91","128.83","124.85","122.17","119.85","116.87","110.51","105.40","105.50","100.00","100.42","96.47","92.15","92.04","85.31"
"4.3.2.1. 수입물가지수(기본분류)","        통신및방송장비","원화기준","2020=100","20.6","원자료","290.45","256.70","228.66","225.56","307.63","227.93","206.33","223.69","203.86","192.35","188.79","162.74","137.92","126.16","147.01","159.69","137.23","128.44","127.77","119.32","111.80","118.19","119.46","107.67","99.34","104.61","100.00","97.58","109.55","109.56","115.17","111.28"
"4.3.2.1. 수입물가지수(기본분류)","        통신및방송장비","계약통화기준","2020=100","20.6","원자료","429.12","390.99","336.68","295.52","278.05","224.04","211.48","205.98","195.01","190.25","190.95","184.95","168.49","158.31","155.74","144.92","136.32","131.66","128.96","126.52","124.40","124.03","121.65","112.68","106.68","106.03","100.00","100.73","100.16","99.04","99.83","92.93"
"4.3.2.1. 수입물가지수(기본분류)","        통신및방송장비","달러기준","2020=100","20.6","원자료","436.32","397.09","340.17","296.92","279.82","226.78","215.33","204.42","192.12","190.45","194.28","187.47","170.23","160.10","157.78","147.27","139.88","136.63","133.84","128.61","125.36","123.35","121.50","112.39","106.67","106.03","100.00","100.73","100.16","99.04","99.72","92.34"
"4.3.2.1. 수입물가지수(기본분류)","          유선통신기기","원화기준","2020=100","2.5","원자료","","","","","","","","","","","","","","","","","","98.41","100.04","97.30","93.56","100.01","102.59","99.61","95.38","98.74","100.00","98.13","119.00","120.99","125.28","128.86"
"4.3.2.1. 수입물가지수(기본분류)","          유선통신기기","계약통화기준","2020=100","2.5","원자료","","","","","","","","","","","","","","","","","","104.39","104.85","104.89","104.89","104.38","104.31","103.95","102.33","100.00","100.00","101.23","108.77","109.36","108.45","106.91"
"4.3.2.1. 수입물가지수(기본분류)","          유선통신기기","달러기준","2020=100","2.5","원자료","","","","","","","","","","","","","","","","","","104.39","104.85","104.89","104.89","104.38","104.31","103.95","102.33","100.00","100.00","101.23","108.77","109.36","108.45","106.91"
"4.3.2.1. 수입물가지수(기본분류)","          이동전화기","원화기준","2020=100","11.7","원자료","","","","","","","","","","","","","","","","","","","","","","133.47","132.32","111.96","102.39","108.36","100.00","96.60","104.62","100.69","108.18","103.91"
"4.3.2.1. 수입물가지수(기본분류)","          이동전화기","계약통화기준","2020=100","11.7","원자료","","","","","","","","","","","","","","","","","","","","","","139.34","134.65","116.94","110.02","109.90","100.00","99.77","95.68","91.07","93.70","86.26"
"4.3.2.1. 수입물가지수(기본분류)","          이동전화기","달러기준","2020=100","11.7","원자료","","","","","","","","","","","","","","","","","","","","","","139.34","134.65","116.94","110.02","109.90","100.00","99.77","95.68","91.07","93.70","86.26"
"4.3.2.1. 수입물가지수(기본분류)","          기타무선통신장비및방송장비","원화기준","2020=100","6.4","원자료","199.67","187.10","178.32","191.68","252.14","204.23","202.93","242.75","223.42","201.07","197.21","162.81","132.11","116.58","136.91","147.73","129.04","120.54","118.84","109.10","101.01","106.18","109.66","100.70","94.62","99.44","100.00","99.43","113.03","117.56","121.24","115.18"
"4.3.2.1. 수입물가지수(기본분류)","          기타무선통신장비및방송장비","계약통화기준","2020=100","6.4","원자료","300.90","293.65","272.41","263.60","248.53","210.41","213.07","223.21","211.72","200.38","203.93","188.50","163.85","148.66","147.16","135.24","128.51","123.62","119.83","116.60","113.77","113.78","112.63","106.60","101.64","100.68","100.00","102.52","103.28","106.21","105.30","97.31"
"4.3.2.1. 수입물가지수(기본분류)","          기타무선통신장비및방송장비","달러기준","2020=100","6.4","원자료","288.67","281.70","258.41","247.59","234.18","204.20","212.04","222.12","210.69","199.40","203.26","187.86","163.29","148.16","147.07","136.44","131.68","128.36","124.44","117.56","113.24","110.80","111.51","105.06","101.50","100.68","100.00","102.52","103.26","106.19","104.96","95.57"
"4.3.2.1. 수입물가지수(기본분류)","        영상및음향기기","원화기준","2020=100","4.1","원자료","135.51","132.16","129.64","135.40","178.15","154.18","145.29","156.81","144.18","138.03","132.82","113.59","101.00","93.45","107.87","120.30","106.54","102.47","103.85","100.31","95.43","100.36","98.64","95.16","92.26","101.63","100.00","95.86","91.03","74.77","74.01","72.05"
"4.3.2.1. 수입물가지수(기본분류)","        영상및음향기기","계약통화기준","2020=100","4.1","원자료","202.96","200.75","196.34","191.04","175.77","156.39","149.54","146.84","140.49","138.13","135.43","128.45","123.11","117.25","115.23","112.02","110.49","110.32","110.01","108.84","106.97","104.73","100.44","99.48","98.98","102.96","100.00","98.92","83.65","67.62","64.14","60.14"
"4.3.2.1. 수입물가지수(기본분류)","        영상및음향기기","달러기준","2020=100","4.1","원자료","204.17","207.79","196.68","181.02","160.00","154.41","151.80","143.48","136.07","136.81","136.81","130.98","124.82","118.73","116.05","111.20","108.80","109.18","108.82","108.14","107.01","104.79","100.29","99.34","98.98","102.96","100.00","98.92","83.65","67.61","64.08","59.79"
"4.3.2.1. 수입물가지수(기본분류)","          TV","원화기준","2021.12=100","1.7","원자료","","","","","","","","","","","","","","","","","","","","","","","","","","","","","85.94","62.09","59.60","54.19"
"4.3.2.1. 수입물가지수(기본분류)","          TV","계약통화기준","2021.12=100","1.7","원자료","","","","","","","","","","","","","","","","","","","","","","","","","","","","","79.37","56.31","51.75","45.11"
"4.3.2.1. 수입물가지수(기본분류)","          TV","달러기준","2021.12=100","1.7","원자료","","","","","","","","","","","","","","","","","","","","","","","","","","","","","79.37","56.31","51.75","45.11"
"4.3.2.1. 수입물가지수(기본분류)","          오디오및음향기기","원화기준","2020=100","2.4","원자료","116.79","112.25","112.71","118.52","157.93","141.71","133.86","145.21","135.05","129.76","125.44","109.86","100.27","95.62","109.21","120.53","106.54","102.47","103.85","100.31","95.43","100.36","98.64","95.16","92.26","101.63","100.00","95.86","105.38","106.81","109.20","111.74"
"4.3.2.1. 수입물가지수(기본분류)","          오디오및음향기기","계약통화기준","2020=100","2.4","원자료","170.57","170.56","167.78","164.79","156.90","142.06","135.63","132.38","127.90","126.91","125.65","123.59","121.26","119.01","116.84","112.88","110.49","110.32","110.01","108.84","106.97","104.73","100.44","99.48","98.98","102.96","100.00","98.92","96.33","96.57","94.70","93.83"
"4.3.2.1. 수입물가지수(기본분류)","          오디오및음향기기","달러기준","2020=100","2.4","원자료","176.78","176.78","171.33","159.53","144.56","142.00","139.86","132.86","127.45","128.61","129.21","126.68","123.94","121.51","117.61","111.40","108.80","109.18","108.82","108.14","107.01","104.79","100.29","99.34","98.98","102.96","100.00","98.92","96.33","96.56","94.55","92.72"
"4.3.2.1. 수입물가지수(기본분류)","      정밀기기","원화기준","2020=100","40.6","원자료","80.89","83.55","84.02","90.97","119.85","111.15","102.09","112.99","108.69","108.81","108.67","98.04","86.47","84.65","98.70","114.73","101.77","101.09","100.28","96.32","92.82","94.88","98.19","96.32","94.17","98.72","100.00","98.70","107.04","108.17","111.74","115.73"
"4.3.2.1. 수입물가지수(기본분류)","      정밀기기","계약통화기준","2020=100","40.6","원자료","120.20","119.68","120.30","120.16","118.29","114.53","112.42","112.09","110.49","110.04","110.34","111.50","105.71","105.08","101.32","100.99","98.20","99.17","98.83","98.52","99.00","98.85","98.43","98.83","98.44","100.29","100.00","100.29","103.11","103.09","103.70","103.42"
"4.3.2.1. 수입물가지수(기본분류)","      정밀기기","달러기준","2020=100","40.6","원자료","115.31","123.23","119.23","113.12","109.62","109.13","106.24","102.97","102.21","107.42","111.52","112.60","106.46","107.13","105.69","105.68","103.53","107.27","104.84","103.64","103.89","98.83","99.66","100.32","100.88","99.94","100.00","101.80","97.91","97.73","96.70","95.98"
"4.3.2.1. 수입물가지수(기본분류)","        의료및측정기기","원화기준","2020=100","33.3","원자료","68.44","70.58","71.56","77.72","98.66","91.51","82.95","92.34","90.36","92.20","92.66","84.33","77.20","75.97","88.00","106.72","98.93","99.05","98.44","94.64","91.48","92.83","97.08","95.84","94.08","98.86","100.00","98.61","106.90","108.38","112.12","116.00"
"4.3.2.1. 수입물가지수(기본분류)","        의료및측정기기","계약통화기준","2020=100","33.3","원자료","101.03","100.73","100.77","99.79","97.66","93.34","91.09","90.54","90.36","90.80","91.42","93.04","91.49","90.84","87.82","93.67","95.18","96.84","96.98","97.16","98.41","98.34","97.70","98.65","98.26","100.46","100.00","99.99","102.95","103.21","103.98","103.74"
"4.3.2.1. 수입물가지수(기본분류)","        의료및측정기기","달러기준","2020=100","33.3","원자료","95.95","102.09","99.58","95.23","92.61","89.23","86.32","84.15","85.00","91.03","95.09","96.85","95.06","96.14","94.39","98.39","100.64","105.13","102.91","101.82","102.38","96.68","98.53","99.81","100.76","100.10","100.00","101.72","97.80","97.94","97.05","96.24"
"4.3.2.1. 수입물가지수(기본분류)","          의료용기기","원화기준","2020=100","10.1","원자료","70.31","71.83","74.96","84.23","106.61","99.09","88.88","99.76","97.37","100.15","100.56","90.45","81.56","79.91","94.19","113.41","104.48","101.50","99.14","97.45","94.91","99.37","100.36","96.50","96.23","101.38","100.00","94.70","99.27","100.72","106.70","111.09"
"4.3.2.1. 수입물가지수(기본분류)","          의료용기기","계약통화기준","2020=100","10.1","원자료","113.23","113.21","114.19","114.40","111.92","109.45","106.52","105.44","104.32","105.36","106.07","106.16","102.37","101.15","99.28","103.97","106.91","106.13","104.73","103.97","103.84","103.55","101.94","99.26","99.67","102.80","100.00","96.32","94.84","94.41","96.74","95.98"
"4.3.2.1. 수입물가지수(기본분류)","          의료용기기","달러기준","2020=100","10.1","원자료","97.49","103.65","104.09","102.95","100.63","97.99","92.31","90.73","91.43","98.66","102.99","103.69","100.22","100.93","100.74","104.29","106.08","107.49","103.24","104.43","105.78","102.96","101.32","100.00","102.70","102.64","100.00","97.70","90.82","91.03","92.35","92.17"
"4.3.2.1. 수입물가지수(기본분류)","          측정및분석기기","원화기준","2020=100","23.2","원자료","67.10","69.59","67.72","69.80","89.04","82.32","75.87","83.42","81.95","82.63","83.14","76.99","72.03","71.29","80.61","98.75","92.33","93.43","94.63","91.12","88.58","90.26","95.02","95.29","93.16","97.79","100.00","100.30","110.46","111.98","114.63","118.27"
"4.3.2.1. 수입물가지수(기본분류)","          측정및분석기기","계약통화기준","2020=100","23.2","원자료","94.92","94.49","93.47","91.05","89.14","82.37","80.72","80.71","81.58","81.39","81.93","85.40","86.31","86.26","81.67","89.33","89.32","92.07","93.23","93.91","95.83","95.93","95.78","98.28","97.62","99.46","100.00","101.56","106.74","107.35","107.34","107.36"
"4.3.2.1. 수입물가지수(기본분류)","          측정및분석기기","달러기준","2020=100","23.2","원자료","94.79","100.92","94.46","85.78","82.72","78.33","79.11","76.17","77.23","81.74","85.50","88.60","88.86","90.40","86.73","91.29","94.12","99.36","99.08","98.18","99.28","94.17","96.61","99.43","99.92","99.01","100.00","103.45","101.06","101.18","99.21","98.09"
"4.3.2.1. 수입물가지수(기본분류)","        기타정밀기기","원화기준","2020=100","7.3","원자료","110.24","114.17","112.58","121.00","173.70","161.02","152.14","166.33","154.08","147.50","145.11","128.10","106.85","103.76","122.23","132.43","108.22","105.27","103.79","99.44","95.03","98.05","99.82","96.82","94.85","98.34","100.00","98.95","107.24","106.97","109.89","114.26"
"4.3.2.1. 수입물가지수(기본분류)","        기타정밀기기","계약통화기준","2020=100","7.3","원자료","168.59","167.40","170.11","173.37","172.90","172.19","171.14","171.73","164.86","161.02","160.02","159.03","142.76","142.22","136.55","121.10","107.74","106.77","104.69","102.72","100.78","100.10","100.02","99.52","99.58","99.89","100.00","101.20","103.34","102.20","102.18","101.74"
"4.3.2.1. 수입물가지수(기본분류)","        기타정밀기기","달러기준","2020=100","7.3","원자료","163.22","175.88","166.87","155.29","149.11","160.55","158.53","151.78","144.96","145.82","149.10","147.32","131.71","131.49","130.70","121.97","110.25","111.77","108.69","107.18","106.53","102.30","101.48","101.00","101.72","99.58","100.00","102.01","98.08","96.66","95.09","94.78"
"4.3.2.1. 수입물가지수(기본분류)","          사진기및영사기","원화기준","2020=100","0.9","원자료","93.24","91.34","91.64","101.47","146.68","140.13","137.96","150.53","143.41","133.27","126.78","111.32","100.05","96.96","114.76","139.23","133.93","125.40","117.13","114.88","111.25","110.24","108.11","103.56","103.56","100.89","100.00","100.18","105.00","103.48","106.09","108.76"
"4.3.2.1. 수입물가지수(기본분류)","          사진기및영사기","계약통화기준","2020=100","0.9","원자료","161.68","160.52","160.52","159.80","157.15","155.18","153.78","153.31","151.32","145.79","142.28","140.17","134.97","133.46","133.27","133.50","132.54","125.74","116.88","114.98","111.25","110.24","108.11","103.56","103.56","100.89","100.00","100.18","99.92","97.86","97.88","97.94"
"4.3.2.1. 수입물가지수(기본분류)","          사진기및영사기","달러기준","2020=100","0.9","원자료","137.53","140.41","135.61","130.02","123.18","139.76","143.87","137.45","135.07","131.84","130.32","128.09","123.44","122.95","123.28","128.94","136.55","133.54","122.58","123.72","124.65","115.01","109.85","108.01","111.02","102.14","100.00","103.29","95.94","93.45","91.76","90.16"
"4.3.2.1. 수입물가지수(기본분류)","          기타광학기기","원화기준","2020=100","4.6","원자료","","149.77","146.34","158.05","227.08","206.01","189.45","208.10","188.27","180.73","180.38","159.88","128.57","124.36","144.84","148.77","110.23","106.01","106.43","98.82","92.43","97.17","99.68","96.85","94.54","98.53","100.00","98.55","105.39","102.30","103.25","105.79"
"4.3.2.1. 수입물가지수(기본분류)","          기타광학기기","계약통화기준","2020=100","4.6","원자료","","188.47","194.89","206.06","209.02","209.02","209.02","211.53","199.69","194.86","195.20","195.26","169.14","168.52","158.54","131.54","108.84","108.71","107.78","103.71","100.80","99.72","99.91","99.90","99.82","100.00","100.00","101.29","102.55","99.95","99.11","98.49"
"4.3.2.1. 수입물가지수(기본분류)","          기타광학기기","달러기준","2020=100","4.6","원자료","","230.00","216.13","202.06","196.22","204.88","197.04","189.56","176.74","178.35","185.03","183.55","158.20","157.32","154.36","136.46","112.10","112.15","111.45","106.52","103.61","101.39","101.34","101.05","101.40","99.77","100.00","101.60","96.46","92.46","89.37","87.76"
"4.3.2.1. 수입물가지수(기본분류)","          시계","원화기준","2020=100","1.8","원자료","61.19","66.49","64.65","63.19","88.67","81.09","73.99","79.45","77.28","77.74","76.81","67.33","63.07","63.91","81.67","95.01","87.87","93.69","94.25","92.60","90.08","93.46","94.40","92.04","90.42","95.86","100.00","100.34","113.74","122.33","131.24","142.90"
"4.3.2.1. 수입물가지수(기본분류)","          시계","계약통화기준","2020=100","1.8","원자료","98.31","97.63","97.63","93.15","90.49","90.71","88.78","86.75","84.86","85.74","85.41","83.88","85.17","86.75","88.03","89.06","89.22","93.04","94.15","94.76","95.88","95.78","95.81","95.80","96.30","98.50","100.00","101.51","106.65","110.11","112.31","112.07"
"4.3.2.1. 수입물가지수(기본분류)","          시계","달러기준","2020=100","1.8","원자료","91.82","104.08","97.44","82.53","79.14","81.45","77.29","72.68","72.94","77.02","79.10","77.59","77.93","81.20","87.68","87.90","89.69","99.75","98.66","99.77","100.94","97.47","95.94","95.98","96.92","97.02","100.00","103.46","103.83","110.48","113.54","118.52"
"4.3.2.1. 수입물가지수(기본분류)","    전기장비","원화기준","2020=100","52.9","원자료","66.55","66.97","66.12","70.97","96.51","81.85","78.64","80.70","72.08","68.27","68.30","61.72","60.29","63.71","79.37","93.64","85.36","83.65","84.94","79.53","73.85","76.27","78.69","75.28","92.24","101.88","100.00","96.53","110.60","110.78","111.11","113.45"
"4.3.2.1. 수입물가지수(기본분류)","    전기장비","계약통화기준","2020=100","52.9","원자료","96.16","97.11","96.57","93.23","86.32","83.09","82.24","78.09","72.84","70.00","70.54","71.94","76.92","83.56","84.51","84.04","83.67","83.92","84.40","82.99","80.98","80.27","79.68","78.66","98.48","103.19","100.00","99.42","103.89","103.68","100.66","98.65"
"4.3.2.1. 수입물가지수(기본분류)","    전기장비","달러기준","2020=100","52.9","원자료","97.00","101.14","96.34","89.67","81.10","81.70","82.07","73.74","67.93","67.57","70.28","71.07","74.46","80.84","84.90","86.44","87.05","89.00","88.97","85.73","82.82","79.62","80.04","78.56","98.86","103.17","100.00","99.60","101.09","100.16","96.19","94.12"
"4.3.2.1. 수입물가지수(기본분류)","      전기장비","원화기준","2020=100","52.9","원자료","66.55","66.97","66.12","70.97","96.51","81.85","78.64","80.70","72.08","68.27","68.30","61.72","60.29","63.71","79.37","93.64","85.36","83.65","84.94","79.53","73.85","76.27","78.69","75.28","92.24","101.88","100.00","96.53","110.60","110.78","111.11","113.45"
"4.3.2.1. 수입물가지수(기본분류)","      전기장비","계약통화기준","2020=100","52.9","원자료","96.16","97.11","96.57","93.23","86.32","83.09","82.24","78.09","72.84","70.00","70.54","71.94","76.92","83.56","84.51","84.04","83.67","83.92","84.40","82.99","80.98","80.27","79.68","78.66","98.48","103.19","100.00","99.42","103.89","103.68","100.66","98.65"
"4.3.2.1. 수입물가지수(기본분류)","      전기장비","달러기준","2020=100","52.9","원자료","97.00","101.14","96.34","89.67","81.10","81.70","82.07","73.74","67.93","67.57","70.28","71.07","74.46","80.84","84.90","86.44","87.05","89.00","88.97","85.73","82.82","79.62","80.04","78.56","98.86","103.17","100.00","99.60","101.09","100.16","96.19","94.12"
"4.3.2.1. 수입물가지수(기본분류)","        발전기및전동기","원화기준","2020=100","7.9","원자료","76.66","75.10","75.11","82.03","118.45","97.86","91.73","102.79","99.77","94.98","92.16","84.23","79.22","77.64","94.13","112.46","104.33","103.79","103.94","93.28","85.92","86.17","88.85","90.14","89.58","95.63","100.00","97.24","114.18","114.17","115.31","120.66"
"4.3.2.1. 수입물가지수(기본분류)","        발전기및전동기","계약통화기준","2020=100","7.9","원자료","100.83","101.44","100.53","97.10","93.15","89.87","88.06","86.38","86.47","86.47","87.22","89.23","89.97","90.63","92.66","95.53","97.06","98.05","96.47","94.98","93.21","90.83","90.96","94.49","95.77","97.10","100.00","100.59","110.67","111.54","110.45","110.83"
"4.3.2.1. 수입물가지수(기본분류)","        발전기및전동기","달러기준","2020=100","7.9","원자료","114.52","115.06","111.56","105.33","99.62","97.68","95.78","93.95","94.05","94.05","94.86","97.04","97.85","98.57","100.78","103.90","106.45","110.51","108.83","100.52","96.33","89.93","90.34","94.05","96.08","96.83","100.00","100.29","104.39","103.21","99.80","100.11"
"4.3.2.1. 수입물가지수(기본분류)","          발전기및전동기","원화기준","2020=100","7.9","원자료","76.66","75.10","75.11","82.03","118.45","97.86","91.73","102.79","99.77","94.98","92.16","84.23","79.22","77.64","94.13","112.46","104.33","103.79","103.94","93.28","85.92","86.17","88.85","90.14","89.58","95.63","100.00","97.24","114.18","114.17","115.31","120.66"
"4.3.2.1. 수입물가지수(기본분류)","          발전기및전동기","계약통화기준","2020=100","7.9","원자료","100.83","101.44","100.53","97.10","93.15","89.87","88.06","86.38","86.47","86.47","87.22","89.23","89.97","90.63","92.66","95.53","97.06","98.05","96.47","94.98","93.21","90.83","90.96","94.49","95.77","97.10","100.00","100.59","110.67","111.54","110.45","110.83"
"4.3.2.1. 수입물가지수(기본분류)","          발전기및전동기","달러기준","2020=100","7.9","원자료","114.52","115.06","111.56","105.33","99.62","97.68","95.78","93.95","94.05","94.05","94.86","97.04","97.85","98.57","100.78","103.90","106.45","110.51","108.83","100.52","96.33","89.93","90.34","94.05","96.08","96.83","100.00","100.29","104.39","103.21","99.80","100.11"
"4.3.2.1. 수입물가지수(기본분류)","        전기변환.공급제어장치","원화기준","2020=100","13.5","원자료","107.28","111.01","105.51","109.91","138.56","123.68","119.21","119.00","108.72","106.89","105.45","93.20","85.66","84.30","107.83","129.40","116.44","114.46","115.34","107.33","99.29","101.41","104.69","98.75","95.39","99.39","100.00","96.57","105.66","109.09","113.50","118.17"
"4.3.2.1. 수입물가지수(기본분류)","        전기변환.공급제어장치","계약통화기준","2020=100","13.5","원자료","149.10","150.85","149.78","145.38","131.52","128.84","126.14","120.76","116.14","112.68","109.45","109.51","110.87","112.46","114.88","114.94","111.82","111.90","112.81","110.04","107.17","106.84","105.53","103.04","101.58","100.73","100.00","99.34","100.02","102.46","103.57","103.82"
"4.3.2.1. 수입물가지수(기본분류)","        전기변환.공급제어장치","달러기준","2020=100","13.5","원자료","151.51","163.25","149.46","135.49","116.61","123.33","124.17","108.53","102.35","105.59","108.28","107.11","105.55","106.76","114.94","119.23","118.51","121.56","120.77","115.67","111.31","105.83","106.46","103.03","102.33","100.66","100.00","99.64","96.65","98.60","98.28","98.08"
"4.3.2.1. 수입물가지수(기본분류)","          전기변환장치","원화기준","2020=100","4.8","원자료","","","","","","","126.19","140.78","128.38","117.56","107.50","96.26","92.46","93.22","115.03","135.79","120.34","114.25","113.05","103.37","93.45","100.04","102.16","97.05","93.31","98.56","100.00","96.58","112.55","117.53","120.46","125.38"
"4.3.2.1. 수입물가지수(기본분류)","          전기변환장치","계약통화기준","2020=100","4.8","원자료","","","","","","","131.51","128.49","120.80","116.23","110.45","110.70","114.04","118.16","122.86","125.22","122.59","121.42","118.36","111.41","104.75","104.36","103.85","101.26","100.11","99.81","100.00","99.65","103.05","105.96","104.03","103.24"
"4.3.2.1. 수입물가지수(기본분류)","          전기변환장치","달러기준","2020=100","4.8","원자료","","","","","","","131.51","128.49","120.80","116.23","110.45","110.70","114.04","118.16","122.86","125.22","122.59","121.42","118.36","111.41","104.75","104.36","103.85","101.26","100.11","99.81","100.00","99.65","102.82","106.24","104.31","104.06"
"4.3.2.1. 수입물가지수(기본분류)","          전기회로개폐및접속장치","원화기준","2020=100","5.2","원자료","120.02","123.25","116.50","120.84","151.01","134.32","129.48","125.75","113.73","113.30","113.34","98.50","86.60","83.31","106.69","129.44","120.92","121.03","122.47","115.71","107.63","108.94","108.88","100.68","95.95","99.24","100.00","97.09","107.41","110.24","114.06","119.28"
"4.3.2.1. 수입물가지수(기본분류)","          전기회로개폐및접속장치","계약통화기준","2020=100","5.2","원자료","177.59","177.45","175.39","169.86","152.41","149.89","146.60","140.52","135.16","130.83","127.04","125.54","124.88","124.42","121.70","117.43","116.27","116.89","119.60","117.34","114.40","113.58","110.08","105.00","102.28","100.50","100.00","99.87","99.73","101.57","101.64","102.63"
"4.3.2.1. 수입물가지수(기본분류)","          전기회로개폐및접속장치","달러기준","2020=100","5.2","원자료","167.77","179.83","163.65","147.80","125.88","133.90","134.82","114.63","107.05","111.85","116.30","113.15","106.61","105.43","113.79","119.24","122.98","128.47","128.24","124.69","120.66","113.70","110.68","105.03","102.92","100.50","100.00","100.17","98.22","99.64","98.74","98.97"
"4.3.2.1. 수입물가지수(기본분류)","          배전반및전기자동제어반","원화기준","2020=100","3.5","원자료","","","","","","","","","","","","87.06","79.06","77.07","102.93","125.95","112.15","110.29","111.32","101.67","94.50","94.65","100.54","97.30","96.03","100.23","100.00","95.35","96.20","99.20","105.88","109.36"
"4.3.2.1. 수입물가지수(기본분류)","          배전반및전기자동제어반","계약통화기준","2020=100","3.5","원자료","","","","","","","","","","","","102.12","103.15","104.10","107.16","107.10","101.85","102.15","102.19","101.98","101.76","101.76","101.76","101.76","101.76","101.76","100.00","98.27","97.79","100.82","106.87","107.00"
"4.3.2.1. 수입물가지수(기본분류)","          배전반및전기자동제어반","달러기준","2020=100","3.5","원자료","","","","","","","","","","","","100.17","97.50","97.71","109.47","116.14","114.27","117.27","116.58","109.58","105.97","98.78","102.28","101.55","103.03","101.48","100.00","98.40","88.15","89.63","91.67","90.77"
"4.3.2.1. 수입물가지수(기본분류)","        전지","원화기준","2020=100","15.2","원자료","125.41","123.79","123.05","132.41","182.64","145.86","146.48","134.44","107.14","95.26","95.05","85.81","74.22","86.41","102.94","107.19","95.91","94.01","97.92","92.02","88.24","93.94","91.96","88.75","93.55","100.82","100.00","96.92","121.75","132.20","137.22","131.49"
"4.3.2.1. 수입물가지수(기본분류)","        전지","계약통화기준","2020=100","15.2","원자료","202.63","205.16","199.84","187.67","171.12","155.47","159.36","138.26","115.72","104.67","105.00","106.86","102.54","122.49","117.05","101.20","100.31","100.62","102.56","99.20","98.92","98.06","93.51","92.63","100.29","102.13","100.00","100.00","110.88","119.49","118.42","108.41"
"4.3.2.1. 수입물가지수(기본분류)","        전지","달러기준","2020=100","15.2","원자료","186.08","191.09","182.70","169.98","153.25","145.77","153.11","123.03","101.00","94.38","97.93","98.90","91.73","109.79","111.06","98.93","97.86","100.14","102.56","99.20","98.92","98.06","93.51","92.63","100.29","102.13","100.00","100.00","110.88","119.49","118.78","109.01"
"4.3.2.1. 수입물가지수(기본분류)","          전지","원화기준","2020=100","15.2","원자료","125.41","123.79","123.05","132.41","182.64","145.86","146.48","134.44","107.14","95.26","95.05","85.81","74.22","86.41","102.94","107.19","95.91","94.01","97.92","92.02","88.24","93.94","91.96","88.75","93.55","100.82","100.00","96.92","121.75","132.20","137.22","131.49"
"4.3.2.1. 수입물가지수(기본분류)","          전지","계약통화기준","2020=100","15.2","원자료","202.63","205.16","199.84","187.67","171.12","155.47","159.36","138.26","115.72","104.67","105.00","106.86","102.54","122.49","117.05","101.20","100.31","100.62","102.56","99.20","98.92","98.06","93.51","92.63","100.29","102.13","100.00","100.00","110.88","119.49","118.42","108.41"
"4.3.2.1. 수입물가지수(기본분류)","          전지","달러기준","2020=100","15.2","원자료","186.08","191.09","182.70","169.98","153.25","145.77","153.11","123.03","101.00","94.38","97.93","98.90","91.73","109.79","111.06","98.93","97.86","100.14","102.56","99.20","98.92","98.06","93.51","92.63","100.29","102.13","100.00","100.00","110.88","119.49","118.78","109.01"
"4.3.2.1. 수입물가지수(기본분류)","        전선및케이블","원화기준","2020=100","2.1","원자료","","69.20","70.16","73.97","101.67","85.25","85.25","94.12","78.36","73.95","78.28","72.12","74.76","80.08","102.65","124.49","116.40","118.34","119.96","109.42","100.47","101.58","104.91","101.15","99.38","100.97","100.00","99.30","115.34","113.00","118.01","124.00"
"4.3.2.1. 수입물가지수(기본분류)","        전선및케이블","계약통화기준","2020=100","2.1","원자료","","110.69","107.98","98.86","88.72","88.33","92.32","89.29","76.66","76.00","83.68","88.05","99.51","109.75","114.00","116.22","117.02","120.72","120.17","116.07","112.32","108.11","106.44","105.97","106.46","102.29","100.00","102.43","105.44","102.17","102.18","102.92"
"4.3.2.1. 수입물가지수(기본분류)","        전선및케이블","달러기준","2020=100","2.1","원자료","","106.70","104.10","95.30","85.52","85.15","89.01","86.07","73.90","73.26","80.67","83.14","92.48","101.73","109.59","115.12","118.83","126.06","125.63","117.95","112.67","106.04","106.70","105.56","106.64","102.29","100.00","102.43","105.44","102.17","102.18","102.92"
"4.3.2.1. 수입물가지수(기본분류)","          전선및케이블","원화기준","2020=100","2.1","원자료","","69.20","70.16","73.97","101.67","85.25","85.25","94.12","78.36","73.95","78.28","72.12","74.76","80.08","102.65","124.49","116.40","118.34","119.96","109.42","100.47","101.58","104.91","101.15","99.38","100.97","100.00","99.30","115.34","113.00","118.01","124.00"
"4.3.2.1. 수입물가지수(기본분류)","          전선및케이블","계약통화기준","2020=100","2.1","원자료","","110.69","107.98","98.86","88.72","88.33","92.32","89.29","76.66","76.00","83.68","88.05","99.51","109.75","114.00","116.22","117.02","120.72","120.17","116.07","112.32","108.11","106.44","105.97","106.46","102.29","100.00","102.43","105.44","102.17","102.18","102.92"
"4.3.2.1. 수입물가지수(기본분류)","          전선및케이블","달러기준","2020=100","2.1","원자료","","106.70","104.10","95.30","85.52","85.15","89.01","86.07","73.90","73.26","80.67","83.14","92.48","101.73","109.59","115.12","118.83","126.06","125.63","117.95","112.67","106.04","106.70","105.56","106.64","102.29","100.00","102.43","105.44","102.17","102.18","102.92"
"4.3.2.1. 수입물가지수(기본분류)","        가정용전기기기","원화기준","2020=100","6.4","원자료","","","","","","","","","","","","","","","","","","","","","","","","","","","100.00","94.17","105.03","102.12","100.15","102.40"
"4.3.2.1. 수입물가지수(기본분류)","        가정용전기기기","계약통화기준","2020=100","6.4","원자료","","","","","","","","","","","","","","","","","","","","","","","","","","","100.00","95.96","96.46","92.89","87.70","86.38"
"4.3.2.1. 수입물가지수(기본분류)","        가정용전기기기","달러기준","2020=100","6.4","원자료","","","","","","","","","","","","","","","","","","","","","","","","","","","100.00","97.21","96.19","92.41","86.80","85.07"
"4.3.2.1. 수입물가지수(기본분류)","          주방용및난방용전기기기","원화기준","2020.12=100","2.2","원자료","","","","","","","","","","","","","","","","","","","","","","","","","","","","107.80","129.17","122.30","117.55","118.83"
"4.3.2.1. 수입물가지수(기본분류)","          주방용및난방용전기기기","계약통화기준","2020.12=100","2.2","원자료","","","","","","","","","","","","","","","","","","","","","","","","","","","","103.13","109.53","102.61","94.64","92.12"
"4.3.2.1. 수입물가지수(기본분류)","          주방용및난방용전기기기","달러기준","2020.12=100","2.2","원자료","","","","","","","","","","","","","","","","","","","","","","","","","","","","103.13","109.53","102.61","94.49","91.54"
"4.3.2.1. 수입물가지수(기본분류)","          기타가정용전기기기","원화기준","2020=100","4.2","원자료","","","","","","","","","","","","","","","","","","","","","","","","","","","100.00","93.26","97.95","97.10","96.62","99.67"
"4.3.2.1. 수입물가지수(기본분류)","          기타가정용전기기기","계약통화기준","2020=100","4.2","원자료","","","","","","","","","","","","","","","","","","","","","","","","","","","100.00","95.55","91.76","90.16","86.56","86.04"
"4.3.2.1. 수입물가지수(기본분류)","          기타가정용전기기기","달러기준","2020=100","4.2","원자료","","","","","","","","","","","","","","","","","","","","","","","","","","","100.00","96.32","89.80","87.86","83.70","82.77"
"4.3.2.1. 수입물가지수(기본분류)","        기타전기장비","원화기준","2020=100","7.8","원자료","20.50","20.03","22.37","26.45","39.05","31.80","30.19","31.99","28.06","25.26","26.32","24.50","27.74","32.31","39.55","46.68","42.58","40.53","41.79","40.83","38.13","40.78","42.62","40.69","87.12","104.33","100.00","96.26","115.51","109.09","100.85","108.48"
"4.3.2.1. 수입물가지수(기본분류)","        기타전기장비","계약통화기준","2020=100","7.8","원자료","33.68","34.27","36.79","37.63","35.99","32.43","32.18","31.08","28.42","26.25","27.72","29.01","35.97","42.86","42.92","43.06","43.48","43.16","43.78","44.00","42.74","42.56","43.35","42.44","93.18","105.62","100.00","99.04","108.09","102.49","91.63","94.27"
"4.3.2.1. 수입물가지수(기본분류)","        기타전기장비","달러기준","2020=100","7.8","원자료","30.32","30.85","33.12","33.87","32.75","31.76","31.54","29.27","26.46","25.04","27.13","28.25","34.36","41.04","42.38","43.14","43.48","43.16","43.78","44.00","42.74","42.56","43.35","42.44","93.18","105.64","100.00","99.40","105.54","98.67","87.27","89.99"
"4.3.2.1. 수입물가지수(기본분류)","          전구및램프","원화기준","2020=100","0.5","원자료","","","","","","","144.38","137.72","123.78","125.39","128.85","112.62","98.61","82.21","101.21","112.45","100.88","95.45","96.80","94.07","90.45","97.16","99.72","97.17","94.57","98.79","100.00","107.34","120.81","109.46","105.83","108.64"
"4.3.2.1. 수입물가지수(기본분류)","          전구및램프","계약통화기준","2020=100","0.5","원자료","","","","","","","176.89","166.50","159.16","156.62","156.29","155.28","154.26","133.77","122.27","104.27","103.36","102.01","101.73","101.73","101.73","101.73","101.73","101.73","101.74","100.14","100.00","104.72","109.18","102.86","96.92","95.15"
"4.3.2.1. 수입물가지수(기본분류)","          전구및램프","달러기준","2020=100","0.5","원자료","","","","","","","150.84","125.99","116.94","124.26","132.73","129.85","121.85","104.38","108.66","103.81","102.94","101.60","101.32","101.32","101.32","101.32","101.32","101.32","101.37","100.01","100.00","110.59","110.58","98.94","91.58","90.08"
"4.3.2.1. 수입물가지수(기본분류)","          기타전기장비","원화기준","2020=100","7.3","원자료","13.28","12.98","14.49","17.14","25.30","20.61","19.56","21.88","18.97","16.03","16.83","16.22","21.47","28.49","34.82","41.84","38.35","36.67","37.95","37.11","34.50","36.85","38.74","36.93","86.55","104.62","100.00","95.20","115.12","109.28","100.54","108.71"
"4.3.2.1. 수입물가지수(기본분류)","          기타전기장비","계약통화기준","2020=100","7.3","원자료","21.15","21.52","23.10","23.63","22.60","20.37","20.21","19.78","17.66","15.70","17.15","18.49","26.30","35.78","36.86","38.60","39.16","39.05","39.74","39.99","38.66","38.44","39.41","38.51","92.55","105.92","100.00","98.33","107.95","102.46","91.09","94.18"
"4.3.2.1. 수입물가지수(기본분류)","          기타전기장비","달러기준","2020=100","7.3","원자료","19.65","19.99","21.45","21.94","21.22","20.57","20.44","20.01","17.86","15.88","17.35","18.69","26.60","36.18","37.28","38.67","39.16","39.05","39.74","39.99","38.66","38.44","39.41","38.51","92.55","105.92","100.00","98.33","105.16","98.84","87.00","90.19"
"4.3.2.1. 수입물가지수(기본분류)","    기계및장비","원화기준","2020=100","79.6","원자료","76.57","77.42","75.75","79.35","104.47","95.26","90.35","97.96","93.33","94.11","93.95","83.92","77.05","75.45","95.92","114.92","105.02","106.61","107.94","97.80","91.77","92.15","96.77","93.08","92.12","96.78","100.00","97.88","103.79","105.27","108.13","115.16"
"4.3.2.1. 수입물가지수(기본분류)","    기계및장비","계약통화기준","2020=100","79.6","원자료","103.37","103.35","103.28","102.47","102.00","101.69","101.48","101.80","100.31","99.99","98.80","98.86","99.31","98.72","99.00","99.39","98.58","99.82","100.50","99.16","98.91","99.39","99.43","98.48","98.58","99.08","100.00","100.39","103.05","104.24","104.70","105.38"
"4.3.2.1. 수입물가지수(기본분류)","    기계및장비","달러기준","2020=100","79.6","원자료","107.07","110.74","105.51","99.67","95.79","96.46","94.26","89.49","88.01","93.14","96.64","96.60","95.09","95.70","102.61","106.12","107.07","113.39","112.95","105.36","102.85","96.12","98.36","97.09","98.79","97.98","100.00","100.96","94.96","95.13","93.57","95.53"
"4.3.2.1. 수입물가지수(기본분류)","      일반목적용기계","원화기준","2020=100","36.2","원자료","63.66","63.62","62.15","67.24","96.27","84.02","77.96","87.60","85.52","86.09","85.06","76.27","72.90","73.40","94.56","112.30","102.73","104.92","107.32","96.71","91.25","91.97","95.89","91.37","90.52","96.04","100.00","98.25","108.09","110.52","114.95","123.54"
"4.3.2.1. 수입물가지수(기본분류)","      일반목적용기계","계약통화기준","2020=100","36.2","원자료","89.34","88.77","88.52","87.99","88.21","87.48","87.78","88.64","88.52","88.22","86.93","87.33","89.65","90.95","94.25","95.06","95.09","97.01","98.71","97.00","97.28","98.14","98.08","96.58","97.07","98.18","100.00","101.00","105.74","107.57","108.76","110.42"
"4.3.2.1. 수입물가지수(기본분류)","      일반목적용기계","달러기준","2020=100","36.2","원자료","95.67","98.30","92.56","87.07","85.03","84.26","81.32","80.01","80.62","85.19","87.50","87.80","89.99","93.12","101.28","103.75","104.74","111.64","112.35","104.22","102.29","95.96","97.49","95.33","97.09","97.24","100.00","101.34","98.88","99.91","99.50","102.51"
"4.3.2.1. 수입물가지수(기본분류)","        내연기관및터빈","원화기준","2020=100","3.9","원자료","29.95","32.12","35.41","42.95","72.98","58.88","49.41","63.21","65.71","73.75","78.89","75.96","73.34","76.56","96.34","109.78","99.71","102.02","103.88","96.48","91.15","90.68","94.48","93.40","93.84","97.23","100.00","101.64","112.46","120.26","131.01","142.10"
"4.3.2.1. 수입물가지수(기본분류)","        내연기관및터빈","계약통화기준","2020=100","3.9","원자료","52.74","55.94","59.32","62.13","66.72","68.77","68.77","79.25","81.52","81.99","83.06","87.26","89.25","90.61","92.33","93.19","94.13","96.62","98.95","96.49","95.61","97.10","97.49","98.40","99.76","99.84","100.00","103.27","107.89","113.32","118.43","121.17"
"4.3.2.1. 수입물가지수(기본분류)","        내연기관및터빈","달러기준","2020=100","3.9","원자료","45.75","51.17","54.26","56.85","61.04","58.82","51.59","57.78","62.08","73.06","81.31","87.53","90.64","97.25","103.72","101.62","101.77","108.62","108.72","103.94","102.15","94.58","96.04","97.43","100.65","98.42","100.00","104.81","102.80","108.63","113.34","117.85"
"4.3.2.1. 수입물가지수(기본분류)","          내연기관및터빈","원화기준","2020=100","3.9","원자료","29.95","32.12","35.41","42.95","72.98","58.88","49.41","63.21","65.71","73.75","78.89","75.96","73.34","76.56","96.34","109.78","99.71","102.02","103.88","96.48","91.15","90.68","94.48","93.40","93.84","97.23","100.00","101.64","112.46","120.26","131.01","142.10"
"4.3.2.1. 수입물가지수(기본분류)","          내연기관및터빈","계약통화기준","2020=100","3.9","원자료","52.74","55.94","59.32","62.13","66.72","68.77","68.77","79.25","81.52","81.99","83.06","87.26","89.25","90.61","92.33","93.19","94.13","96.62","98.95","96.49","95.61","97.10","97.49","98.40","99.76","99.84","100.00","103.27","107.89","113.32","118.43","121.17"
"4.3.2.1. 수입물가지수(기본분류)","          내연기관및터빈","달러기준","2020=100","3.9","원자료","45.75","51.17","54.26","56.85","61.04","58.82","51.59","57.78","62.08","73.06","81.31","87.53","90.64","97.25","103.72","101.62","101.77","108.62","108.72","103.94","102.15","94.58","96.04","97.43","100.65","98.42","100.00","104.81","102.80","108.63","113.34","117.85"
"4.3.2.1. 수입물가지수(기본분류)","        펌프및압축기","원화기준","2020=100","8","원자료","63.63","67.31","66.45","73.48","109.04","91.61","86.03","95.30","93.50","93.77","90.95","82.43","75.92","76.60","99.10","115.45","102.52","102.16","106.35","99.36","93.62","94.99","100.79","95.86","94.01","97.84","100.00","98.03","105.07","108.83","117.62","128.55"
"4.3.2.1. 수입물가지수(기본분류)","        펌프및압축기","계약통화기준","2020=100","8","원자료","100.59","100.44","100.69","101.01","100.38","97.31","94.92","93.65","92.92","92.19","89.04","90.52","89.46","90.85","97.47","98.96","98.18","99.50","103.11","101.17","100.12","101.34","104.19","101.27","100.30","100.28","100.00","99.61","101.41","103.53","108.11","112.12"
"4.3.2.1. 수입물가지수(기본분류)","        펌프및압축기","달러기준","2020=100","8","원자료","94.53","103.77","98.50","94.24","91.11","91.42","89.75","87.06","88.17","92.79","93.57","94.89","93.72","97.19","106.29","106.64","104.55","108.70","111.31","107.02","104.90","99.04","102.40","99.99","100.82","99.03","100.00","101.13","96.14","98.36","101.76","106.67"
"4.3.2.1. 수입물가지수(기본분류)","          펌프및압축기","원화기준","2020=100","8","원자료","63.63","67.31","66.45","73.48","109.04","91.61","86.03","95.30","93.50","93.77","90.95","82.43","75.92","76.60","99.10","115.45","102.52","102.16","106.35","99.36","93.62","94.99","100.79","95.86","94.01","97.84","100.00","98.03","105.07","108.83","117.62","128.55"
"4.3.2.1. 수입물가지수(기본분류)","          펌프및압축기","계약통화기준","2020=100","8","원자료","100.59","100.44","100.69","101.01","100.38","97.31","94.92","93.65","92.92","92.19","89.04","90.52","89.46","90.85","97.47","98.96","98.18","99.50","103.11","101.17","100.12","101.34","104.19","101.27","100.30","100.28","100.00","99.61","101.41","103.53","108.11","112.12"
"4.3.2.1. 수입물가지수(기본분류)","          펌프및압축기","달러기준","2020=100","8","원자료","94.53","103.77","98.50","94.24","91.11","91.42","89.75","87.06","88.17","92.79","93.57","94.89","93.72","97.19","106.29","106.64","104.55","108.70","111.31","107.02","104.90","99.04","102.40","99.99","100.82","99.03","100.00","101.13","96.14","98.36","101.76","106.67"
"4.3.2.1. 수입물가지수(기본분류)","        일반목적용기계부품","원화기준","2020=100","8.4","원자료","68.66","70.73","69.36","73.94","109.89","91.79","81.95","91.88","89.41","90.69","90.28","77.71","78.83","77.04","100.23","118.49","109.93","116.73","119.19","98.60","92.22","92.00","96.01","91.39","91.61","97.43","100.00","94.55","97.80","98.39","97.94","105.82"
"4.3.2.1. 수입물가지수(기본분류)","        일반목적용기계부품","계약통화기준","2020=100","8.4","원자료","88.16","88.32","89.33","89.50","90.14","89.31","91.20","92.73","92.85","92.86","92.16","90.51","99.27","98.98","100.04","97.31","96.80","101.13","102.00","98.25","100.32","101.73","99.72","98.28","99.39","100.26","100.00","98.97","105.26","109.20","109.94","112.33"
"4.3.2.1. 수입물가지수(기본분류)","        일반목적용기계부품","달러기준","2020=100","8.4","원자료","101.93","109.40","103.31","95.32","93.06","91.77","85.56","84.00","84.37","89.82","92.91","89.54","97.38","97.80","107.40","109.57","112.18","124.23","124.74","106.28","103.43","96.02","97.64","95.37","98.29","98.66","100.00","97.57","89.62","88.96","84.80","87.84"
"4.3.2.1. 수입물가지수(기본분류)","          밸브","원화기준","2020=100","4.4","원자료","68.48","71.20","71.89","76.05","121.00","98.76","85.94","102.07","99.23","94.47","89.17","74.83","75.25","73.43","94.07","106.26","96.47","105.78","109.85","91.29","90.07","95.90","97.14","91.18","91.64","99.03","100.00","92.64","93.82","91.22","87.86","93.77"
"4.3.2.1. 수입물가지수(기본분류)","          밸브","계약통화기준","2020=100","4.4","원자료","87.23","87.52","87.55","87.55","93.32","91.55","92.11","95.82","96.07","96.07","94.21","91.04","98.61","97.29","99.09","94.45","93.98","104.39","107.45","97.57","102.26","104.44","101.05","98.93","101.02","102.06","100.00","97.90","102.38","104.16","102.62","103.95"
"4.3.2.1. 수입물가지수(기본분류)","          밸브","달러기준","2020=100","4.4","원자료","101.35","109.85","106.83","97.78","102.47","98.70","89.74","93.36","93.60","93.60","91.79","86.27","93.02","93.27","101.20","98.30","98.51","112.56","114.96","98.45","101.02","100.14","98.82","95.17","98.35","100.31","100.00","95.62","86.06","82.53","76.10","77.86"
"4.3.2.1. 수입물가지수(기본분류)","          베어링,기어및동력전달장치","원화기준","2020=100","4","원자료","65.43","67.07","63.83","68.60","94.44","81.07","74.48","80.00","77.91","82.81","85.43","74.71","76.74","75.17","99.90","125.28","119.29","123.84","125.41","103.48","92.45","86.96","94.42","91.52","91.61","95.66","100.00","96.71","102.23","106.33","109.25","119.71"
"4.3.2.1. 수입물가지수(기본분류)","          베어링,기어및동력전달장치","계약통화기준","2020=100","4","원자료","85.29","85.38","87.29","87.63","83.24","83.37","86.48","86.48","86.51","86.53","86.63","86.09","96.10","97.23","97.23","97.23","96.69","96.68","96.38","97.54","97.54","98.46","98.11","97.55","97.56","98.24","100.00","100.21","108.45","114.72","117.91","121.57"
"4.3.2.1. 수입물가지수(기본분류)","          베어링,기어및동력전달장치","달러기준","2020=100","4","원자료","97.49","104.02","95.31","88.68","79.94","81.06","77.73","73.09","73.53","81.98","87.89","86.03","94.75","95.38","106.51","115.78","121.64","131.80","131.24","111.47","103.65","90.71","96.01","95.47","98.27","96.82","100.00","99.76","93.56","96.08","94.53","99.31"
"4.3.2.1. 수입물가지수(기본분류)","        산업용운반기계","원화기준","2020=100","2.8","원자료","","","","","","","","","","","","","","","","","","","","","","","","70.69","70.23","78.39","100.00","108.30","139.29","144.54","149.87","155.98"
"4.3.2.1. 수입물가지수(기본분류)","        산업용운반기계","계약통화기준","2020=100","2.8","원자료","","","","","","","","","","","","","","","","","","","","","","","","73.76","75.30","79.37","100.00","111.66","127.02","130.65","129.71","129.40"
"4.3.2.1. 수입물가지수(기본분류)","        산업용운반기계","달러기준","2020=100","2.8","원자료","","","","","","","","","","","","","","","","","","","","","","","","73.76","75.30","79.37","100.00","111.66","127.02","130.65","129.71","129.40"
"4.3.2.1. 수입물가지수(기본분류)","          산업용운반기계","원화기준","2020=100","2.8","원자료","","","","","","","","","","","","","","","","","","","","","","","","70.69","70.23","78.39","100.00","108.30","139.29","144.54","149.87","155.98"
"4.3.2.1. 수입물가지수(기본분류)","          산업용운반기계","계약통화기준","2020=100","2.8","원자료","","","","","","","","","","","","","","","","","","","","","","","","73.76","75.30","79.37","100.00","111.66","127.02","130.65","129.71","129.40"
"4.3.2.1. 수입물가지수(기본분류)","          산업용운반기계","달러기준","2020=100","2.8","원자료","","","","","","","","","","","","","","","","","","","","","","","","73.76","75.30","79.37","100.00","111.66","127.02","130.65","129.71","129.40"
"4.3.2.1. 수입물가지수(기본분류)","        공기및액체조절장치","원화기준","2020=100","7.6","원자료","73.47","71.37","67.66","71.25","89.63","80.39","80.09","88.47","83.04","77.97","74.15","67.03","64.28","65.82","86.83","106.82","97.68","95.63","100.85","96.61","92.44","96.31","96.80","94.23","95.27","101.49","100.00","97.84","116.21","116.09","119.02","124.38"
"4.3.2.1. 수입물가지수(기본분류)","        공기및액체조절장치","계약통화기준","2020=100","7.6","원자료","94.37","94.37","89.80","86.67","84.91","82.22","84.41","81.66","79.03","77.96","77.04","77.99","79.73","82.85","89.44","94.29","95.20","96.32","100.43","100.71","100.91","100.48","98.40","98.19","100.95","102.61","100.00","100.98","108.12","107.07","105.69","105.39"
"4.3.2.1. 수입물가지수(기본분류)","        공기및액체조절장치","달러기준","2020=100","7.6","원자료","103.42","100.21","91.42","84.64","81.32","80.93","83.23","80.52","77.93","76.87","75.97","76.87","79.05","83.19","92.48","98.32","99.22","101.52","105.64","104.14","103.64","100.51","98.40","98.34","102.20","102.80","100.00","100.91","106.20","104.96","103.05","103.22"
"4.3.2.1. 수입물가지수(기본분류)","          공기조절장치및냉장냉동장비","원화기준","2020=100","3.5","원자료","","64.36","65.47","73.07","86.22","82.75","85.01","95.08","90.16","84.37","79.53","71.03","67.87","68.97","91.34","113.26","104.33","106.05","108.91","100.54","95.66","101.92","100.16","96.64","98.17","104.52","100.00","98.57","116.31","114.88","117.47","124.60"
"4.3.2.1. 수입물가지수(기본분류)","          공기조절장치및냉장냉동장비","계약통화기준","2020=100","3.5","원자료","","93.22","91.26","90.20","89.95","88.27","92.72","90.82","88.83","87.31","85.52","85.56","86.78","88.61","93.78","99.21","100.92","104.90","106.75","106.63","107.24","106.38","101.82","100.85","105.29","105.87","100.00","101.63","107.86","105.63","104.02","103.95"
"4.3.2.1. 수입물가지수(기본분류)","          공기조절장치및냉장냉동장비","달러기준","2020=100","3.5","원자료","","88.36","86.51","85.50","85.26","83.66","87.90","86.09","84.20","82.75","81.06","81.04","83.05","86.74","96.77","103.83","105.46","112.22","114.10","108.39","107.23","106.38","101.82","100.85","105.29","105.87","100.00","101.63","106.29","103.89","101.71","103.40"
"4.3.2.1. 수입물가지수(기본분류)","          공기및액체여과기","원화기준","2020=100","4.1","원자료","83.50","81.13","72.28","71.83","96.27","80.73","77.75","84.13","77.57","73.28","70.76","65.26","62.89","65.05","85.39","103.91","94.06","89.30","95.31","93.60","90.05","92.38","94.43","92.57","93.35","99.49","100.00","97.36","116.31","117.10","120.27","124.33"
"4.3.2.1. 수입물가지수(기본분류)","          공기및액체여과기","계약통화기준","2020=100","4.1","원자료","95.91","95.91","89.11","84.19","81.16","77.60","77.86","73.79","70.13","69.62","69.84","72.12","74.52","79.22","87.66","92.02","92.06","91.21","96.09","96.56","96.55","96.44","96.10","96.40","98.09","100.46","100.00","100.56","108.49","108.25","107.05","106.64"
"4.3.2.1. 수입물가지수(기본분류)","          공기및액체여과기","달러기준","2020=100","4.1","원자료","120.50","116.76","100.11","86.79","79.99","80.89","81.18","76.94","73.13","72.59","72.83","75.20","77.70","82.60","91.41","95.95","96.00","95.10","99.83","100.89","100.96","96.39","96.00","96.62","100.14","100.76","100.00","100.44","106.29","105.85","104.12","103.15"
"4.3.2.1. 수입물가지수(기본분류)","        기타일반목적용기계","원화기준","2020=100","5.5","원자료","101.49","95.08","89.99","94.43","124.83","117.86","113.05","122.10","117.75","114.66","110.36","97.02","88.25","87.61","108.08","132.91","126.72","129.00","125.71","113.60","107.51","106.78","111.52","100.48","93.04","98.69","100.00","95.93","94.06","95.47","98.71","107.75"
"4.3.2.1. 수입물가지수(기본분류)","        기타일반목적용기계","계약통화기준","2020=100","5.5","원자료","138.39","133.34","130.90","127.87","126.69","126.66","127.18","124.97","125.38","125.01","122.20","120.97","119.96","120.78","115.71","113.60","113.65","112.56","110.02","111.01","111.63","111.49","111.44","105.82","100.79","101.15","100.00","97.18","92.85","91.32","90.42","90.67"
"4.3.2.1. 수입물가지수(기본분류)","        기타일반목적용기계","달러기준","2020=100","5.5","원자료","156.51","149.23","136.56","125.26","119.85","119.20","118.00","111.59","111.04","113.52","113.57","111.76","108.99","111.20","115.52","122.87","129.27","137.36","131.65","122.46","120.55","111.43","113.41","104.75","99.78","99.93","100.00","99.02","86.19","86.27","85.43","89.40"
"4.3.2.1. 수입물가지수(기본분류)","          기타일반목적용기계","원화기준","2020=100","5.5","원자료","103.35","96.30","91.43","95.56","127.09","120.06","114.74","126.82","121.58","117.65","112.60","99.03","90.84","90.70","110.78","135.82","129.58","133.47","129.33","116.26","109.23","106.82","111.52","100.47","93.03","98.69","100.00","95.93","94.06","95.47","98.71","107.75"
"4.3.2.1. 수입물가지수(기본분류)","          기타일반목적용기계","계약통화기준","2020=100","5.5","원자료","138.34","132.12","130.48","127.36","126.52","126.52","127.13","126.35","125.75","125.70","123.12","121.67","121.05","122.27","116.70","114.58","114.58","113.41","110.79","111.51","111.44","111.44","111.44","105.81","100.79","101.15","100.00","97.18","92.84","91.31","90.41","90.66"
"4.3.2.1. 수입물가지수(기본분류)","          기타일반목적용기계","달러기준","2020=100","5.5","원자료","163.21","154.38","141.77","129.27","124.06","121.80","119.74","115.89","114.61","116.47","115.86","114.05","112.16","115.12","118.43","125.55","132.17","142.12","135.44","125.32","122.49","111.48","113.41","104.75","99.78","99.93","100.00","99.02","86.20","86.28","85.44","89.42"
"4.3.2.1. 수입물가지수(기본분류)","      특수목적용기계","원화기준","2020=100","43.4","원자료","86.73","88.46","86.66","88.33","107.43","102.26","98.96","104.90","98.33","99.28","99.79","88.91","79.75","76.77","96.78","116.60","106.50","107.46","107.75","98.21","91.78","91.92","97.36","94.63","93.57","97.30","100.00","97.47","99.65","100.18","101.67","107.26"
"4.3.2.1. 수입물가지수(기본분류)","      특수목적용기계","계약통화기준","2020=100","43.4","원자료","113.77","114.24","114.37","113.30","112.11","112.24","111.50","111.41","108.86","108.54","107.42","107.20","106.36","104.47","102.66","102.77","101.37","101.90","101.55","100.73","100.08","100.22","100.44","100.12","99.83","99.67","100.00","99.92","100.60","101.12","100.93","100.74"
"4.3.2.1. 수입물가지수(기본분류)","      특수목적용기계","달러기준","2020=100","43.4","원자료","114.12","118.61","114.10","108.14","102.59","104.68","103.28","95.86","92.76","98.28","102.67","102.37","98.42","97.39","103.47","107.66","108.59","114.28","112.74","105.81","102.87","95.88","98.97","98.72","100.36","98.49","100.00","100.54","91.21","90.52","87.99","88.97"
"4.3.2.1. 수입물가지수(기본분류)","        금속가공용기계","원화기준","2020=100","2.2","원자료","92.94","91.68","91.68","91.68","91.68","91.68","91.72","104.74","101.56","96.69","93.04","82.68","75.32","75.90","99.22","126.75","110.78","114.52","118.75","105.57","93.74","90.88","98.41","92.87","91.52","94.22","100.00","97.54","100.18","103.09","104.18","109.11"
"4.3.2.1. 수입물가지수(기본분류)","        금속가공용기계","계약통화기준","2020=100","2.2","원자료","87.93","87.93","87.93","87.93","87.93","87.93","87.93","87.93","87.93","87.93","87.93","87.93","87.93","87.93","90.33","99.47","95.64","98.93","102.12","102.68","98.84","98.88","98.83","97.12","96.16","96.24","100.00","99.28","103.84","107.42","108.19","108.19"
"4.3.2.1. 수입물가지수(기본분류)","        금속가공용기계","달러기준","2020=100","2.2","원자료","95.85","95.85","95.85","95.85","95.85","95.85","95.85","95.85","95.85","95.85","95.85","95.36","93.13","96.45","105.95","117.14","113.18","121.81","124.23","113.63","105.01","94.73","100.00","96.81","98.13","95.32","100.00","100.60","91.69","93.10","90.12","90.48"
"4.3.2.1. 수입물가지수(기본분류)","          금속가공용기계","원화기준","2020=100","2.2","원자료","92.94","91.68","91.68","91.68","91.68","91.68","91.72","104.74","101.56","96.69","93.04","82.68","75.32","75.90","99.22","126.75","110.78","114.52","118.75","105.57","93.74","90.88","98.41","92.87","91.52","94.22","100.00","97.54","100.18","103.09","104.18","109.11"
"4.3.2.1. 수입물가지수(기본분류)","          금속가공용기계","계약통화기준","2020=100","2.2","원자료","87.93","87.93","87.93","87.93","87.93","87.93","87.93","87.93","87.93","87.93","87.93","87.93","87.93","87.93","90.33","99.47","95.64","98.93","102.12","102.68","98.84","98.88","98.83","97.12","96.16","96.24","100.00","99.28","103.84","107.42","108.19","108.19"
"4.3.2.1. 수입물가지수(기본분류)","          금속가공용기계","달러기준","2020=100","2.2","원자료","95.85","95.85","95.85","95.85","95.85","95.85","95.85","95.85","95.85","95.85","95.85","95.36","93.13","96.45","105.95","117.14","113.18","121.81","124.23","113.63","105.01","94.73","100.00","96.81","98.13","95.32","100.00","100.60","91.69","93.10","90.12","90.48"
"4.3.2.1. 수입물가지수(기본분류)","        반도체및디스플레이제조용기계","원화기준","2020=100","32.2","원자료","","","","","","","110.17","112.04","101.30","103.62","105.09","92.94","82.32","77.49","96.04","114.34","105.18","104.42","103.48","96.98","91.65","92.31","97.20","94.62","93.57","97.61","100.00","96.98","97.17","95.40","95.57","100.35"
"4.3.2.1. 수입물가지수(기본분류)","        반도체및디스플레이제조용기계","계약통화기준","2020=100","32.2","원자료","","","","","","","123.75","123.64","118.21","117.40","115.07","114.59","113.07","110.07","106.78","104.22","103.13","102.11","101.28","100.72","100.39","100.58","100.96","100.81","100.70","100.06","100.00","99.98","99.51","99.08","98.72","98.24"
"4.3.2.1. 수입물가지수(기본분류)","        반도체및디스플레이제조용기계","달러기준","2020=100","32.2","원자료","","","","","","","115.10","102.50","95.70","102.70","108.25","107.15","101.71","98.43","102.82","105.71","107.38","111.18","108.35","104.51","102.74","96.30","98.83","98.72","100.38","98.81","100.00","100.06","89.00","86.22","82.72","83.25"
"4.3.2.1. 수입물가지수(기본분류)","          반도체제조용기계","원화기준","2020=100","31.6","원자료","","","","","","","113.50","115.43","104.36","106.75","108.26","95.74","84.30","78.96","97.04","115.31","105.37","104.09","102.50","96.50","91.09","92.08","97.47","94.91","93.73","97.96","100.00","96.31","96.59","94.80","95.23","100.77"
"4.3.2.1. 수입물가지수(기본분류)","          반도체제조용기계","계약통화기준","2020=100","31.6","원자료","","","","","","","125.30","125.19","119.70","118.87","116.51","116.03","113.73","110.10","106.39","104.07","102.79","101.64","100.73","100.52","100.19","100.53","101.30","101.40","101.40","100.63","100.00","99.94","99.56","99.27","99.21","99.39"
"4.3.2.1. 수입물가지수(기본분류)","          반도체제조용기계","달러기준","2020=100","31.6","원자료","","","","","","","118.58","105.59","98.59","105.81","111.52","110.38","104.16","100.29","103.90","106.60","107.57","110.83","107.32","103.99","102.11","96.06","99.09","99.01","100.54","99.17","100.00","99.36","88.47","85.69","82.42","83.60"
"4.3.2.1. 수입물가지수(기본분류)","          디스플레이제조용기계","원화기준","2020=100","0.6","원자료","","","","","","","","","","","","79.47","72.97","70.81","91.98","110.68","105.51","108.57","112.03","100.37","96.12","93.29","94.44","92.62","91.77","93.01","100.00","98.77","96.59","95.26","91.13","81.39"
"4.3.2.1. 수입물가지수(기본분류)","          디스플레이제조용기계","계약통화기준","2020=100","0.6","원자료","","","","","","","","","","","","104.69","107.53","108.18","107.26","103.44","103.44","103.44","103.44","99.42","99.14","98.17","95.88","94.27","92.87","93.98","100.00","98.58","96.30","93.74","88.39","76.93"
"4.3.2.1. 수입물가지수(기본분류)","          디스플레이제조용기계","달러기준","2020=100","0.6","원자료","","","","","","","","","","","","91.49","90.05","89.82","98.29","102.26","107.56","115.48","117.21","108.10","107.69","97.31","95.96","96.59","98.42","94.10","100.00","101.87","88.43","86.05","78.92","67.50"
"4.3.2.1. 수입물가지수(기본분류)","        기타특수목적용기계","원화기준","2020=100","9","원자료","62.99","61.86","63.66","67.41","91.12","84.13","78.84","87.01","85.57","89.09","92.02","83.13","77.31","77.01","98.99","115.83","106.95","109.20","109.36","97.02","90.58","91.06","96.36","94.56","93.60","97.27","100.00","99.53","105.03","110.09","114.96","123.81"
"4.3.2.1. 수입물가지수(기본분류)","        기타특수목적용기계","계약통화기준","2020=100","9","원자료","99.58","101.61","104.87","104.11","104.10","103.02","102.18","101.97","101.97","101.97","101.97","101.98","102.53","102.58","101.26","101.03","101.00","102.39","100.94","99.34","99.34","99.45","99.51","99.51","99.24","99.80","100.00","99.99","101.61","103.33","103.33","103.75"
"4.3.2.1. 수입물가지수(기본분류)","        기타특수목적용기계","달러기준","2020=100","9","원자료","95.87","97.82","97.21","90.67","87.06","85.78","82.27","79.51","80.72","88.16","94.49","95.51","95.22","97.48","105.91","106.80","108.82","115.96","114.32","104.50","101.51","94.97","97.94","98.65","100.37","98.45","100.00","102.64","96.04","99.45","99.46","102.68"
"4.3.2.1. 수입물가지수(기본분류)","          산업용로봇","원화기준","2020=100","4.1","원자료","","","","","","","","","","","","81.52","76.20","73.92","94.36","113.77","106.59","109.12","109.23","96.73","90.52","92.97","98.88","95.29","92.07","97.84","100.00","97.61","112.51","119.39","124.67","132.38"
"4.3.2.1. 수입물가지수(기본분류)","          산업용로봇","계약통화기준","2020=100","4.1","원자료","","","","","","","","","","","","99.40","102.53","102.82","102.82","101.49","101.33","103.26","100.99","98.72","98.72","98.72","98.72","98.72","98.01","99.45","100.00","99.95","104.39","109.03","109.03","110.10"
"4.3.2.1. 수입물가지수(기본분류)","          산업용로봇","달러기준","2020=100","4.1","원자료","","","","","","","","","","","","93.65","93.84","93.56","100.54","104.77","108.41","115.84","114.19","104.24","101.49","97.01","100.55","99.41","98.74","99.07","100.00","100.70","102.73","107.90","107.91","109.84"
"4.3.2.1. 수입물가지수(기본분류)","          제지및인쇄기계","원화기준","2020=100","4.9","원자료","65.35","64.18","66.05","69.93","94.54","87.28","81.80","87.69","87.30","96.90","101.95","90.97","82.68","82.38","105.94","128.42","119.88","124.36","123.29","106.47","97.04","90.04","97.46","94.34","94.68","97.00","100.00","100.58","100.91","104.97","109.61","119.30"
"4.3.2.1. 수입물가지수(기본분류)","          제지및인쇄기계","계약통화기준","2020=100","4.9","원자료","99.33","101.36","104.60","103.84","103.83","102.76","101.93","101.55","101.55","101.55","101.55","101.55","101.55","101.55","98.69","98.69","98.69","98.69","98.85","99.34","99.34","99.78","100.00","100.00","100.00","100.00","100.00","100.00","100.00","100.00","100.00","100.00"
"4.3.2.1. 수입물가지수(기본분류)","          제지및인쇄기계","달러기준","2020=100","4.9","원자료","99.85","101.88","101.23","94.43","90.67","89.33","85.68","80.42","82.74","96.22","104.88","104.71","102.01","104.48","113.40","118.75","122.22","132.30","129.00","114.66","108.76","93.88","99.05","98.40","101.52","98.15","100.00","103.72","92.36","94.79","94.81","98.92"
"4.3.2.1. 수입물가지수(기본분류)","    운송장비","원화기준","2020=100","41","원자료","71.29","72.14","72.33","78.72","117.23","98.41","89.63","96.54","92.58","95.24","96.12","85.06","80.90","82.03","100.49","116.76","106.61","105.88","102.49","99.68","95.58","93.36","96.15","96.78","96.61","98.87","100.00","99.23","100.56","101.91","102.29","105.85"
"4.3.2.1. 수입물가지수(기본분류)","    운송장비","계약통화기준","2020=100","41","원자료","110.71","111.93","113.05","111.68","110.23","106.37","103.29","101.81","99.38","97.58","96.73","95.42","96.62","96.72","96.21","96.23","96.07","95.53","94.00","95.61","95.95","96.84","97.85","99.46","99.30","100.23","100.00","100.16","101.47","102.57","102.13","103.52"
"4.3.2.1. 수입물가지수(기본분류)","    운송장비","달러기준","2020=100","41","원자료","107.74","111.86","108.49","102.14","98.90","97.59","92.77","87.50","86.63","93.53","98.12","97.45","99.37","103.56","107.67","107.60","108.21","112.16","106.87","106.99","106.72","97.02","97.38","100.59","103.32","100.07","100.00","102.33","92.05","92.07","88.49","87.79"
"4.3.2.1. 수입물가지수(기본분류)","      자동차및부품","원화기준","2020=100","39.4","원자료","71.29","72.14","72.33","78.72","117.23","98.41","89.63","96.54","92.58","95.24","96.12","85.06","80.90","82.03","100.49","116.76","106.61","105.88","102.49","99.68","95.58","93.36","96.15","96.78","96.61","98.87","100.00","99.21","100.40","101.52","101.67","105.28"
"4.3.2.1. 수입물가지수(기본분류)","      자동차및부품","계약통화기준","2020=100","39.4","원자료","110.71","111.93","113.05","111.68","110.23","106.37","103.29","101.81","99.38","97.58","96.73","95.42","96.62","96.72","96.21","96.23","96.07","95.53","94.00","95.61","95.95","96.84","97.85","99.46","99.30","100.23","100.00","100.18","101.52","102.40","101.79","103.21"
"4.3.2.1. 수입물가지수(기본분류)","      자동차및부품","달러기준","2020=100","39.4","원자료","107.74","111.86","108.49","102.14","98.90","97.59","92.77","87.50","86.63","93.53","98.12","97.45","99.37","103.56","107.67","107.60","108.21","112.16","106.87","106.99","106.72","97.02","97.38","100.59","103.32","100.07","100.00","102.31","91.90","91.73","87.98","87.33"
"4.3.2.1. 수입물가지수(기본분류)","        자동차","원화기준","2020=100","26.1","원자료","53.61","53.60","53.34","58.78","94.05","83.62","81.03","95.74","95.59","98.33","98.45","95.39","94.62","93.44","98.42","101.31","98.60","96.76","94.50","93.38","92.43","94.08","96.27","97.40","97.15","99.35","100.00","99.11","98.81","98.70","98.11","100.11"
"4.3.2.1. 수입물가지수(기본분류)","        자동차","계약통화기준","2020=100","26.1","원자료","88.66","90.40","87.43","85.74","86.42","86.43","89.02","93.11","94.80","95.52","94.07","94.44","96.60","95.55","94.96","96.66","95.69","93.99","93.12","92.42","93.46","95.82","97.23","98.92","98.90","100.00","100.00","100.12","99.78","99.67","99.07","101.09"
"4.3.2.1. 수입물가지수(기본분류)","        자동차","달러기준","2020=100","26.1","원자료","88.54","92.10","88.16","83.92","83.73","83.63","84.47","87.39","90.11","97.26","101.29","109.76","116.75","118.48","107.32","93.97","100.53","102.98","98.89","100.58","103.56","98.13","97.85","101.60","104.16","100.56","100.00","102.22","90.45","89.18","84.89","83.05"
"4.3.2.1. 수입물가지수(기본분류)","          승용차","원화기준","2020=100","25","원자료","53.19","56.04","56.38","59.19","96.73","84.73","78.53","94.72","95.16","99.68","99.85","95.99","95.25","93.88","99.39","102.58","99.38","97.15","94.56","93.32","92.29","93.98","96.27","97.53","97.18","99.26","100.00","99.00","98.44","97.98","97.10","99.02"
"4.3.2.1. 수입물가지수(기본분류)","          승용차","계약통화기준","2020=100","25","원자료","92.12","94.14","92.83","89.14","88.77","88.84","89.18","95.86","97.44","97.33","94.90","95.37","97.84","96.56","95.63","97.46","96.29","94.21","93.14","92.34","93.45","95.90","97.38","99.20","99.07","99.96","100.00","100.08","99.49","99.04","98.14","100.08"
"4.3.2.1. 수입물가지수(기본분류)","          승용차","달러기준","2020=100","25","원자료","90.78","99.62","96.40","87.46","85.30","85.14","81.88","86.47","89.72","98.59","102.73","110.47","117.54","119.04","108.38","95.16","101.33","103.39","98.97","100.52","103.41","98.03","97.87","101.74","104.19","100.47","100.00","102.11","90.12","88.56","84.04","82.16"
"4.3.2.1. 수입물가지수(기본분류)","          트럭","원화기준","2020=100","1.1","원자료","49.20","48.15","47.30","55.09","86.08","77.82","78.98","90.40","89.40","89.26","89.30","87.64","86.76","86.84","88.27","89.24","89.65","92.47","94.28","94.83","94.94","95.92","95.93","94.63","96.87","100.57","100.00","100.80","106.49","116.42","124.65","129.34"
"4.3.2.1. 수입물가지수(기본분류)","          트럭","계약통화기준","2020=100","1.1","원자료","78.59","80.07","75.68","76.08","77.75","77.71","82.34","82.53","84.25","86.09","86.09","86.28","86.57","86.97","88.37","89.27","89.59","92.40","94.20","94.76","94.87","95.50","95.34","94.62","96.86","100.57","100.00","100.80","106.50","116.43","124.66","129.35"
"4.3.2.1. 수입물가지수(기본분류)","          트럭","달러기준","2020=100","1.1","원자료","78.60","80.08","75.69","76.09","77.76","77.72","82.35","82.54","84.26","88.31","91.89","100.87","107.06","110.13","96.34","82.73","91.44","98.42","98.67","102.13","106.37","100.05","97.47","98.70","103.84","101.77","100.00","103.90","97.44","105.10","107.79","107.27"
"4.3.2.1. 수입물가지수(기본분류)","        자동차부품","원화기준","2020=100","13.3","원자료","76.14","77.35","77.68","84.34","123.88","102.76","92.30","98.48","94.02","96.72","97.71","85.55","80.42","82.15","104.54","124.65","112.33","112.32","108.09","104.08","97.83","92.17","95.68","95.64","95.65","98.01","100.00","99.57","103.83","108.00","109.90","117.34"
"4.3.2.1. 수입물가지수(기본분류)","        자동차부품","계약통화기준","2020=100","13.3","원자료","116.60","117.50","119.60","118.31","116.34","111.56","107.11","104.94","101.98","99.86","99.05","97.52","98.46","98.89","98.41","97.95","98.01","98.14","96.19","99.27","99.14","98.67","99.19","100.49","100.08","100.67","100.00","100.32","105.11","108.49","107.84","107.84"
"4.3.2.1. 수입물가지수(기본분류)","        자동차부품","달러기준","2020=100","13.3","원자료","112.41","116.64","113.39","106.55","102.58","101.00","94.86","88.63","87.35","94.31","99.03","97.34","98.09","103.00","110.91","114.05","113.24","118.16","112.01","111.01","108.54","95.17","96.27","98.76","101.81","99.20","100.00","102.67","95.04","97.55","95.08","97.30"
"4.3.2.1. 수입물가지수(기본분류)","          자동차용엔진","원화기준","2020=100","3.5","원자료","65.18","68.24","65.54","70.35","103.17","87.91","79.38","86.43","85.34","94.34","99.33","88.52","84.55","90.03","112.57","123.40","112.05","111.90","103.89","104.86","98.89","92.99","96.82","95.93","93.95","98.03","100.00","98.44","101.18","104.54","110.04","119.28"
"4.3.2.1. 수입물가지수(기본분류)","          자동차용엔진","계약통화기준","2020=100","3.5","원자료","107.52","105.95","104.91","104.70","101.73","101.95","101.24","99.65","98.79","98.05","97.75","96.48","98.11","98.00","98.69","98.18","98.12","97.89","92.58","99.87","99.96","99.98","100.35","100.86","99.63","100.94","100.00","100.05","102.56","105.09","108.26","109.40"
"4.3.2.1. 수입물가지수(기본분류)","          자동차용엔진","달러기준","2020=100","3.5","원자료","91.02","99.30","91.82","85.28","82.01","82.90","78.26","74.61","76.10","88.24","96.66","97.58","99.95","109.37","116.80","109.59","109.47","114.13","104.66","108.73","106.68","93.35","94.73","96.32","97.95","99.21","100.00","101.54","92.60","94.43","95.21","98.93"
"4.3.2.1. 수입물가지수(기본분류)","          자동차부분품","원화기준","2020=100","9.8","원자료","79.63","79.66","82.35","90.06","132.40","107.99","96.68","102.62","97.10","97.88","97.64","85.02","79.69","80.79","103.15","124.81","112.34","112.41","110.99","103.39","96.93","91.44","94.68","95.33","96.24","98.01","100.00","99.97","104.72","109.14","109.94","116.87"
"4.3.2.1. 수입물가지수(기본분류)","          자동차부분품","계약통화기준","2020=100","9.8","원자료","120.71","123.09","127.60","125.49","124.35","115.78","108.54","106.22","102.69","100.19","99.26","97.66","98.47","99.00","98.31","97.86","97.95","98.33","98.85","98.90","98.59","97.65","98.30","100.24","100.23","100.56","100.00","100.42","105.96","109.59","107.78","107.43"
"4.3.2.1. 수입물가지수(기본분류)","          자동차부분품","달러기준","2020=100","9.8","원자료","120.42","121.52","122.05","115.51","111.29","107.78","100.91","93.79","91.60","96.92","100.47","97.93","98.40","102.54","110.59","115.57","114.63","119.70","116.16","111.38","108.62","95.36","96.20","99.43","103.21","99.18","100.00","103.08","95.87","98.56","95.11","96.90"
"4.3.2.1. 수입물가지수(기본분류)","      기타운송장비","원화기준","2020.12=100","1.6","원자료","","","","","","","","","","","","","","","","","","","","","","","","","","","","101.29","105.92","112.35","117.81","120.81"
"4.3.2.1. 수입물가지수(기본분류)","      기타운송장비","계약통화기준","2020.12=100","1.6","원자료","","","","","","","","","","","","","","","","","","","","","","","","","","","","99.84","100.28","105.96","109.50","110.73"
"4.3.2.1. 수입물가지수(기본분류)","      기타운송장비","달러기준","2020.12=100","1.6","원자료","","","","","","","","","","","","","","","","","","","","","","","","","","","","97.02","89.96","94.26","94.65","93.06"
"4.3.2.1. 수입물가지수(기본분류)","        기타운송장비","원화기준","2020.12=100","1.6","원자료","","","","","","","","","","","","","","","","","","","","","","","","","","","","101.29","105.92","112.35","117.81","120.81"
"4.3.2.1. 수입물가지수(기본분류)","        기타운송장비","계약통화기준","2020.12=100","1.6","원자료","","","","","","","","","","","","","","","","","","","","","","","","","","","","99.84","100.28","105.96","109.50","110.73"
"4.3.2.1. 수입물가지수(기본분류)","        기타운송장비","달러기준","2020.12=100","1.6","원자료","","","","","","","","","","","","","","","","","","","","","","","","","","","","97.02","89.96","94.26","94.65","93.06"
"4.3.2.1. 수입물가지수(기본분류)","          모터사이클","원화기준","2020.12=100","1.6","원자료","","","","","","","","","","","","","","","","","","","","","","","","","","","","101.29","105.92","112.35","117.81","120.81"
"4.3.2.1. 수입물가지수(기본분류)","          모터사이클","계약통화기준","2020.12=100","1.6","원자료","","","","","","","","","","","","","","","","","","","","","","","","","","","","99.84","100.28","105.96","109.50","110.73"
"4.3.2.1. 수입물가지수(기본분류)","          모터사이클","달러기준","2020.12=100","1.6","원자료","","","","","","","","","","","","","","","","","","","","","","","","","","","","97.02","89.96","94.26","94.65","93.06"
"4.3.2.1. 수입물가지수(기본분류)","    기타제조업제품","원화기준","2020=100","12.4","원자료","72.93","74.88","76.29","87.18","101.93","92.18","85.97","94.91","93.82","91.66","94.99","88.63","87.01","87.90","99.83","106.96","99.09","96.45","93.83","89.67","87.62","89.09","92.81","92.81","91.22","97.01","100.00","98.65","107.04","109.95","114.21","118.55"
"4.3.2.1. 수입물가지수(기본분류)","    기타제조업제품","계약통화기준","2020=100","12.4","원자료","86.96","91.33","89.68","89.74","88.14","88.14","87.90","85.84","87.60","88.01","92.90","93.79","96.59","99.12","102.24","98.81","96.70","95.60","94.28","91.36","92.31","92.53","94.30","95.48","94.81","98.24","100.00","100.10","105.56","108.69","110.49","110.13"
"4.3.2.1. 수입물가지수(기본분류)","    기타제조업제품","달러기준","2020=100","12.4","원자료","87.56","93.80","91.91","92.87","90.35","90.98","89.57","86.59","88.36","90.61","97.62","101.93","107.28","111.39","107.71","98.94","100.96","102.57","98.21","96.61","98.18","92.93","94.35","96.83","97.83","98.19","100.00","101.73","97.90","99.33","98.83","98.33"
"4.3.2.1. 수입물가지수(기본분류)","      기타제조업제품","원화기준","2020=100","12.4","원자료","","83.94","83.91","94.18","99.41","92.59","87.71","97.45","95.23","91.17","94.15","88.63","87.01","87.90","99.83","106.96","99.09","96.45","93.83","89.67","87.62","89.09","92.81","92.81","91.22","97.01","100.00","98.65","107.04","109.95","114.21","118.55"
"4.3.2.1. 수입물가지수(기본분류)","      기타제조업제품","계약통화기준","2020=100","12.4","원자료","","93.47","89.92","90.01","89.73","89.73","89.73","87.31","88.01","87.52","92.93","93.79","96.59","99.12","102.24","98.81","96.70","95.60","94.28","91.36","92.31","92.53","94.30","95.48","94.81","98.24","100.00","100.10","105.56","108.69","110.49","110.13"
"4.3.2.1. 수입물가지수(기본분류)","      기타제조업제품","달러기준","2020=100","12.4","원자료","","95.19","91.58","91.67","91.38","91.38","91.38","88.91","89.63","90.13","96.76","101.93","107.28","111.39","107.71","98.94","100.96","102.57","98.21","96.61","98.18","92.93","94.35","96.83","97.83","98.19","100.00","101.73","97.90","99.33","98.83","98.33"
"4.3.2.1. 수입물가지수(기본분류)","        가구","원화기준","2020=100","5.4","원자료","","","","","","","63.30","72.28","72.28","67.36","79.20","72.71","69.08","71.32","90.87","99.12","93.39","91.77","90.92","92.26","89.78","89.58","91.64","90.57","90.16","96.45","100.00","99.34","114.10","118.19","132.29","145.70"
"4.3.2.1. 수입물가지수(기본분류)","        가구","계약통화기준","2020=100","5.4","원자료","","","","","","","60.28","60.28","62.24","60.87","75.91","78.31","79.77","84.64","91.16","85.17","89.70","89.55","91.13","93.64","94.51","94.32","94.15","94.78","95.15","98.41","100.00","100.87","108.40","111.77","119.81","125.57"
"4.3.2.1. 수입물가지수(기본분류)","        가구","달러기준","2020=100","5.4","원자료","","","","","","","66.07","66.07","68.21","66.71","81.53","83.76","85.32","90.53","97.50","91.74","95.30","97.75","95.21","99.42","100.62","93.46","93.16","94.52","96.71","97.61","100.00","102.47","104.34","106.78","114.45","120.84"
"4.3.2.1. 수입물가지수(기본분류)","          기타가구","원화기준","2020=100","5.4","원자료","","","","","","","63.30","72.28","72.28","67.36","79.20","72.71","69.08","71.32","90.87","99.12","93.39","91.77","90.92","92.26","89.78","89.58","91.64","90.57","90.16","96.45","100.00","99.34","114.10","118.19","132.29","145.70"
"4.3.2.1. 수입물가지수(기본분류)","          기타가구","계약통화기준","2020=100","5.4","원자료","","","","","","","60.28","60.28","62.24","60.87","75.91","78.31","79.77","84.64","91.16","85.17","89.70","89.55","91.13","93.64","94.51","94.32","94.15","94.78","95.15","98.41","100.00","100.87","108.40","111.77","119.81","125.57"
"4.3.2.1. 수입물가지수(기본분류)","          기타가구","달러기준","2020=100","5.4","원자료","","","","","","","66.07","66.07","68.21","66.71","81.53","83.76","85.32","90.53","97.50","91.74","95.30","97.75","95.21","99.42","100.62","93.46","93.16","94.52","96.71","97.61","100.00","102.47","104.34","106.78","114.45","120.84"
"4.3.2.1. 수입물가지수(기본분류)","        기타제조업제품","원화기준","2020=100","7","원자료","","103.93","103.90","116.61","123.09","114.64","108.60","119.59","115.95","112.03","110.41","104.95","105.23","104.84","109.57","115.71","105.70","101.76","97.34","85.93","84.59","88.05","93.51","94.60","91.97","97.38","100.00","98.22","102.12","104.14","101.39","99.82"
"4.3.2.1. 수입물가지수(기본분류)","        기타제조업제품","계약통화기준","2020=100","7","원자료","","119.87","115.32","115.43","115.07","115.07","115.07","110.97","110.97","110.97","110.97","110.97","115.10","115.48","115.48","114.37","105.94","103.43","98.85","88.73","89.89","90.56","94.35","96.11","94.55","98.10","100.00","99.59","103.46","106.34","103.28","98.60"
"4.3.2.1. 수입물가지수(기본분류)","        기타제조업제품","달러기준","2020=100","7","원자료","","117.64","113.17","113.28","112.93","112.93","112.93","108.90","108.90","110.53","113.26","120.46","129.52","132.61","118.69","106.94","107.50","108.03","101.84","92.58","94.79","91.85","95.07","98.69","98.61","98.58","100.00","101.28","93.43","94.10","87.77","82.80"
"4.3.2.1. 수입물가지수(기본분류)","          장난감및오락용품","원화기준","2020=100","3","원자료","","","","","","","","","","","","","","","","","90.37","86.88","90.76","88.00","82.47","89.87","92.57","91.13","88.52","95.11","100.00","97.83","98.49","95.60","88.00","83.48"
"4.3.2.1. 수입물가지수(기본분류)","          장난감및오락용품","계약통화기준","2020=100","3","원자료","","","","","","","","","","","","","","","","","91.68","92.00","95.09","94.86","92.48","93.80","94.15","94.15","93.48","96.35","100.00","100.28","100.87","99.54","91.55","83.83"
"4.3.2.1. 수입물가지수(기본분류)","          장난감및오락용품","달러기준","2020=100","3","원자료","","","","","","","","","","","","","","","","","91.65","91.97","95.06","94.83","92.45","93.77","94.12","95.10","94.96","96.26","100.00","100.88","90.24","86.41","76.26","69.29"
"4.3.2.1. 수입물가지수(기본분류)","          운동및경기용품","원화기준","2020=100","4","원자료","","123.87","123.83","138.99","146.71","136.64","129.44","142.53","138.21","133.52","131.59","125.09","125.43","124.96","130.60","137.91","125.98","121.41","105.78","83.82","87.38","86.44","94.31","98.27","95.70","99.79","100.00","98.83","105.89","113.12","115.09","116.61"
"4.3.2.1. 수입물가지수(기본분류)","          운동및경기용품","계약통화기준","2020=100","4","원자료","","141.93","136.54","136.68","136.26","136.26","136.26","131.39","131.39","131.39","131.39","131.39","136.29","136.74","136.74","135.41","125.43","119.41","104.56","82.70","87.68","87.68","94.68","98.27","95.71","99.79","100.00","98.84","105.89","113.13","114.60","112.88"
"4.3.2.1. 수입물가지수(기본분류)","          운동및경기용품","달러기준","2020=100","4","원자료","","140.57","135.23","135.36","134.94","134.94","134.94","130.13","130.13","132.08","135.34","143.95","154.77","158.46","141.83","127.79","128.45","129.23","110.54","90.29","97.89","90.15","95.88","102.49","102.55","101.02","100.00","101.91","96.75","102.19","99.55","96.67"